date,season,h_goals,a_goals,team_h,team_a,h_xg,a_xg,h_w,h_d,h_l,h_shot,a_shot,h_shotOnTarget,a_shotOnTarget,h_deep,a_deep,a_ppda,h_ppda,annee,mois,result,h_points,a_points,total_goals,goal_diff,total_xg,xg_diff,h_shot_ratio,a_shot_ratio
2015-08-08 15:45:00,2015,1,0,Manchester United,Tottenham,0.627539,0.6746,0.2859,0.3905,0.3236,9,9,1,4,4,10,8.2188,13.8261,2015,8,V,3,0,1,1,1.302139,-0.04706100000000002,0.111,0.444
2015-08-08 18:00:00,2015,0,1,Bournemouth,Aston Villa,0.876106,0.782253,0.3435,0.3607,0.2958,11,7,2,3,11,2,11.8462,6.9,2015,8,D,0,3,1,-1,1.658359,0.09385300000000008,0.182,0.429
2015-08-08 18:00:00,2015,2,2,Everton,Watford,0.604226,0.557892,0.2988,0.4337,0.2675,10,11,5,5,5,4,17.1579,6.65,2015,8,N,1,1,4,0,1.162118,0.046333999999999986,0.5,0.455
2015-08-08 18:00:00,2015,4,2,Leicester,Sunderland,2.56803,1.45946,0.6422,0.2057,0.1521,19,11,8,5,5,6,9.5556,10.88,2015,8,V,3,0,6,2,4.02749,1.1085699999999998,0.421,0.455
2015-08-08 18:00:00,2015,1,3,Norwich,Crystal Palace,1.13076,2.10975,0.1461,0.2159,0.638,17,11,6,7,5,10,10.625,5.7368,2015,8,D,0,3,4,-2,3.24051,-0.97899,0.353,0.636
2015-08-08 20:30:00,2015,2,2,Chelsea,Swansea,0.64396,2.59203,0.0304,0.0924,0.8772,11,17,3,10,10,5,8.8333,10.3636,2015,8,N,1,1,4,0,3.2359899999999997,-1.94807,0.273,0.588
2015-08-09 16:30:00,2015,2,2,Newcastle United,Southampton,1.54613,1.2529,0.4386,0.3165,0.2449,9,14,4,4,3,5,7.0,12.7222,2015,8,N,1,1,4,0,2.79903,0.2932300000000001,0.444,0.286
2015-08-09 16:30:00,2015,0,2,Arsenal,West Ham,1.33166,0.535961,0.5751,0.2826,0.1423,22,8,6,4,11,0,12.4545,8.1667,2015,8,D,0,3,2,-2,1.8676210000000002,0.795699,0.273,0.5
2015-08-09 19:00:00,2015,0,1,Stoke,Liverpool,0.381274,0.329873,0.2482,0.5454,0.2064,7,8,1,3,2,5,9.3462,11.913,2015,8,D,0,3,1,-1,0.711147,0.051400999999999974,0.143,0.375
2015-08-10 23:00:00,2015,0,3,West Bromwich Albion,Manchester City,0.435238,1.9242,0.0615,0.1698,0.7687,9,20,2,7,4,8,8.087,23.2941,2015,8,D,0,3,3,-3,2.359438,-1.488962,0.222,0.35
2015-08-14 22:45:00,2015,0,1,Aston Villa,Manchester United,0.219118,0.660404,0.1056,0.4653,0.4291,5,9,1,2,3,5,9.5,10.0333,2015,8,D,0,3,1,-1,0.879522,-0.44128599999999996,0.2,0.222
2015-08-15 15:45:00,2015,0,3,Southampton,Everton,1.06214,1.39628,0.2536,0.2845,0.4619,17,10,4,4,10,5,15.8125,8.8261,2015,8,D,0,3,3,-3,2.4584200000000003,-0.3341399999999999,0.235,0.4
2015-08-15 18:00:00,2015,1,3,Sunderland,Norwich,0.329128,1.71686,0.051,0.1845,0.7645,6,18,2,6,2,6,10.6667,10.1818,2015,8,D,0,3,4,-2,2.045988,-1.3877320000000002,0.333,0.333
2015-08-15 18:00:00,2015,2,0,Swansea,Newcastle United,1.97424,0.113109,0.9165,0.0772,0.0063,19,4,6,2,4,0,27.855400000000003,6.2353,2015,8,V,3,0,2,2,2.087349,1.861131,0.316,0.5
2015-08-15 18:00:00,2015,2,2,Tottenham,Stoke,1.70614,2.80956,0.1614,0.1925,0.6461,13,15,7,7,1,5,11.6071,10.125,2015,8,N,1,1,4,0,4.5157,-1.1034199999999998,0.538,0.467
2015-08-15 18:00:00,2015,0,0,Watford,West Bromwich Albion,0.760848,0.684036,0.3286,0.3819,0.2895,16,6,5,0,3,4,11.5,5.9524,2015,8,N,1,1,0,0,1.444884,0.07681199999999999,0.312,0.0
2015-08-15 18:00:00,2015,1,2,West Ham,Leicester,0.513491,1.80939,0.0482,0.171,0.7808,10,10,3,5,10,5,15.0455,6.375,2015,8,D,0,3,3,-1,2.322881,-1.295899,0.3,0.5
2015-08-16 16:30:00,2015,1,2,Crystal Palace,Arsenal,0.964134,2.05542,0.1303,0.2113,0.6584,11,20,4,7,5,15,6.9655,11.7083,2015,8,D,0,3,3,-1,3.019554,-1.0912859999999998,0.364,0.35
2015-08-16 19:00:00,2015,3,0,Manchester City,Chelsea,2.18579,0.482423,0.8142,0.1391,0.0467,18,10,8,3,15,6,6.6207,5.7273,2015,8,V,3,0,3,3,2.6682129999999997,1.7033669999999999,0.444,0.3
2015-08-17 23:00:00,2015,1,0,Liverpool,Bournemouth,2.15062,0.460805,0.8133,0.1411,0.0456,18,13,2,2,9,6,10.0,6.4138,2015,8,V,3,0,1,1,2.611425,1.6898149999999998,0.111,0.154
2015-08-22 15:45:00,2015,0,0,Manchester United,Newcastle United,1.2491,0.4384,0.5889,0.292,0.1191,20,7,8,0,12,1,18.4375,4.7097,2015,8,N,1,1,0,0,1.6875,0.8107000000000001,0.4,0.0
2015-08-22 18:00:00,2015,1,1,Norwich,Stoke,3.14888,0.698228,0.9013,0.074,0.0247,20,6,7,1,4,2,10.9286,9.6333,2015,8,N,1,1,2,0,3.847108,2.4506520000000003,0.35,0.167
2015-08-22 18:00:00,2015,1,1,Sunderland,Swansea,0.569426,1.56064,0.1219,0.2431,0.635,10,20,2,9,2,4,8.5789,10.1034,2015,8,N,1,1,2,0,2.1300660000000002,-0.991214,0.2,0.45
2015-08-22 18:00:00,2015,2,1,Crystal Palace,Aston Villa,1.23807,0.765278,0.4747,0.3079,0.2174,16,11,6,2,9,6,8.4762,8.1667,2015,8,V,3,0,3,1,2.003348,0.472792,0.375,0.182
2015-08-22 18:00:00,2015,1,1,Leicester,Tottenham,0.829012,1.89437,0.1213,0.2191,0.6596,13,19,2,6,5,5,4.9474,15.5789,2015,8,N,1,1,2,0,2.723382,-1.0653580000000002,0.154,0.316
2015-08-22 18:00:00,2015,3,4,West Ham,Bournemouth,1.50203,2.8554,0.1041,0.1757,0.7202,10,15,4,7,3,7,10.7222,9.9091,2015,8,D,0,3,7,-1,4.35743,-1.35337,0.4,0.467
2015-08-23 16:30:00,2015,2,3,West Bromwich Albion,Chelsea,1.42622,2.02778,0.2216,0.2612,0.5172,15,15,6,5,4,8,17.5,14.8235,2015,8,D,0,3,5,-1,3.4539999999999997,-0.6015599999999999,0.4,0.333
2015-08-23 19:00:00,2015,0,2,Everton,Manchester City,0.579338,1.57983,0.1063,0.2405,0.6532,10,16,1,9,3,9,9.36,19.25,2015,8,D,0,3,2,-2,2.159168,-1.000492,0.1,0.562
2015-08-23 19:00:00,2015,0,0,Watford,Southampton,1.17588,0.68359,0.5229,0.3118,0.1653,13,14,0,5,2,2,7.4074,9.0455,2015,8,N,1,1,0,0,1.85947,0.49229,0.0,0.357
2015-08-24 23:00:00,2015,0,0,Arsenal,Liverpool,1.83755,1.29206,0.5114,0.2628,0.2258,19,15,5,8,14,9,10.4286,5.6154,2015,8,N,1,1,0,0,3.12961,0.54549,0.263,0.533
2015-08-29 15:45:00,2015,0,1,Newcastle United,Arsenal,0.0319694,2.33948,0.002,0.0632,0.9348,1,22,0,9,0,15,5.5357,21.8235,2015,8,D,0,3,1,-1,2.3714494,-2.3075106,0.0,0.409
2015-08-29 18:00:00,2015,0,1,Stoke,West Bromwich Albion,1.21771,0.881194,0.4729,0.3248,0.2023,13,15,5,5,2,8,8.9677,23.8889,2015,8,D,0,3,1,-1,2.098904,0.33651600000000004,0.385,0.333
2015-08-29 18:00:00,2015,2,2,Aston Villa,Sunderland,2.27406,0.368848,0.8747,0.1005,0.0248,21,7,6,3,12,3,7.35,8.6364,2015,8,N,1,1,4,0,2.642908,1.905212,0.286,0.429
2015-08-29 18:00:00,2015,1,1,Bournemouth,Leicester,0.321432,0.919097,0.0747,0.3278,0.5975,5,4,2,2,4,6,5.1667,7.05,2015,8,N,1,1,2,0,1.240529,-0.5976650000000001,0.4,0.5
2015-08-29 18:00:00,2015,1,2,Chelsea,Crystal Palace,1.27906,2.19283,0.1779,0.217,0.6051,26,13,9,5,10,8,18.5,8.2,2015,8,D,0,3,3,-1,3.47189,-0.9137699999999997,0.346,0.385
2015-08-29 18:00:00,2015,0,3,Liverpool,West Ham,0.561737,0.97217,0.1978,0.3352,0.467,13,12,1,5,12,1,12.0909,5.9655,2015,8,D,0,3,3,-3,1.5339070000000001,-0.41043299999999994,0.077,0.417
2015-08-29 18:00:00,2015,2,0,Manchester City,Watford,1.52895,0.363603,0.7074,0.2257,0.0669,18,7,5,0,9,1,20.4444,10.1429,2015,8,V,3,0,2,2,1.892553,1.1653470000000001,0.278,0.0
2015-08-29 20:30:00,2015,0,0,Tottenham,Everton,1.99917,0.694692,0.7143,0.1943,0.0914,20,8,6,3,11,6,18.5385,7.4375,2015,8,N,1,1,0,0,2.6938619999999998,1.304478,0.3,0.375
2015-08-30 16:30:00,2015,3,0,Southampton,Norwich,2.85501,0.639434,0.9129,0.0777,0.0094,23,6,8,1,2,2,25.5833,10.3333,2015,8,V,3,0,3,3,3.494444,2.215576,0.348,0.167
2015-08-30 19:00:00,2015,2,1,Swansea,Manchester United,0.971183,1.28089,0.2526,0.3113,0.4361,9,11,4,4,3,9,6.8966,15.1739,2015,8,V,3,0,3,1,2.252073,-0.30970700000000007,0.444,0.364
2015-09-12 15:45:00,2015,3,1,Everton,Chelsea,1.18026,0.656048,0.5186,0.2999,0.1815,14,15,9,2,4,7,7.6154,15.0476,2015,9,V,3,0,4,2,1.836308,0.5242120000000001,0.643,0.133
2015-09-12 18:00:00,2015,2,0,Arsenal,Stoke,4.42684,0.191277,0.9918,0.0075,0.0007,29,8,12,3,20,2,15.9048,6.76,2015,9,V,3,0,2,2,4.618117000000001,4.235563,0.414,0.375
2015-09-12 18:00:00,2015,0,1,Crystal Palace,Manchester City,0.743193,3.08883,0.0179,0.0647,0.9174,10,21,2,7,2,8,8.5833,8.625,2015,9,D,0,3,1,-1,3.8320230000000004,-2.345637,0.2,0.333
2015-09-12 18:00:00,2015,1,0,Watford,Swansea,1.57333,0.503008,0.684,0.2293,0.0867,17,8,6,3,3,8,6.7,11.2593,2015,9,V,3,0,1,1,2.076338,1.070322,0.353,0.375
2015-09-12 18:00:00,2015,0,0,West Bromwich Albion,Southampton,0.409143,1.00731,0.1387,0.3427,0.5186,8,15,1,4,5,7,8.5556,20.4118,2015,9,N,1,1,0,0,1.416453,-0.5981669999999999,0.125,0.267
2015-09-12 18:00:00,2015,3,1,Norwich,Bournemouth,1.33151,0.389495,0.6567,0.2549,0.0884,12,7,4,2,7,3,11.6316,9.9615,2015,9,V,3,0,4,2,1.721005,0.942015,0.333,0.286
2015-09-12 20:30:00,2015,3,1,Manchester United,Liverpool,1.46206,1.02572,0.4919,0.318,0.1901,9,8,3,4,4,5,14.4762,9.7778,2015,9,V,3,0,4,2,2.48778,0.43633999999999995,0.333,0.5
2015-09-13 16:30:00,2015,0,1,Sunderland,Tottenham,1.0407,1.45615,0.2401,0.2976,0.4623,12,15,2,4,4,12,5.1724,12.0556,2015,9,D,0,3,1,-1,2.4968500000000002,-0.4154500000000001,0.167,0.267
2015-09-13 19:00:00,2015,3,2,Leicester,Aston Villa,1.34987,0.953181,0.455,0.3004,0.2446,21,11,6,4,11,5,8.4091,7.1515,2015,9,V,3,0,5,1,2.303051,0.39668899999999996,0.286,0.364
2015-09-14 23:00:00,2015,2,0,West Ham,Newcastle United,1.71282,0.716599,0.6555,0.233,0.1115,17,14,3,4,4,4,8.2222,11.72,2015,9,V,3,0,2,2,2.429419,0.996221,0.176,0.286
2015-09-19 15:45:00,2015,2,0,Chelsea,Arsenal,2.0687,0.775312,0.7235,0.1909,0.0856,22,9,6,2,14,5,13.1818,6.0938,2015,9,V,3,0,2,2,2.844012,1.2933880000000002,0.273,0.222
2015-09-19 18:00:00,2015,1,2,Newcastle United,Watford,1.15114,1.33961,0.2928,0.3012,0.406,15,13,5,4,7,10,7.5946,9.4444,2015,9,D,0,3,3,-1,2.4907500000000002,-0.18846999999999992,0.333,0.308
2015-09-19 18:00:00,2015,0,1,Aston Villa,West Bromwich Albion,0.876719,0.632761,0.3959,0.3707,0.2334,13,11,3,6,5,2,8.4138,6.12,2015,9,D,0,3,1,-1,1.50948,0.243958,0.231,0.545
2015-09-19 18:00:00,2015,2,0,Bournemouth,Sunderland,0.644335,0.854867,0.2375,0.3629,0.3996,15,9,5,2,7,2,9.2692,8.5185,2015,9,V,3,0,2,2,1.499202,-0.21053200000000005,0.333,0.222
2015-09-19 18:00:00,2015,2,2,Stoke,Leicester,1.14717,1.22582,0.3009,0.3324,0.3667,11,12,4,5,2,3,6.0,6.9565,2015,9,N,1,1,4,0,2.3729899999999997,-0.07864999999999989,0.364,0.417
2015-09-19 18:00:00,2015,0,0,Swansea,Everton,0.864868,1.77458,0.1553,0.2346,0.6101,12,17,3,2,4,12,9.0,8.5769,2015,9,N,1,1,0,0,2.639448,-0.9097120000000001,0.25,0.118
2015-09-19 20:30:00,2015,1,2,Manchester City,West Ham,2.98465,0.995273,0.8408,0.1177,0.0415,27,6,8,3,15,3,23.7692,3.6667,2015,9,D,0,3,3,-1,3.979923,1.9893769999999997,0.296,0.5
2015-09-20 16:30:00,2015,1,0,Tottenham,Crystal Palace,1.01573,0.538439,0.4732,0.3412,0.1856,21,12,6,4,10,5,10.1739,5.1765,2015,9,V,3,0,1,1,1.554169,0.477291,0.286,0.333
2015-09-20 19:00:00,2015,2,3,Southampton,Manchester United,1.83663,1.65119,0.4195,0.2506,0.3299,15,10,8,3,7,4,12.2353,17.45,2015,9,D,0,3,5,-1,3.48782,0.18544000000000005,0.533,0.3
2015-09-20 19:00:00,2015,1,1,Liverpool,Norwich,1.90447,0.556271,0.7195,0.1996,0.0809,23,7,7,2,12,3,15.1905,8.8636,2015,9,N,1,1,2,0,2.460741,1.3481990000000001,0.304,0.286
2015-09-26 15:45:00,2015,4,1,Tottenham,Manchester City,2.30799,1.57842,0.5584,0.2208,0.2208,15,22,8,8,3,17,10.9,5.2895,2015,9,V,3,0,5,3,3.88641,0.7295700000000003,0.533,0.364
2015-09-26 18:00:00,2015,3,1,Southampton,Swansea,1.55418,1.41962,0.3655,0.3128,0.3217,17,11,6,4,10,4,11.1111,11.7037,2015,9,V,3,0,4,2,2.9737999999999998,0.1345599999999998,0.353,0.364
2015-09-26 18:00:00,2015,2,1,Stoke,Bournemouth,1.94483,0.871678,0.6734,0.2181,0.1085,8,12,5,6,3,8,9.95,10.4286,2015,9,V,3,0,3,1,2.816508,1.073152,0.625,0.5
2015-09-26 18:00:00,2015,2,5,Leicester,Arsenal,1.38516,3.89623,0.0518,0.0888,0.8594,16,27,7,12,8,17,6.7727,10.3333,2015,9,D,0,3,7,-3,5.28139,-2.51107,0.438,0.444
2015-09-26 18:00:00,2015,3,2,Liverpool,Aston Villa,1.78331,0.892054,0.5951,0.2444,0.1605,21,10,12,4,11,2,26.4167,7.4138,2015,9,V,3,0,5,1,2.675364,0.8912559999999999,0.571,0.4
2015-09-26 18:00:00,2015,3,0,Manchester United,Sunderland,2.8971,0.832139,0.8918,0.0905,0.0177,12,9,7,4,6,1,22.0,6.4286,2015,9,V,3,0,3,3,3.7292389999999997,2.0649610000000003,0.583,0.444
2015-09-26 18:00:00,2015,2,2,West Ham,Norwich,2.60407,1.38603,0.6699,0.1845,0.1456,19,16,7,7,9,3,6.7308,9.0,2015,9,N,1,1,4,0,3.9901,1.21804,0.368,0.438
2015-09-26 20:30:00,2015,2,2,Newcastle United,Chelsea,0.702109,1.30593,0.1859,0.291,0.5231,11,16,5,4,2,8,4.2,11.125,2015,9,N,1,1,4,0,2.008039,-0.603821,0.455,0.25
2015-09-27 19:00:00,2015,0,1,Watford,Crystal Palace,0.685939,2.33566,0.0569,0.1435,0.7996,15,16,2,3,9,2,8.7727,9.625,2015,9,D,0,3,1,-1,3.0215989999999997,-1.649721,0.133,0.188
2015-09-28 23:00:00,2015,2,3,West Bromwich Albion,Everton,1.27511,2.30159,0.1438,0.2157,0.6405,9,12,4,4,6,5,9.6,11.0,2015,9,D,0,3,5,-1,3.5766999999999998,-1.02648,0.444,0.333
2015-10-03 15:45:00,2015,2,0,Crystal Palace,West Bromwich Albion,1.99083,0.255528,0.8739,0.1063,0.0198,21,7,8,2,3,1,10.5238,4.2,2015,10,V,3,0,2,2,2.246358,1.7353020000000001,0.381,0.286
2015-10-03 18:00:00,2015,0,1,Aston Villa,Stoke,0.839028,1.03499,0.2754,0.3399,0.3847,13,12,2,5,7,3,8.3226,7.6333,2015,10,D,0,3,1,-1,1.874018,-0.19596200000000008,0.154,0.417
2015-10-03 18:00:00,2015,1,1,Bournemouth,Watford,1.50268,0.913291,0.5344,0.2944,0.1712,12,11,6,2,1,3,9.8846,11.9444,2015,10,N,1,1,2,0,2.415971,0.589389,0.5,0.182
2015-10-03 18:00:00,2015,6,1,Manchester City,Newcastle United,3.3346,0.980279,0.8752,0.0868,0.038,23,6,11,4,14,3,22.5455,5.4848,2015,10,V,3,0,7,5,4.314879,2.354321,0.478,0.667
2015-10-03 18:00:00,2015,1,2,Norwich,Leicester,1.18074,3.00282,0.0678,0.1304,0.8018,17,16,2,5,5,5,10.2174,11.5556,2015,10,D,0,3,3,-1,4.18356,-1.82208,0.118,0.312
2015-10-03 18:00:00,2015,2,2,Sunderland,West Ham,1.08401,1.93656,0.1641,0.2374,0.5985,12,20,3,6,3,7,9.381,13.0,2015,10,N,1,1,4,0,3.02057,-0.8525500000000001,0.25,0.3
2015-10-03 20:30:00,2015,1,3,Chelsea,Southampton,0.520175,1.58246,0.1026,0.2361,0.6613,10,13,3,5,5,5,14.2,8.7273,2015,10,D,0,3,4,-2,2.1026350000000003,-1.062285,0.3,0.385
2015-10-04 16:30:00,2015,1,1,Everton,Liverpool,1.20063,1.30844,0.326,0.2934,0.3806,14,13,4,4,4,12,6.2759,12.8235,2015,10,N,1,1,2,0,2.5090700000000004,-0.10780999999999996,0.286,0.308
2015-10-04 19:00:00,2015,2,2,Swansea,Tottenham,0.774806,1.18142,0.2346,0.3024,0.463,11,19,2,11,3,4,7.6774,13.8571,2015,10,N,1,1,4,0,1.956226,-0.4066139999999999,0.182,0.579
2015-10-04 19:00:00,2015,3,0,Arsenal,Manchester United,2.16952,1.03953,0.6748,0.2088,0.1164,12,9,5,5,12,6,5.775,21.5333,2015,10,V,3,0,3,3,3.20905,1.1299899999999998,0.417,0.556
2015-10-17 15:45:00,2015,0,0,Tottenham,Liverpool,0.586228,0.715892,0.2472,0.4004,0.3524,13,12,4,3,4,3,8.1852,5.6053,2015,10,N,1,1,0,0,1.30212,-0.129664,0.308,0.25
2015-10-17 18:00:00,2015,2,2,Southampton,Leicester,1.46668,2.78648,0.1307,0.1851,0.6842,13,27,6,7,5,8,6.625,9.0625,2015,10,N,1,1,4,0,4.25316,-1.3198,0.462,0.259
2015-10-17 18:00:00,2015,1,0,West Bromwich Albion,Sunderland,2.07781,0.658473,0.8061,0.1513,0.0426,9,9,2,2,2,5,9.1739,9.4211,2015,10,V,3,0,1,1,2.736283,1.419337,0.222,0.222
2015-10-17 18:00:00,2015,2,0,Chelsea,Aston Villa,1.22875,0.795846,0.4675,0.3206,0.2119,9,10,3,1,6,2,9.7619,5.4091,2015,10,V,3,0,2,2,2.024596,0.43290399999999996,0.333,0.1
2015-10-17 18:00:00,2015,1,3,Crystal Palace,West Ham,1.08391,2.76356,0.0623,0.1503,0.7874,6,24,1,4,9,15,7.1739,12.55,2015,10,D,0,3,4,-2,3.84747,-1.67965,0.167,0.167
2015-10-17 18:00:00,2015,0,3,Everton,Manchester United,0.653457,1.47853,0.1498,0.2575,0.5927,12,10,3,7,5,6,11.8261,10.7407,2015,10,D,0,3,3,-3,2.1319869999999996,-0.825073,0.25,0.7
2015-10-17 18:00:00,2015,5,1,Manchester City,Bournemouth,4.71274,0.173025,0.9979,0.0021,0.0,16,5,11,1,12,4,14.8095,14.3158,2015,10,V,3,0,6,4,4.885765,4.539715,0.688,0.2
2015-10-17 20:30:00,2015,0,3,Watford,Arsenal,0.254791,2.69046,0.0097,0.0629,0.9274,8,17,1,6,7,16,6.3043,9.3846,2015,10,D,0,3,3,-3,2.945251,-2.435669,0.125,0.353
2015-10-18 19:00:00,2015,6,2,Newcastle United,Norwich,2.24896,1.34395,0.602,0.2198,0.1782,11,18,6,6,8,4,7.3846,12.5263,2015,10,V,3,0,8,4,3.59291,0.9050099999999999,0.545,0.333
2015-10-19 23:00:00,2015,0,1,Swansea,Stoke,0.485489,1.64894,0.0635,0.2,0.7365,14,9,2,2,5,6,16.5455,16.2778,2015,10,D,0,3,1,-1,2.134429,-1.163451,0.143,0.222
2015-10-24 18:00:00,2015,1,2,Aston Villa,Swansea,1.09516,1.74353,0.1816,0.2666,0.5518,9,10,3,4,4,4,6.7308,10.36,2015,10,D,0,3,3,-1,2.8386899999999997,-0.6483700000000001,0.333,0.4
2015-10-24 18:00:00,2015,1,0,Leicester,Crystal Palace,1.33502,0.240008,0.8261,0.1547,0.0192,12,9,3,4,2,5,11.6364,13.5263,2015,10,V,3,0,1,1,1.575028,1.095012,0.25,0.444
2015-10-24 18:00:00,2015,2,1,West Ham,Chelsea,0.77284,1.1356,0.225,0.3316,0.4434,12,9,5,4,3,4,7.7308,9.3929,2015,10,V,3,0,3,1,1.90844,-0.36275999999999997,0.417,0.444
2015-10-24 18:00:00,2015,0,1,Norwich,West Bromwich Albion,1.03228,1.45436,0.222,0.2908,0.4872,16,7,3,4,6,3,13.5882,7.6111,2015,10,D,0,3,1,-1,2.4866400000000004,-0.42208,0.188,0.571
2015-10-24 18:00:00,2015,0,2,Stoke,Watford,0.848432,1.0403,0.2846,0.3308,0.3846,11,13,0,3,5,4,13.087,8.1429,2015,10,D,0,3,2,-2,1.888732,-0.19186800000000004,0.0,0.231
2015-10-24 20:30:00,2015,2,1,Arsenal,Everton,2.55754,0.373025,0.9041,0.0765,0.0194,20,10,5,5,19,1,8.0,6.2973,2015,10,V,3,0,3,1,2.930565,2.1845149999999998,0.25,0.5
2015-10-25 16:00:00,2015,3,0,Sunderland,Newcastle United,2.37969,1.41744,0.6564,0.2071,0.1365,9,21,3,8,5,7,8.9375,12.35,2015,10,V,3,0,3,3,3.79713,0.96225,0.333,0.381
2015-10-25 18:05:00,2015,1,5,Bournemouth,Tottenham,0.490581,3.43313,0.0068,0.0322,0.961,11,14,3,9,5,5,5.5135,12.3478,2015,10,D,0,3,6,-4,3.923711,-2.9425489999999996,0.273,0.643
2015-10-25 18:05:00,2015,0,0,Manchester United,Manchester City,0.391754,0.310718,0.2594,0.5534,0.1872,6,6,1,1,5,6,10.8333,7.0,2015,10,N,1,1,0,0,0.702472,0.081036,0.167,0.167
2015-10-25 20:15:00,2015,1,1,Liverpool,Southampton,0.682823,1.56383,0.0977,0.2344,0.6679,15,8,2,3,11,9,9.027,10.8824,2015,10,N,1,1,2,0,2.2466530000000002,-0.8810070000000001,0.133,0.375
2015-10-31 16:45:00,2015,1,3,Chelsea,Liverpool,0.735762,0.839342,0.2926,0.3688,0.3386,8,16,2,7,2,12,6.0541,8.4211,2015,10,D,0,3,4,-2,1.575104,-0.10358,0.25,0.438
2015-10-31 19:00:00,2015,0,0,Crystal Palace,Manchester United,0.939118,0.394404,0.5081,0.3484,0.1435,10,5,5,1,5,8,7.4286,9.5769,2015,10,N,1,1,0,0,1.3335219999999999,0.544714,0.5,0.2
2015-10-31 19:00:00,2015,2,1,Manchester City,Norwich,2.83557,1.17497,0.8173,0.1426,0.0401,21,5,5,3,12,5,27.855400000000003,10.0,2015,10,V,3,0,3,1,4.010540000000001,1.6606,0.238,0.6
2015-10-31 19:00:00,2015,0,0,Newcastle United,Stoke,1.26075,1.38017,0.3105,0.2908,0.3987,15,9,6,2,4,2,9.7273,15.25,2015,10,N,1,1,0,0,2.64092,-0.11941999999999986,0.4,0.222
2015-10-31 19:00:00,2015,0,3,Swansea,Arsenal,0.264441,2.17657,0.0193,0.1095,0.8712,7,14,3,5,4,5,16.9048,10.7826,2015,10,D,0,3,3,-3,2.441011,-1.912129,0.429,0.357
2015-10-31 19:00:00,2015,2,0,Watford,West Ham,1.61544,0.605625,0.6357,0.2435,0.1208,20,8,5,3,7,2,9.95,10.16,2015,10,V,3,0,2,2,2.221065,1.0098150000000001,0.25,0.375
2015-10-31 19:00:00,2015,2,3,West Bromwich Albion,Leicester,1.50447,2.22545,0.195,0.2452,0.5598,14,13,6,5,9,4,7.0,24.328687499999997,2015,10,D,0,3,5,-1,3.72992,-0.72098,0.429,0.385
2015-11-01 17:30:00,2015,6,2,Everton,Sunderland,2.34852,1.21834,0.6652,0.1906,0.1442,15,17,8,9,11,8,15.0,15.3636,2015,11,V,3,0,8,4,3.56686,1.1301800000000002,0.533,0.529
2015-11-01 20:00:00,2015,2,0,Southampton,Bournemouth,1.15966,0.712132,0.4914,0.3147,0.1939,11,16,2,2,9,9,12.5,15.7778,2015,11,V,3,0,2,2,1.871792,0.4475279999999999,0.182,0.125
2015-11-03 00:00:00,2015,3,1,Tottenham,Aston Villa,1.14374,0.325711,0.5938,0.3045,0.1017,17,13,6,2,7,1,14.3333,5.9615,2015,11,V,3,0,4,2,1.4694509999999998,0.818029,0.353,0.154
2015-11-07 16:45:00,2015,0,1,Bournemouth,Newcastle United,1.00427,0.504409,0.4623,0.354,0.1837,20,2,5,1,7,0,14.8636,4.6563,2015,11,D,0,3,1,-1,1.5086789999999999,0.499861,0.25,0.5
2015-11-07 19:00:00,2015,2,1,Leicester,Watford,1.56389,1.00531,0.4997,0.3379,0.1624,12,8,6,4,0,3,9.7647,10.5517,2015,11,V,3,0,3,1,2.5692,0.5585800000000001,0.5,0.5
2015-11-07 19:00:00,2015,2,0,Manchester United,West Bromwich Albion,1.2779,0.594031,0.5652,0.3248,0.11,13,4,3,0,11,1,12.5217,7.5238,2015,11,V,3,0,2,2,1.871931,0.6838690000000001,0.231,0.0
2015-11-07 19:00:00,2015,1,0,Norwich,Swansea,1.19517,0.402284,0.6144,0.2848,0.1008,9,8,5,0,4,5,10.9375,23.0526,2015,11,V,3,0,1,1,1.597454,0.7928860000000001,0.556,0.0
2015-11-07 19:00:00,2015,1,1,West Ham,Everton,0.589567,1.08814,0.1745,0.3264,0.4991,16,13,5,4,2,6,18.125,13.5,2015,11,N,1,1,2,0,1.677707,-0.49857300000000015,0.312,0.308
2015-11-07 19:00:00,2015,0,1,Sunderland,Southampton,0.299104,1.79578,0.0343,0.1484,0.8173,9,14,3,5,3,6,7.3158,19.5714,2015,11,D,0,3,1,-1,2.094884,-1.496676,0.333,0.357
2015-11-07 21:30:00,2015,1,0,Stoke,Chelsea,0.825418,1.02642,0.2791,0.3323,0.3886,8,19,2,4,5,13,5.8,14.375,2015,11,V,3,0,1,1,1.851838,-0.20100200000000013,0.25,0.211
2015-11-08 17:30:00,2015,0,0,Aston Villa,Manchester City,0.182741,1.53281,0.0255,0.168,0.8065,3,13,0,3,1,12,6.8519,24.328687499999997,2015,11,N,1,1,0,0,1.715551,-1.350069,0.0,0.231
2015-11-08 20:00:00,2015,1,1,Arsenal,Tottenham,2.01767,0.90585,0.6761,0.1989,0.125,10,14,4,4,9,5,9.6957,6.3,2015,11,N,1,1,2,0,2.92352,1.1118199999999998,0.4,0.286
2015-11-08 20:00:00,2015,1,2,Liverpool,Crystal Palace,2.15673,0.849281,0.7015,0.1917,0.1068,22,9,4,4,20,1,10.5909,5.7826,2015,11,D,0,3,3,-1,3.006011,1.307449,0.182,0.444
2015-11-21 16:45:00,2015,1,2,Watford,Manchester United,1.47077,1.30264,0.4077,0.2975,0.2948,10,13,5,6,9,8,5.303,8.2143,2015,11,D,0,3,3,-1,2.77341,0.1681299999999999,0.5,0.462
2015-11-21 19:00:00,2015,2,2,Swansea,Bournemouth,1.88526,1.58509,0.4528,0.2667,0.2805,11,16,4,4,5,11,9.8261,9.6667,2015,11,N,1,1,4,0,3.47035,0.3001699999999998,0.364,0.25
2015-11-21 19:00:00,2015,0,1,Southampton,Stoke,0.709485,1.19495,0.2046,0.3092,0.4862,15,16,1,4,15,3,16.6154,10.1905,2015,11,D,0,3,1,-1,1.9044349999999999,-0.4854649999999999,0.067,0.25
2015-11-21 19:00:00,2015,2,1,West Bromwich Albion,Arsenal,0.332888,2.08956,0.0257,0.1089,0.8654,4,11,1,3,2,11,5.0909,13.2414,2015,11,V,3,0,3,1,2.422448,-1.756672,0.25,0.273
2015-11-21 19:00:00,2015,0,3,Newcastle United,Leicester,0.372387,3.27478,0.0047,0.0279,0.9674,9,18,1,7,1,12,8.0833,9.8333,2015,11,D,0,3,3,-3,3.6471669999999996,-2.902393,0.111,0.389
2015-11-21 19:00:00,2015,4,0,Everton,Aston Villa,2.83068,0.322061,0.9355,0.0534,0.0111,16,10,9,3,6,2,17.2083,11.2857,2015,11,V,3,0,4,4,3.1527410000000002,2.508619,0.562,0.3
2015-11-21 19:00:00,2015,1,0,Chelsea,Norwich,2.16487,0.202798,0.8702,0.1111,0.0187,21,4,7,2,15,2,14.3333,6.8182,2015,11,V,3,0,1,1,2.367668,1.962072,0.333,0.5
2015-11-21 21:30:00,2015,1,4,Manchester City,Liverpool,1.08612,2.61697,0.0916,0.1649,0.7435,11,14,3,9,9,8,8.6552,9.5,2015,11,D,0,3,5,-3,3.7030899999999995,-1.5308499999999998,0.273,0.643
2015-11-22 20:00:00,2015,4,1,Tottenham,West Ham,3.22353,0.818937,0.8979,0.0791,0.023,22,10,12,4,8,4,9.3704,5.5405,2015,11,V,3,0,5,3,4.042467,2.4045929999999998,0.545,0.4
2015-11-24 00:00:00,2015,0,1,Crystal Palace,Sunderland,0.696183,1.30739,0.1696,0.283,0.5474,19,12,7,4,4,8,27.6667,3.0625,2015,11,D,0,3,1,-1,2.0035730000000003,-0.6112070000000001,0.368,0.333
2015-11-28 19:00:00,2015,2,0,Sunderland,Stoke,0.863466,0.79464,0.3156,0.367,0.3174,18,7,5,3,6,4,15.6,9.8077,2015,11,V,3,0,2,2,1.658106,0.06882599999999994,0.278,0.429
2015-11-28 19:00:00,2015,2,3,Aston Villa,Watford,1.48969,1.45176,0.3732,0.2821,0.3447,12,14,6,6,6,7,9.75,5.0556,2015,11,D,0,3,5,-1,2.9414499999999997,0.03793000000000002,0.5,0.429
2015-11-28 19:00:00,2015,3,3,Bournemouth,Everton,1.69105,0.729005,0.6317,0.2298,0.1385,19,11,10,6,5,5,12.8696,6.3158,2015,11,N,1,1,6,0,2.420055,0.9620449999999999,0.526,0.545
2015-11-28 19:00:00,2015,5,1,Crystal Palace,Newcastle United,1.67836,0.791299,0.5981,0.2543,0.1476,19,7,8,2,7,2,11.1304,7.68,2015,11,V,3,0,6,4,2.469659,0.8870610000000001,0.421,0.286
2015-11-28 19:00:00,2015,3,1,Manchester City,Southampton,2.12331,1.24478,0.6125,0.2333,0.1542,16,12,9,8,6,4,9.9444,7.4722,2015,11,V,3,0,4,2,3.36809,0.87853,0.562,0.667
2015-11-28 21:30:00,2015,1,1,Leicester,Manchester United,0.876256,1.05613,0.2717,0.3525,0.3758,7,10,3,2,3,3,4.7826,15.381,2015,11,N,1,1,2,0,1.9323860000000002,-0.17987399999999998,0.429,0.2
2015-11-29 16:00:00,2015,0,0,Tottenham,Chelsea,0.333494,0.283375,0.2151,0.5885,0.1964,9,5,4,1,3,5,11.4783,7.0526,2015,11,N,1,1,0,0,0.616869,0.050119000000000025,0.444,0.2
2015-11-29 18:05:00,2015,1,1,West Ham,West Bromwich Albion,1.41404,0.866305,0.4799,0.3079,0.2122,17,7,6,3,9,3,10.913,5.9545,2015,11,N,1,1,2,0,2.280345,0.547735,0.353,0.429
2015-11-29 20:15:00,2015,1,0,Liverpool,Swansea,1.19358,0.367517,0.6697,0.2541,0.0762,10,9,2,0,9,1,24.5833,6.641,2015,11,V,3,0,1,1,1.5610970000000002,0.8260630000000001,0.2,0.0
2015-11-29 20:15:00,2015,1,1,Norwich,Arsenal,1.01025,1.65699,0.1807,0.2772,0.5421,7,12,2,3,4,8,9.0526,22.5,2015,11,N,1,1,2,0,2.66724,-0.6467399999999999,0.286,0.25
2015-12-05 16:45:00,2015,2,0,Stoke,Manchester City,2.01436,0.483752,0.8008,0.1534,0.0458,7,11,4,4,5,6,4.625,5.3333,2015,12,V,3,0,2,2,2.498112,1.530608,0.571,0.364
2015-12-05 19:00:00,2015,0,3,Swansea,Leicester,0.780602,2.20962,0.0979,0.1674,0.7347,10,16,2,5,6,5,13.88,10.1579,2015,12,D,0,3,3,-3,2.990222,-1.4290180000000001,0.2,0.312
2015-12-05 19:00:00,2015,2,0,Watford,Norwich,2.07199,0.310524,0.8662,0.1112,0.0226,14,7,7,1,10,3,13.0,10.5625,2015,12,V,3,0,2,2,2.382514,1.761466,0.5,0.143
2015-12-05 19:00:00,2015,1,1,West Bromwich Albion,Tottenham,1.48695,1.12876,0.4505,0.317,0.2325,11,9,4,3,4,3,9.5385,8.8857,2015,12,N,1,1,2,0,2.61571,0.35819,0.364,0.333
2015-12-05 19:00:00,2015,3,1,Arsenal,Sunderland,2.29559,1.5228,0.5667,0.2329,0.2004,16,11,7,4,11,7,23.5625,5.7826,2015,12,V,3,0,4,2,3.81839,0.7727899999999999,0.438,0.364
2015-12-05 19:00:00,2015,0,0,Manchester United,West Ham,1.76061,1.10206,0.5319,0.2566,0.2115,21,9,1,2,14,2,13.4737,9.3158,2015,12,N,1,1,0,0,2.86267,0.65855,0.048,0.222
2015-12-05 19:00:00,2015,1,1,Southampton,Aston Villa,2.86051,1.058,0.7861,0.143,0.0709,23,9,5,2,8,2,24.1667,7.3636,2015,12,N,1,1,2,0,3.9185100000000004,1.80251,0.217,0.222
2015-12-05 21:30:00,2015,0,1,Chelsea,Bournemouth,1.66952,1.25911,0.4674,0.2706,0.262,19,15,6,5,15,3,7.6061,5.0,2015,12,D,0,3,1,-1,2.92863,0.41040999999999994,0.316,0.333
2015-12-06 20:00:00,2015,2,0,Newcastle United,Liverpool,0.646346,0.999043,0.1975,0.3505,0.452,6,10,1,1,5,8,6.2069,12.08,2015,12,V,3,0,2,2,1.645389,-0.35269700000000004,0.167,0.1
2015-12-08 00:00:00,2015,1,1,Everton,Crystal Palace,1.69774,1.1905,0.5012,0.2789,0.2199,19,14,4,5,13,2,8.8333,7.6957,2015,12,N,1,1,2,0,2.8882399999999997,0.5072400000000001,0.211,0.357
2015-12-12 16:45:00,2015,1,1,Norwich,Everton,1.49283,2.43558,0.164,0.2323,0.6037,9,15,2,3,4,9,19.1,18.3684,2015,12,N,1,1,2,0,3.92841,-0.9427499999999998,0.222,0.2
2015-12-12 19:00:00,2015,2,1,Manchester City,Swansea,1.34338,0.962789,0.4645,0.2816,0.2539,13,13,5,7,2,5,15.9474,11.931,2015,12,V,3,0,3,1,2.306169,0.380591,0.385,0.538
2015-12-12 19:00:00,2015,0,1,Sunderland,Watford,0.879474,2.0562,0.1156,0.2107,0.6737,14,13,2,8,8,4,10.0476,16.6923,2015,12,D,0,3,1,-1,2.935674,-1.176726,0.143,0.615
2015-12-12 19:00:00,2015,1,0,Crystal Palace,Southampton,1.31177,0.890411,0.4797,0.2971,0.2232,12,15,5,3,5,5,5.8261,10.0,2015,12,V,3,0,1,1,2.202181,0.42135900000000015,0.417,0.2
2015-12-12 19:00:00,2015,0,0,West Ham,Stoke,1.13181,1.87239,0.1888,0.2353,0.5759,24,12,10,3,5,7,10.0,7.2414,2015,12,N,1,1,0,0,3.0042,-0.74058,0.417,0.25
2015-12-12 21:30:00,2015,2,1,Bournemouth,Manchester United,1.05032,1.96768,0.1405,0.2388,0.6207,11,11,5,5,5,3,9.5455,8.8276,2015,12,V,3,0,3,1,3.018,-0.9173600000000002,0.455,0.455
2015-12-13 17:30:00,2015,0,2,Aston Villa,Arsenal,1.00876,1.68498,0.1716,0.2615,0.5669,18,8,2,4,6,11,10.125,16.6842,2015,12,D,0,3,2,-2,2.69374,-0.6762199999999998,0.111,0.5
2015-12-13 20:00:00,2015,2,2,Liverpool,West Bromwich Albion,2.12583,0.835885,0.6992,0.2027,0.0981,28,4,8,2,13,2,15.5789,6.0,2015,12,N,1,1,4,0,2.961715,1.2899450000000001,0.286,0.5
2015-12-13 20:00:00,2015,1,2,Tottenham,Newcastle United,1.03317,1.55252,0.1837,0.2912,0.5251,20,8,8,4,5,5,8.5926,5.6296,2015,12,D,0,3,3,-1,2.5856899999999996,-0.51935,0.4,0.5
2015-12-15 00:00:00,2015,2,1,Leicester,Chelsea,0.708846,2.26887,0.0526,0.1514,0.796,9,11,5,4,5,8,4.1739,7.1351,2015,12,V,3,0,3,1,2.977716,-1.5600240000000003,0.556,0.364
2015-12-19 19:00:00,2015,1,2,West Bromwich Albion,Bournemouth,0.698255,1.89177,0.0774,0.2036,0.719,7,16,2,6,3,3,8.0,16.5625,2015,12,D,0,3,3,-1,2.590025,-1.193515,0.286,0.375
2015-12-19 19:00:00,2015,0,2,Southampton,Tottenham,0.83385,1.47453,0.178,0.2709,0.5511,11,12,4,5,5,6,6.7308,4.2444,2015,12,D,0,3,2,-2,2.3083799999999997,-0.6406799999999999,0.364,0.417
2015-12-19 19:00:00,2015,1,2,Stoke,Crystal Palace,2.41499,1.95347,0.4761,0.2468,0.2771,26,12,5,3,6,1,12.1429,8.087,2015,12,D,0,3,3,-1,4.36846,0.46151999999999993,0.192,0.25
2015-12-19 19:00:00,2015,3,1,Chelsea,Sunderland,3.02023,1.23573,0.8122,0.1333,0.0545,17,11,7,3,23,4,10.931,5.8846,2015,12,V,3,0,4,2,4.25596,1.7845000000000002,0.412,0.273
2015-12-19 19:00:00,2015,2,3,Everton,Leicester,1.48982,2.02911,0.1942,0.2849,0.5209,13,10,5,5,9,6,8.3684,8.8,2015,12,D,0,3,5,-1,3.51893,-0.5392900000000003,0.385,0.5
2015-12-19 19:00:00,2015,1,2,Manchester United,Norwich,1.01394,0.556897,0.4673,0.3409,0.1918,11,6,2,4,7,1,20.3571,6.087,2015,12,D,0,3,3,-1,1.570837,0.4570430000000001,0.182,0.667
2015-12-19 21:30:00,2015,1,1,Newcastle United,Aston Villa,1.28189,0.404373,0.6335,0.2673,0.0992,8,10,4,7,6,2,5.7586,10.8571,2015,12,N,1,1,2,0,1.6862629999999998,0.877517,0.5,0.7
2015-12-20 17:30:00,2015,3,0,Watford,Liverpool,1.99336,0.376313,0.8673,0.104,0.0287,6,12,5,4,3,9,4.3158,8.8387,2015,12,V,3,0,3,3,2.369673,1.617047,0.833,0.333
2015-12-20 20:00:00,2015,0,0,Swansea,West Ham,0.973378,0.401988,0.4913,0.358,0.1507,22,11,2,2,10,4,12.1515,5.4706,2015,12,N,1,1,0,0,1.375366,0.57139,0.091,0.182
2015-12-22 00:00:00,2015,2,1,Arsenal,Manchester City,1.50109,0.769378,0.5799,0.261,0.1591,8,20,5,6,5,10,5.7941,21.5882,2015,12,V,3,0,3,1,2.270468,0.731712,0.625,0.3
2015-12-26 16:45:00,2015,2,0,Stoke,Manchester United,1.18211,1.28961,0.3096,0.311,0.3794,13,11,3,6,4,8,5.8438,10.0909,2015,12,V,3,0,2,2,2.47172,-0.10749999999999993,0.231,0.545
2015-12-26 19:00:00,2015,1,0,Swansea,West Bromwich Albion,1.21243,0.554583,0.6207,0.2896,0.0897,7,9,2,3,5,6,9.8667,9.2381,2015,12,V,3,0,1,1,1.767013,0.6578469999999998,0.286,0.333
2015-12-26 19:00:00,2015,3,0,Tottenham,Norwich,2.40666,0.452019,0.8655,0.1065,0.028,15,11,10,3,13,4,10.5,8.8571,2015,12,V,3,0,3,3,2.858679,1.954641,0.667,0.273
2015-12-26 19:00:00,2015,1,1,Aston Villa,West Ham,1.61235,0.836027,0.5853,0.2727,0.142,15,10,8,4,7,1,8.8846,7.2273,2015,12,N,1,1,2,0,2.448377,0.776323,0.533,0.4
2015-12-26 19:00:00,2015,0,0,Bournemouth,Crystal Palace,0.871395,0.405181,0.4664,0.3836,0.15,10,8,4,1,5,4,9.7778,5.2647,2015,12,N,1,1,0,0,1.276576,0.466214,0.4,0.125
2015-12-26 19:00:00,2015,2,2,Chelsea,Watford,2.09356,1.667,0.4647,0.2681,0.2672,17,12,2,2,12,1,9.8929,8.0455,2015,12,N,1,1,4,0,3.76056,0.42656000000000005,0.118,0.167
2015-12-26 19:00:00,2015,1,0,Liverpool,Leicester,1.37933,0.505167,0.6019,0.2772,0.1209,26,7,5,3,10,5,16.4118,3.7308,2015,12,V,3,0,1,1,1.884497,0.8741629999999999,0.192,0.429
2015-12-26 19:00:00,2015,4,1,Manchester City,Sunderland,3.51848,1.08103,0.898,0.076,0.026,19,11,9,3,10,2,17.25,5.9655,2015,12,V,3,0,5,3,4.5995099999999995,2.43745,0.474,0.273
2015-12-26 21:30:00,2015,0,1,Newcastle United,Everton,1.35711,1.69923,0.281,0.2713,0.4477,10,20,1,7,1,13,6.1667,13.1364,2015,12,D,0,3,1,-1,3.05634,-0.34212,0.1,0.35
2015-12-26 23:45:00,2015,4,0,Southampton,Arsenal,2.4303,0.83106,0.7896,0.1524,0.058,14,8,5,5,4,7,8.3889,15.4762,2015,12,V,3,0,4,4,3.26136,1.59924,0.357,0.625
2015-12-28 19:00:00,2015,1,0,West Bromwich Albion,Newcastle United,2.1039,0.456189,0.7878,0.1548,0.0574,22,7,5,2,11,5,10.3846,6.1333,2015,12,V,3,0,1,1,2.560089,1.647711,0.227,0.286
2015-12-28 19:00:00,2015,1,2,Watford,Tottenham,1.13011,0.527248,0.5728,0.3087,0.1185,9,10,1,3,4,2,4.6207,9.6667,2015,12,D,0,3,3,-1,1.6573579999999999,0.6028619999999999,0.111,0.3
2015-12-28 19:00:00,2015,2,0,Norwich,Aston Villa,1.10319,0.235874,0.6386,0.2924,0.069,9,6,4,3,3,0,5.6667,9.0417,2015,12,V,3,0,2,2,1.3390639999999998,0.8673159999999999,0.444,0.5
2015-12-28 19:00:00,2015,0,0,Crystal Palace,Swansea,0.735185,0.169425,0.5035,0.4244,0.0721,10,5,2,3,7,1,13.6,9.7895,2015,12,N,1,1,0,0,0.9046099999999999,0.56576,0.2,0.6
2015-12-28 19:00:00,2015,3,4,Everton,Stoke,2.2472,1.58159,0.5398,0.2561,0.2041,15,8,3,5,14,6,9.3667,10.8,2015,12,D,0,3,7,-1,3.8287899999999997,0.6656099999999998,0.2,0.625
2015-12-28 21:30:00,2015,2,0,Arsenal,Bournemouth,3.12958,0.343752,0.9481,0.0435,0.0084,13,10,6,3,11,8,9.9677,11.037,2015,12,V,3,0,2,2,3.4733319999999996,2.785828,0.462,0.3
2015-12-28 21:30:00,2015,0,0,Manchester United,Chelsea,1.35213,0.900029,0.4964,0.3069,0.1967,12,8,2,3,7,0,23.1875,5.0625,2015,12,N,1,1,0,0,2.252159,0.4521010000000001,0.167,0.375
2015-12-28 21:30:00,2015,2,1,West Ham,Southampton,1.79562,1.3709,0.4794,0.2713,0.2493,13,14,5,3,2,8,6.1842,14.1667,2015,12,V,3,0,3,1,3.1665200000000002,0.42472,0.385,0.214
2015-12-29 23:45:00,2015,0,0,Leicester,Manchester City,0.810377,1.66777,0.1529,0.2457,0.6014,11,21,4,5,4,13,4.6429,11.5,2015,12,N,1,1,0,0,2.478147,-0.857393,0.364,0.238
2015-12-30 23:45:00,2015,0,1,Sunderland,Liverpool,0.481551,1.80743,0.0688,0.1947,0.7365,8,17,3,6,5,11,7.6316,11.0526,2015,12,D,0,3,1,-1,2.288981,-1.325879,0.375,0.353
2016-01-02 16:45:00,2015,2,0,West Ham,Liverpool,2.06737,1.86591,0.4218,0.2629,0.3153,18,23,10,2,3,11,5.4545,11.6316,2016,1,V,3,0,2,2,3.93328,0.20145999999999997,0.556,0.087
2016-01-02 19:00:00,2015,2,1,West Bromwich Albion,Stoke,1.72318,0.917526,0.5918,0.2634,0.1448,17,10,5,3,9,7,8.8235,10.5,2016,1,V,3,0,3,1,2.6407059999999998,0.805654,0.294,0.3
2016-01-02 19:00:00,2015,1,0,Arsenal,Newcastle United,1.93025,1.15339,0.5807,0.2277,0.1916,15,15,3,6,18,4,12.4286,7.5135,2016,1,V,3,0,1,1,3.08364,0.7768600000000001,0.2,0.4
2016-01-02 19:00:00,2015,0,0,Leicester,Bournemouth,2.28506,1.2593,0.6484,0.2224,0.1292,16,9,2,0,5,3,11.0952,10.1923,2016,1,N,1,1,0,0,3.54436,1.02576,0.125,0.0
2016-01-02 19:00:00,2015,2,1,Manchester United,Swansea,1.74266,0.542907,0.6836,0.2232,0.0932,19,9,6,4,10,3,13.8889,10.0,2016,1,V,3,0,3,1,2.2855670000000003,1.199753,0.316,0.444
2016-01-02 19:00:00,2015,1,0,Norwich,Southampton,1.50509,0.932294,0.5291,0.2772,0.1937,10,10,1,4,4,10,8.8889,22.1818,2016,1,V,3,0,1,1,2.4373839999999998,0.5727960000000001,0.1,0.4
2016-01-02 19:00:00,2015,3,1,Sunderland,Aston Villa,0.761225,0.27956,0.4432,0.4303,0.1265,13,8,5,3,6,1,9.6364,11.1739,2016,1,V,3,0,4,2,1.040785,0.48166500000000007,0.385,0.375
2016-01-02 21:30:00,2015,1,2,Watford,Manchester City,0.985368,0.692054,0.4296,0.3301,0.2403,12,16,4,5,5,9,7.875,6.8276,2016,1,D,0,3,3,-1,1.677422,0.2933140000000001,0.333,0.312
2016-01-03 17:30:00,2015,0,3,Crystal Palace,Chelsea,0.546499,2.3747,0.0296,0.1141,0.8563,8,10,4,4,5,5,8.08,10.7333,2016,1,D,0,3,3,-3,2.9211989999999997,-1.828201,0.5,0.4
2016-01-03 20:00:00,2015,1,1,Everton,Tottenham,0.721603,0.75907,0.3064,0.3709,0.3227,12,19,3,4,4,6,6.0769,20.3529,2016,1,N,1,1,2,0,1.480673,-0.03746700000000003,0.25,0.211
2016-01-12 23:45:00,2015,3,3,Newcastle United,Manchester United,1.81304,2.36216,0.2452,0.2462,0.5086,14,12,6,4,11,8,12.9583,7.8846,2016,1,N,1,1,6,0,4.1752,-0.5491199999999998,0.429,0.333
2016-01-12 23:45:00,2015,1,0,Aston Villa,Crystal Palace,0.551973,0.547913,0.2757,0.4363,0.288,13,9,3,1,6,1,7.2857,10.4583,2016,1,V,3,0,1,1,1.0998860000000001,0.0040600000000000636,0.231,0.111
2016-01-12 23:45:00,2015,1,3,Bournemouth,West Ham,0.729546,1.18455,0.1899,0.3365,0.4736,11,10,4,5,2,6,9.7619,8.0345,2016,1,D,0,3,4,-2,1.914096,-0.45500399999999996,0.364,0.5
2016-01-13 23:45:00,2015,2,0,Southampton,Watford,1.7224,0.11543,0.8237,0.1591,0.0172,15,4,7,1,4,1,14.7333,9.1613,2016,1,V,3,0,2,2,1.8378299999999999,1.60697,0.467,0.25
2016-01-13 23:45:00,2015,3,1,Stoke,Norwich,1.24456,0.193728,0.6995,0.2532,0.0473,14,5,4,2,8,4,27.855400000000003,5.1515,2016,1,V,3,0,4,2,1.438288,1.0508320000000002,0.286,0.4
2016-01-13 23:45:00,2015,2,4,Swansea,Sunderland,1.06526,2.49057,0.0471,0.1615,0.7914,10,7,5,4,7,8,11.4783,17.5385,2016,1,D,0,3,6,-2,3.5558300000000003,-1.4253099999999999,0.5,0.571
2016-01-13 23:45:00,2015,2,2,Chelsea,West Bromwich Albion,1.38532,0.704263,0.5706,0.2724,0.157,14,13,2,5,7,4,12.6,6.7368,2016,1,N,1,1,4,0,2.089583,0.6810570000000001,0.143,0.385
2016-01-13 23:45:00,2015,0,0,Manchester City,Everton,1.44957,0.369548,0.6669,0.2516,0.0815,22,7,5,2,17,7,23.5556,14.0952,2016,1,N,1,1,0,0,1.819118,1.080022,0.227,0.286
2016-01-14 00:00:00,2015,3,3,Liverpool,Arsenal,1.16222,2.22912,0.1365,0.1982,0.6653,22,14,6,5,12,7,12.0455,8.6364,2016,1,N,1,1,6,0,3.39134,-1.0669,0.273,0.357
2016-01-14 00:00:00,2015,0,1,Tottenham,Leicester,1.2301,0.588708,0.5268,0.3044,0.1688,21,10,5,2,7,4,10.0909,4.88,2016,1,D,0,3,1,-1,1.818808,0.641392,0.238,0.2
2016-01-16 16:45:00,2015,4,1,Tottenham,Sunderland,2.02579,0.617306,0.7545,0.1805,0.065,26,5,11,2,10,3,15.4737,8.6667,2016,1,V,3,0,5,3,2.6430960000000003,1.408484,0.423,0.4
2016-01-16 19:00:00,2015,4,0,Manchester City,Crystal Palace,1.74025,0.613339,0.6974,0.2173,0.0853,17,9,4,3,10,3,8.5,5.7179,2016,1,V,3,0,4,4,2.353589,1.1269110000000002,0.235,0.333
2016-01-16 19:00:00,2015,2,1,Newcastle United,West Ham,1.84261,1.08248,0.566,0.2425,0.1915,23,10,10,3,10,4,11.2083,9.0357,2016,1,V,3,0,3,1,2.92509,0.76013,0.435,0.3
2016-01-16 19:00:00,2015,3,0,Southampton,West Bromwich Albion,1.42623,0.410757,0.7089,0.2237,0.0674,9,10,5,0,5,7,13.0,9.8824,2016,1,V,3,0,3,3,1.8369870000000001,1.015473,0.556,0.0
2016-01-16 19:00:00,2015,3,3,Chelsea,Everton,2.44864,1.5891,0.6084,0.2338,0.1578,14,9,7,4,10,4,17.1053,7.7317,2016,1,N,1,1,6,0,4.03774,0.8595400000000002,0.5,0.444
2016-01-16 19:00:00,2015,3,0,Bournemouth,Norwich,2.53086,0.595472,0.8615,0.1054,0.0331,15,10,7,3,3,1,8.1818,9.4545,2016,1,V,3,0,3,3,3.126332,1.935388,0.467,0.3
2016-01-16 21:30:00,2015,1,1,Aston Villa,Leicester,0.665386,2.21525,0.051,0.1399,0.8091,14,12,5,5,8,5,9.8462,10.8421,2016,1,N,1,1,2,0,2.880636,-1.5498640000000001,0.357,0.417
2016-01-17 18:05:00,2015,0,1,Liverpool,Manchester United,0.952974,0.715703,0.379,0.3618,0.2592,19,7,4,1,9,2,7.7097,9.4783,2016,1,D,0,3,1,-1,1.668677,0.237271,0.211,0.143
2016-01-17 20:15:00,2015,0,0,Stoke,Arsenal,0.546879,0.585841,0.2667,0.4343,0.299,14,8,6,3,1,7,9.3333,8.9,2016,1,N,1,1,0,0,1.13272,-0.03896199999999994,0.429,0.375
2016-01-19 00:00:00,2015,1,0,Swansea,Watford,0.474035,0.525478,0.2495,0.4633,0.2872,10,13,2,2,4,4,8.7742,9.2,2016,1,V,3,0,1,1,0.999513,-0.051443000000000016,0.2,0.154
2016-01-23 16:45:00,2015,4,5,Norwich,Liverpool,1.03432,1.44943,0.2233,0.3216,0.4551,6,13,5,7,8,8,7.7826,8.1786,2016,1,D,0,3,9,-1,2.4837499999999997,-0.4151100000000001,0.833,0.538
2016-01-23 19:00:00,2015,1,3,Crystal Palace,Tottenham,0.930792,1.74368,0.1771,0.2463,0.5766,11,24,3,11,2,5,5.5,8.5667,2016,1,D,0,3,4,-2,2.6744719999999997,-0.8128879999999999,0.273,0.458
2016-01-23 19:00:00,2015,0,1,Manchester United,Southampton,0.187217,0.83591,0.0676,0.3885,0.5439,8,7,1,2,3,2,6.9355,10.5,2016,1,D,0,3,1,-1,1.0231270000000001,-0.6486930000000001,0.125,0.286
2016-01-23 19:00:00,2015,3,0,Leicester,Stoke,2.25906,0.340483,0.8687,0.1115,0.0198,15,3,5,2,6,3,6.8077,10.913,2016,1,V,3,0,3,3,2.5995429999999997,1.918577,0.333,0.667
2016-01-23 19:00:00,2015,0,0,West Bromwich Albion,Aston Villa,0.23184,0.562461,0.1251,0.5024,0.3725,4,15,0,4,1,4,5.5,9.4211,2016,1,N,1,1,0,0,0.7943009999999999,-0.330621,0.0,0.267
2016-01-23 19:00:00,2015,1,1,Sunderland,Bournemouth,0.612134,1.26851,0.1541,0.2939,0.552,10,15,5,5,5,6,6.5556,18.8125,2016,1,N,1,1,2,0,1.880644,-0.6563760000000001,0.5,0.333
2016-01-23 19:00:00,2015,2,1,Watford,Newcastle United,2.58707,1.29267,0.6936,0.1839,0.1225,13,11,5,2,7,6,11.6667,5.5952,2016,1,V,3,0,3,1,3.87974,1.2944000000000002,0.385,0.182
2016-01-23 21:30:00,2015,2,2,West Ham,Manchester City,1.01267,1.73182,0.1649,0.2729,0.5622,10,16,3,3,6,9,7.9259,9.36,2016,1,N,1,1,4,0,2.74449,-0.71915,0.3,0.188
2016-01-24 17:30:00,2015,1,2,Everton,Swansea,1.94094,1.08055,0.5925,0.2715,0.136,20,7,2,5,8,2,11.963,12.2,2016,1,D,0,3,3,-1,3.02149,0.8603900000000002,0.1,0.714
2016-01-24 20:00:00,2015,0,1,Arsenal,Chelsea,1.10907,1.48778,0.2445,0.2932,0.4623,9,12,1,6,12,7,8.0,13.7391,2016,1,D,0,3,1,-1,2.59685,-0.3787100000000001,0.111,0.5
2016-02-02 23:45:00,2015,0,0,Arsenal,Southampton,3.38487,0.93405,0.8857,0.0828,0.0315,22,14,11,3,13,5,6.9,3.2188,2016,2,N,1,1,0,0,4.31892,2.4508199999999998,0.5,0.214
2016-02-02 23:45:00,2015,2,0,Leicester,Liverpool,1.34566,0.580791,0.6,0.271,0.129,13,14,6,1,0,11,6.0455,10.72,2016,2,V,3,0,2,2,1.9264510000000001,0.7648690000000001,0.462,0.071
2016-02-02 23:45:00,2015,0,3,Norwich,Tottenham,0.929319,2.75469,0.0469,0.1271,0.826,11,17,3,6,6,4,11.6667,11.0909,2016,2,D,0,3,3,-3,3.684009,-1.825371,0.273,0.353
2016-02-02 23:45:00,2015,0,1,Sunderland,Manchester City,0.888437,0.638461,0.3784,0.3829,0.2387,11,7,3,2,6,5,6.0345,6.3529,2016,2,D,0,3,1,-1,1.526898,0.2499760000000001,0.273,0.286
2016-02-02 23:45:00,2015,2,0,West Ham,Aston Villa,2.34619,0.107888,0.9456,0.0506,0.0038,25,5,6,2,13,2,14.9565,4.6667,2016,2,V,3,0,2,2,2.454078,2.238302,0.24,0.4
2016-02-03 00:00:00,2015,1,2,Crystal Palace,Bournemouth,1.62395,1.17427,0.484,0.2782,0.2378,14,8,3,4,6,3,11.375,7.12,2016,2,D,0,3,3,-1,2.7982199999999997,0.4496800000000001,0.214,0.5
2016-02-03 00:00:00,2015,3,0,Manchester United,Stoke,2.45272,0.350909,0.8985,0.0829,0.0186,15,10,5,0,10,13,13.25,12.2083,2016,2,V,3,0,3,3,2.803629,2.1018109999999997,0.333,0.0
2016-02-03 00:00:00,2015,1,1,West Bromwich Albion,Swansea,2.30645,1.17928,0.667,0.1986,0.1344,17,18,7,4,7,3,5.9231,9.5926,2016,2,N,1,1,2,0,3.48573,1.1271699999999998,0.412,0.222
2016-02-03 23:45:00,2015,3,0,Everton,Newcastle United,2.48447,0.626239,0.8645,0.1082,0.0273,18,7,7,3,7,3,13.6,6.3438,2016,2,V,3,0,3,3,3.110709,1.858231,0.389,0.429
2016-02-03 23:45:00,2015,0,0,Watford,Chelsea,0.531415,1.13694,0.1544,0.313,0.5326,12,12,3,4,3,13,8.7241,8.6757,2016,2,N,1,1,0,0,1.668355,-0.6055250000000001,0.25,0.333
2016-02-06 16:45:00,2015,1,3,Manchester City,Leicester,1.70719,2.50168,0.2193,0.2132,0.5675,22,14,4,7,15,6,12.1053,4.44,2016,2,D,0,3,4,-2,4.20887,-0.7944899999999999,0.182,0.5
2016-02-06 19:00:00,2015,1,0,Newcastle United,West Bromwich Albion,2.41057,0.472556,0.8488,0.1166,0.0346,19,7,7,0,11,5,10.75,4.6818,2016,2,V,3,0,1,1,2.883126,1.938014,0.368,0.0
2016-02-06 19:00:00,2015,0,3,Stoke,Everton,0.693548,3.05913,0.0284,0.0805,0.8911,12,14,3,6,14,3,13.2174,7.2174,2016,2,D,0,3,3,-3,3.7526780000000004,-2.365582,0.25,0.429
2016-02-06 19:00:00,2015,1,0,Tottenham,Watford,2.00475,0.149839,0.8571,0.1263,0.0166,25,3,8,0,12,3,13.5909,4.6552,2016,2,V,3,0,1,1,2.154589,1.854911,0.32,0.0
2016-02-06 19:00:00,2015,1,1,Swansea,Crystal Palace,1.32136,1.01465,0.4121,0.3042,0.2837,18,12,3,2,10,3,10.0,4.4595,2016,2,N,1,1,2,0,2.33601,0.30671000000000004,0.167,0.167
2016-02-06 19:00:00,2015,2,0,Aston Villa,Norwich,0.918291,1.1413,0.2751,0.3144,0.4105,10,13,2,5,1,5,6.25,8.8636,2016,2,V,3,0,2,2,2.059591,-0.223009,0.2,0.385
2016-02-06 19:00:00,2015,2,2,Liverpool,Sunderland,1.57712,0.491843,0.6829,0.2273,0.0898,16,7,5,2,15,1,15.5652,7.625,2016,2,N,1,1,4,0,2.068963,1.085277,0.312,0.286
2016-02-06 21:30:00,2015,1,0,Southampton,West Ham,1.06493,0.970583,0.3839,0.3199,0.2962,8,18,2,2,4,7,7.8947,12.4783,2016,2,V,3,0,1,1,2.035513,0.09434699999999996,0.25,0.111
2016-02-07 17:30:00,2015,0,2,Bournemouth,Arsenal,0.584316,1.13957,0.171,0.3165,0.5125,17,10,4,5,12,7,10.9583,8.3,2016,2,D,0,3,2,-2,1.7238859999999998,-0.555254,0.235,0.5
2016-02-07 20:00:00,2015,1,1,Chelsea,Manchester United,1.61554,0.780475,0.603,0.2449,0.1521,16,17,5,7,10,4,10.5789,11.4375,2016,2,N,1,1,2,0,2.3960150000000002,0.835065,0.312,0.412
2016-02-13 16:45:00,2015,2,1,Sunderland,Manchester United,1.48186,0.908296,0.5111,0.2694,0.2195,21,12,5,6,6,9,3.5714,9.56,2016,2,V,3,0,3,1,2.390156,0.573564,0.238,0.5
2016-02-13 19:00:00,2015,0,1,Swansea,Southampton,0.699012,1.19353,0.2038,0.3107,0.4855,13,14,2,5,7,4,14.1176,7.037,2016,2,D,0,3,1,-1,1.892542,-0.494518,0.154,0.357
2016-02-13 19:00:00,2015,2,2,Norwich,West Ham,1.03362,0.741428,0.4293,0.3326,0.2381,13,11,3,6,5,5,7.35,6.7931,2016,2,N,1,1,4,0,1.775048,0.292192,0.231,0.545
2016-02-13 19:00:00,2015,0,1,Everton,West Bromwich Albion,1.82912,1.1974,0.5109,0.2919,0.1972,33,5,6,1,19,4,18.5333,3.1154,2016,2,D,0,3,1,-1,3.02652,0.6317200000000001,0.182,0.2
2016-02-13 19:00:00,2015,1,2,Crystal Palace,Watford,0.983946,1.99728,0.1024,0.2248,0.6728,15,10,5,4,2,4,5.4167,5.8261,2016,2,D,0,3,3,-1,2.981226,-1.013334,0.333,0.4
2016-02-13 19:00:00,2015,1,3,Bournemouth,Stoke,1.19427,0.927348,0.4243,0.3188,0.2569,11,11,2,6,7,2,14.2857,8.7222,2016,2,D,0,3,4,-2,2.121618,0.266922,0.182,0.545
2016-02-13 21:30:00,2015,5,1,Chelsea,Newcastle United,2.0858,0.430664,0.8205,0.1398,0.0397,14,10,7,3,12,1,13.3636,9.4516,2016,2,V,3,0,6,4,2.516464,1.655136,0.5,0.3
2016-02-14 16:00:00,2015,2,1,Arsenal,Leicester,2.36319,1.31246,0.6167,0.226,0.1573,24,7,6,3,23,2,9.0857,4.8571,2016,2,V,3,0,3,1,3.67565,1.05073,0.25,0.429
2016-02-14 18:05:00,2015,0,6,Aston Villa,Liverpool,0.174868,2.00756,0.0134,0.1023,0.8843,6,11,1,9,2,10,6.5152,12.4194,2016,2,D,0,3,6,-6,2.182428,-1.8326919999999998,0.167,0.818
2016-02-14 20:15:00,2015,1,2,Manchester City,Tottenham,1.97876,1.23517,0.5529,0.2744,0.1727,19,6,4,3,11,2,7.4,11.6429,2016,2,D,0,3,3,-1,3.2139300000000004,0.74359,0.211,0.5
2016-02-27 16:45:00,2015,1,0,West Ham,Sunderland,0.52387,1.07887,0.1598,0.3332,0.507,9,13,3,4,6,8,8.2917,7.0769,2016,2,V,3,0,1,1,1.6027399999999998,-0.555,0.333,0.308
2016-02-27 19:00:00,2015,0,0,Watford,Bournemouth,1.00481,0.955252,0.3398,0.3331,0.3271,14,11,1,3,3,3,4.8621,7.25,2016,2,N,1,1,0,0,1.960062,0.04955799999999999,0.071,0.273
2016-02-27 19:00:00,2015,1,0,Leicester,Norwich,1.7645,0.814784,0.6639,0.2299,0.1062,13,9,3,1,5,2,10.65,7.6471,2016,2,V,3,0,1,1,2.579284,0.949716,0.231,0.111
2016-02-27 19:00:00,2015,1,2,Southampton,Chelsea,1.01074,0.631036,0.4643,0.3336,0.2021,7,16,2,4,4,13,12.8571,12.0741,2016,2,D,0,3,3,-1,1.6417760000000001,0.37970399999999993,0.286,0.25
2016-02-27 19:00:00,2015,2,1,Stoke,Aston Villa,2.04047,0.414343,0.8681,0.1145,0.0174,11,5,3,1,9,3,11.8261,10.5294,2016,2,V,3,0,3,1,2.454813,1.6261269999999999,0.273,0.2
2016-02-27 21:30:00,2015,3,2,West Bromwich Albion,Crystal Palace,2.07488,1.21638,0.6115,0.2385,0.15,11,15,5,2,13,3,8.1,10.8571,2016,2,V,3,0,5,1,3.29126,0.8584999999999998,0.455,0.133
2016-02-28 18:05:00,2015,2,1,Tottenham,Swansea,3.57325,1.24938,0.8519,0.0974,0.0507,34,10,15,4,14,3,18.3636,7.7391,2016,2,V,3,0,3,1,4.82263,2.32387,0.441,0.4
2016-02-28 18:05:00,2015,3,2,Manchester United,Arsenal,1.09522,1.5435,0.2349,0.2833,0.4818,7,13,5,5,7,4,7.3333,10.1563,2016,2,V,3,0,5,1,2.63872,-0.44828,0.714,0.385
2016-03-01 23:45:00,2015,1,3,Aston Villa,Everton,0.60177,2.63668,0.0406,0.1041,0.8553,14,10,5,7,12,5,16.2,14.12,2016,3,D,0,3,4,-2,3.2384500000000003,-2.03491,0.357,0.7
2016-03-01 23:45:00,2015,2,0,Bournemouth,Southampton,1.41228,0.954161,0.4826,0.3075,0.2099,9,6,4,1,3,7,7.05,8.4074,2016,3,V,3,0,2,2,2.366441,0.45811899999999994,0.444,0.167
2016-03-01 23:45:00,2015,2,2,Leicester,West Bromwich Albion,3.04626,1.29485,0.7895,0.1435,0.067,22,11,4,3,14,2,15.8667,4.28,2016,3,N,1,1,4,0,4.3411100000000005,1.7514100000000001,0.182,0.273
2016-03-01 23:45:00,2015,2,2,Sunderland,Crystal Palace,0.93375,0.887448,0.3515,0.3282,0.3203,17,13,6,5,4,8,9.8696,5.24,2016,3,N,1,1,4,0,1.8211979999999999,0.046301999999999954,0.353,0.385
2016-03-01 23:45:00,2015,1,2,Norwich,Chelsea,1.24159,0.980988,0.4305,0.3041,0.2654,13,10,2,2,10,15,12.7059,9.6071,2016,3,D,0,3,3,-1,2.222578,0.260602,0.154,0.2
2016-03-02 23:45:00,2015,1,0,West Ham,Tottenham,0.784319,1.22673,0.199,0.2961,0.5049,14,9,3,3,2,0,2.4483,11.1818,2016,3,V,3,0,1,1,2.011049,-0.4424110000000001,0.214,0.333
2016-03-02 23:45:00,2015,1,2,Arsenal,Swansea,1.4928,1.69788,0.2983,0.2716,0.4301,17,11,4,2,22,1,15.0455,7.0345,2016,3,D,0,3,3,-1,3.19068,-0.20508000000000015,0.235,0.182
2016-03-02 23:45:00,2015,1,0,Stoke,Newcastle United,0.298318,0.270782,0.2002,0.614,0.1858,9,5,2,3,7,4,11.1739,5.6286,2016,3,V,3,0,1,1,0.5691,0.027536000000000005,0.222,0.6
2016-03-03 00:00:00,2015,3,0,Liverpool,Manchester City,1.16781,0.180318,0.6854,0.2704,0.0442,11,4,7,1,5,3,7.6786,5.825,2016,3,V,3,0,3,3,1.348128,0.987492,0.636,0.25
2016-03-03 00:00:00,2015,1,0,Manchester United,Watford,0.786278,2.16484,0.0969,0.1716,0.7315,14,13,3,4,6,2,7.3529,5.7692,2016,3,V,3,0,1,1,2.951118,-1.3785619999999998,0.214,0.308
2016-03-05 16:45:00,2015,2,2,Tottenham,Arsenal,1.88378,0.543157,0.7353,0.1861,0.0786,26,10,11,4,6,6,7.0968,5.2,2016,3,N,1,1,4,0,2.426937,1.340623,0.423,0.4
2016-03-05 19:00:00,2015,1,1,Southampton,Sunderland,1.54587,1.31562,0.4147,0.2789,0.3064,16,11,5,3,17,3,12.85,4.3,2016,3,N,1,1,2,0,2.86149,0.23025000000000007,0.312,0.273
2016-03-05 19:00:00,2015,1,0,Swansea,Norwich,0.545937,0.580126,0.2762,0.4246,0.2992,10,8,3,3,6,8,9.7143,4.4375,2016,3,V,3,0,1,1,1.126063,-0.034189000000000025,0.3,0.375
2016-03-05 19:00:00,2015,1,1,Chelsea,Stoke,1.0615,1.60285,0.2301,0.2578,0.5121,20,17,7,5,11,3,9.625,9.2857,2016,3,N,1,1,2,0,2.66435,-0.54135,0.35,0.294
2016-03-05 19:00:00,2015,2,3,Everton,West Ham,2.09025,2.72091,0.2512,0.2213,0.5275,15,17,8,5,2,6,6.9286,14.2,2016,3,D,0,3,5,-1,4.81116,-0.6306599999999998,0.533,0.294
2016-03-05 19:00:00,2015,4,0,Manchester City,Aston Villa,2.83271,0.121136,0.9594,0.0378,0.0028,22,2,9,1,25,2,27.855400000000003,5.3824,2016,3,V,3,0,4,4,2.953846,2.711574,0.409,0.5
2016-03-05 19:00:00,2015,1,3,Newcastle United,Bournemouth,0.833931,1.26853,0.2406,0.2977,0.4617,14,16,3,5,4,9,6.3143,7.5938,2016,3,D,0,3,4,-2,2.102461,-0.43459899999999996,0.214,0.312
2016-03-05 21:30:00,2015,0,1,Watford,Leicester,0.829318,1.47042,0.1857,0.2834,0.5309,11,14,4,7,10,5,7.6552,8.6957,2016,3,D,0,3,1,-1,2.299738,-0.6411020000000001,0.364,0.5
2016-03-06 17:30:00,2015,1,2,Crystal Palace,Liverpool,1.43901,2.27087,0.1751,0.2328,0.5921,14,19,4,5,1,15,5.1,13.3043,2016,3,D,0,3,3,-1,3.70988,-0.83186,0.286,0.263
2016-03-06 20:00:00,2015,1,0,West Bromwich Albion,Manchester United,0.565787,0.417622,0.3171,0.4628,0.2201,9,7,2,1,8,1,14.7333,8.1786,2016,3,V,3,0,1,1,0.983409,0.14816500000000005,0.222,0.143
2016-03-12 16:45:00,2015,0,0,Norwich,Manchester City,0.139743,0.557373,0.0732,0.5371,0.3897,5,15,0,3,1,10,6.2174,10.32,2016,3,N,1,1,0,0,0.6971160000000001,-0.41763,0.0,0.2
2016-03-12 19:00:00,2015,1,2,Stoke,Southampton,1.06676,0.874966,0.4052,0.3218,0.273,13,11,2,4,8,7,10.4074,6.7917,2016,3,D,0,3,3,-1,1.941726,0.1917939999999999,0.154,0.364
2016-03-12 19:00:00,2015,3,2,Bournemouth,Swansea,0.70756,1.09562,0.2141,0.3125,0.4734,12,13,4,4,4,3,5.697,7.8387,2016,3,V,3,0,5,1,1.80318,-0.38806000000000007,0.333,0.308
2016-03-13 20:00:00,2015,0,2,Aston Villa,Tottenham,1.84022,2.00141,0.3505,0.2544,0.3951,12,19,2,8,4,8,6.5217,13.52,2016,3,D,0,3,2,-2,3.84163,-0.16118999999999994,0.167,0.421
2016-03-14 00:00:00,2015,1,0,Leicester,Newcastle United,0.846771,0.518715,0.4128,0.3765,0.2107,10,12,1,2,5,7,12.2,9.8077,2016,3,V,3,0,1,1,1.3654860000000002,0.328056,0.1,0.167
2016-03-19 16:45:00,2015,0,2,Everton,Arsenal,0.58617,1.92384,0.0621,0.1765,0.7614,8,11,2,3,5,9,8.1714,5.5946,2016,3,D,0,3,2,-2,2.51001,-1.3376700000000001,0.25,0.273
2016-03-19 19:00:00,2015,0,1,Crystal Palace,Leicester,0.784339,1.20315,0.2303,0.3048,0.4649,13,8,4,3,3,8,7.3529,4.8462,2016,3,D,0,3,1,-1,1.987489,-0.41881099999999993,0.308,0.375
2016-03-19 19:00:00,2015,2,2,Chelsea,West Ham,2.1406,0.862828,0.7106,0.188,0.1014,22,13,5,6,10,4,11.5926,7.64,2016,3,N,1,1,4,0,3.003428,1.2777720000000001,0.227,0.462
2016-03-19 19:00:00,2015,1,2,Watford,Stoke,0.879462,1.58145,0.1641,0.2743,0.5616,9,9,4,6,5,0,7.5806,7.1333,2016,3,D,0,3,3,-1,2.460912,-0.7019880000000001,0.444,0.667
2016-03-19 19:00:00,2015,0,1,West Bromwich Albion,Norwich,0.332789,0.799255,0.1296,0.3914,0.479,10,7,0,1,2,5,7.1579,5.6957,2016,3,D,0,3,1,-1,1.132044,-0.46646600000000005,0.0,0.143
2016-03-19 21:30:00,2015,1,0,Swansea,Aston Villa,0.490469,0.730828,0.2134,0.4131,0.3735,10,12,1,2,6,2,6.725,5.4828,2016,3,V,3,0,1,1,1.221297,-0.24035900000000004,0.1,0.167
2016-03-20 17:30:00,2015,3,2,Southampton,Liverpool,1.56873,1.29046,0.4416,0.28,0.2784,16,17,5,8,10,6,17.5385,9.64,2016,3,V,3,0,5,1,2.85919,0.27827,0.312,0.471
2016-03-20 17:30:00,2015,1,1,Newcastle United,Sunderland,0.940593,0.785017,0.3775,0.34,0.2825,17,14,8,4,3,7,13.2632,4.4231,2016,3,N,1,1,2,0,1.72561,0.15557600000000005,0.471,0.286
2016-03-20 20:00:00,2015,0,1,Manchester City,Manchester United,1.86249,0.900312,0.6074,0.2416,0.151,26,5,3,4,10,3,7.0667,8.6522,2016,3,D,0,3,1,-1,2.7628019999999998,0.962178,0.115,0.8
2016-03-20 20:00:00,2015,3,0,Tottenham,Bournemouth,2.02694,0.120366,0.894,0.0965,0.0095,17,2,8,0,6,0,21.3529,6.1212,2016,3,V,3,0,3,3,2.1473060000000004,1.9065740000000002,0.471,0.0
2016-04-02 15:45:00,2015,0,4,Aston Villa,Chelsea,0.72512,2.49358,0.0442,0.1162,0.8396,15,11,4,8,6,8,7.8519,15.1923,2016,4,D,0,3,4,-4,3.2187,-1.7684600000000001,0.267,0.727
2016-04-02 18:00:00,2015,4,0,Arsenal,Watford,3.00742,0.290619,0.9558,0.0384,0.0058,19,7,12,3,13,4,18.7143,7.5455,2016,4,V,3,0,4,4,3.298039,2.7168010000000002,0.632,0.429
2016-04-02 18:00:00,2015,0,4,Bournemouth,Manchester City,1.3239,0.868303,0.4982,0.2815,0.2203,11,15,2,7,4,10,11.4615,10.6538,2016,4,D,0,3,4,-4,2.192203,0.45559700000000003,0.182,0.467
2016-04-02 18:00:00,2015,3,2,Norwich,Newcastle United,1.65216,1.46835,0.4074,0.2903,0.3023,13,13,6,5,8,4,9.9333,17.6667,2016,4,V,3,0,5,1,3.1205100000000003,0.18381000000000003,0.462,0.385
2016-04-02 18:00:00,2015,2,2,Stoke,Swansea,1.17598,0.4319,0.6017,0.289,0.1093,12,12,5,3,4,9,8.7241,15.8947,2016,4,N,1,1,4,0,1.60788,0.7440800000000001,0.417,0.25
2016-04-02 18:00:00,2015,0,0,Sunderland,West Bromwich Albion,1.54544,0.0635563,0.7948,0.1948,0.0104,22,3,7,0,8,0,7.5417,6.1429,2016,4,N,1,1,0,0,1.6089962999999998,1.4818837,0.318,0.0
2016-04-02 18:00:00,2015,2,2,West Ham,Crystal Palace,1.71369,1.65593,0.372,0.2703,0.3577,18,12,6,5,11,0,11.3571,5.6667,2016,4,N,1,1,4,0,3.36962,0.057760000000000034,0.333,0.417
2016-04-02 20:30:00,2015,1,1,Liverpool,Tottenham,1.37954,1.23579,0.3938,0.2732,0.333,15,18,7,5,12,10,7.3913,7.7105,2016,4,N,1,1,2,0,2.61533,0.14375000000000004,0.467,0.278
2016-04-03 16:30:00,2015,1,0,Leicester,Southampton,1.38701,0.670068,0.5671,0.2844,0.1485,11,10,4,2,6,6,15.6,10.5294,2016,4,V,3,0,1,1,2.057078,0.7169420000000001,0.364,0.2
2016-04-03 19:00:00,2015,1,0,Manchester United,Everton,0.998692,0.755625,0.4179,0.3492,0.2329,10,7,2,1,8,4,10.4,7.2424,2016,4,V,3,0,1,1,1.754317,0.24306700000000003,0.2,0.143
2016-04-09 15:45:00,2015,3,3,West Ham,Arsenal,1.10973,1.46966,0.2672,0.2662,0.4666,19,11,7,6,6,15,9.65,9.5161,2016,4,N,1,1,6,0,2.57939,-0.35992999999999986,0.368,0.545
2016-04-09 18:00:00,2015,1,1,Watford,Everton,0.408379,1.59979,0.0705,0.2082,0.7213,13,12,4,7,8,3,8.5882,11.6522,2016,4,N,1,1,2,0,2.008169,-1.191411,0.308,0.583
2016-04-09 18:00:00,2015,3,1,Southampton,Newcastle United,1.78477,0.165982,0.8328,0.1432,0.024,20,5,6,3,10,1,21.4,9.6296,2016,4,V,3,0,4,2,1.950752,1.618788,0.3,0.6
2016-04-09 18:00:00,2015,1,0,Swansea,Chelsea,1.9071,1.3003,0.5249,0.2659,0.2092,12,8,6,2,6,9,8.069,8.7073,2016,4,V,3,0,1,1,3.2074,0.6068,0.5,0.25
2016-04-09 18:00:00,2015,1,2,Aston Villa,Bournemouth,0.220872,1.0038,0.0717,0.3483,0.58,6,12,1,3,2,3,5.5278,18.0588,2016,4,D,0,3,3,-1,1.224672,-0.7829280000000001,0.167,0.25
2016-04-09 18:00:00,2015,1,0,Crystal Palace,Norwich,1.45029,0.675663,0.592,0.2654,0.1426,13,13,7,4,1,6,7.4444,4.5833,2016,4,V,3,0,1,1,2.125953,0.7746270000000001,0.538,0.308
2016-04-09 20:30:00,2015,2,1,Manchester City,West Bromwich Albion,2.07325,1.09413,0.6542,0.2287,0.1171,13,13,4,2,5,4,10.2083,9.875,2016,4,V,3,0,3,1,3.1673799999999996,0.9791199999999998,0.308,0.154
2016-04-10 16:30:00,2015,0,2,Sunderland,Leicester,0.872232,2.60072,0.0576,0.1406,0.8018,15,16,1,7,8,11,6.5833,6.28,2016,4,D,0,3,2,-2,3.472952,-1.728488,0.067,0.438
2016-04-10 19:00:00,2015,3,0,Tottenham,Manchester United,1.79647,0.341238,0.7806,0.1721,0.0473,16,5,8,1,8,1,6.9615,5.9706,2016,4,V,3,0,3,3,2.137708,1.455232,0.5,0.2
2016-04-10 19:00:00,2015,4,1,Liverpool,Stoke,2.21484,0.85508,0.7428,0.1704,0.0868,14,11,6,3,1,3,9.1429,8.75,2016,4,V,3,0,5,3,3.06992,1.35976,0.429,0.273
2016-04-13 23:00:00,2015,0,0,Crystal Palace,Everton,1.59025,0.759269,0.5854,0.2516,0.163,19,9,7,5,12,9,14.5294,8.3913,2016,4,N,1,1,0,0,2.349519,0.830981,0.368,0.556
2016-04-16 15:45:00,2015,0,3,Norwich,Sunderland,1.09006,1.99748,0.1464,0.228,0.6256,19,8,7,3,6,6,13.0667,6.9231,2016,4,D,0,3,3,-3,3.0875399999999997,-0.9074199999999999,0.368,0.375
2016-04-16 18:00:00,2015,1,0,Manchester United,Aston Villa,1.09127,0.262427,0.6032,0.3146,0.0822,13,7,4,1,14,1,21.0769,7.8636,2016,4,V,3,0,1,1,1.353697,0.828843,0.308,0.143
2016-04-16 18:00:00,2015,1,1,Everton,Southampton,0.318721,1.38323,0.0721,0.2592,0.6687,7,18,2,4,1,15,5.9429,16.0,2016,4,N,1,1,2,0,1.701951,-1.064509,0.286,0.222
2016-04-16 18:00:00,2015,3,0,Newcastle United,Swansea,1.5024,0.787081,0.5735,0.2656,0.1609,12,11,7,1,2,8,5.0,16.0476,2016,4,V,3,0,3,3,2.289481,0.7153189999999999,0.583,0.091
2016-04-16 18:00:00,2015,0,1,West Bromwich Albion,Watford,2.2915,0.364852,0.8984,0.0836,0.018,17,11,4,4,7,3,9.1429,6.3704,2016,4,D,0,3,1,-1,2.656352,1.9266480000000001,0.235,0.364
2016-04-16 20:30:00,2015,0,3,Chelsea,Manchester City,0.487715,2.62768,0.0231,0.081,0.8959,11,11,4,8,5,9,13.5,9.0,2016,4,D,0,3,3,-3,3.115395,-2.1399649999999997,0.364,0.727
2016-04-17 16:30:00,2015,2,2,Leicester,West Ham,1.95296,1.56819,0.4751,0.2838,0.2411,6,19,2,4,5,6,5.7931,12.7059,2016,4,N,1,1,4,0,3.52115,0.38477000000000006,0.333,0.211
2016-04-17 16:30:00,2015,1,2,Bournemouth,Liverpool,0.85914,1.81443,0.1384,0.2284,0.6332,18,19,5,6,3,8,20.7333,8.2727,2016,4,D,0,3,3,-1,2.67357,-0.95529,0.278,0.316
2016-04-17 19:00:00,2015,1,1,Arsenal,Crystal Palace,1.73461,0.275806,0.7641,0.1886,0.0473,21,7,6,2,16,1,16.7143,8.9444,2016,4,N,1,1,2,0,2.010416,1.458804,0.286,0.286
2016-04-18 23:00:00,2015,0,4,Stoke,Tottenham,0.458376,2.89775,0.0203,0.0793,0.9004,12,23,2,6,3,5,8.2143,8.75,2016,4,D,0,3,4,-4,3.3561259999999997,-2.439374,0.167,0.261
2016-04-19 22:45:00,2015,1,1,Newcastle United,Manchester City,0.455246,0.522043,0.2521,0.4631,0.2848,5,9,3,5,1,5,7.92,9.1538,2016,4,N,1,1,2,0,0.9772890000000001,-0.06679700000000005,0.6,0.556
2016-04-20 22:45:00,2015,3,1,West Ham,Watford,3.96294,1.22333,0.9281,0.055,0.0169,18,7,7,4,8,5,6.3235,7.1111,2016,4,V,3,0,4,2,5.18627,2.73961,0.389,0.571
2016-04-20 23:00:00,2015,2,0,Manchester United,Crystal Palace,1.46607,0.137416,0.8173,0.1625,0.0202,16,5,10,0,13,2,11.72,4.8788,2016,4,V,3,0,2,2,1.603486,1.328654,0.625,0.0
2016-04-20 23:00:00,2015,4,0,Liverpool,Everton,3.24472,0.0886329,0.9664,0.0314,0.0022,37,3,13,0,18,0,24.0,4.7576,2016,4,V,3,0,4,4,3.3333529,3.1560871,0.351,0.0
2016-04-21 22:45:00,2015,2,0,Arsenal,West Bromwich Albion,1.37348,0.839742,0.4846,0.305,0.2104,16,8,7,1,20,1,14.8214,3.8387,2016,4,V,3,0,2,2,2.213222,0.533738,0.438,0.125
2016-04-23 15:45:00,2015,4,0,Manchester City,Stoke,2.22482,1.09174,0.6826,0.1953,0.1221,11,14,6,2,10,4,15.6842,8.9355,2016,4,V,3,0,4,4,3.31656,1.1330799999999999,0.545,0.143
2016-04-23 18:00:00,2015,2,4,Aston Villa,Southampton,1.47192,3.6648,0.0697,0.1061,0.8242,16,17,7,7,2,19,5.973,21.4,2016,4,D,0,3,6,-2,5.13672,-2.19288,0.438,0.412
2016-04-23 18:00:00,2015,1,4,Bournemouth,Chelsea,0.575087,2.07192,0.0702,0.1646,0.7652,13,16,4,4,4,9,11.1905,7.7632,2016,4,D,0,3,5,-3,2.647007,-1.496833,0.308,0.25
2016-04-23 18:00:00,2015,2,2,Liverpool,Newcastle United,0.712881,0.253033,0.4419,0.4427,0.1154,13,6,4,3,11,3,9.0286,4.88,2016,4,N,1,1,4,0,0.9659139999999999,0.459848,0.308,0.5
2016-04-24 17:05:00,2015,0,0,Sunderland,Arsenal,0.617149,0.97303,0.2275,0.345,0.4275,12,20,3,7,3,20,7.8,15.9545,2016,4,N,1,1,0,0,1.590179,-0.355881,0.25,0.35
2016-04-24 19:15:00,2015,4,0,Leicester,Swansea,3.31579,0.576457,0.9598,0.0341,0.0061,18,9,9,1,4,1,4.7179,10.0541,2016,4,V,3,0,4,4,3.892247,2.739333,0.5,0.111
2016-04-25 23:00:00,2015,1,1,Tottenham,West Bromwich Albion,1.26346,0.894413,0.4449,0.3018,0.2533,18,16,2,3,10,5,11.2692,5.6667,2016,4,N,1,1,2,0,2.157873,0.369047,0.111,0.188
2016-04-30 18:00:00,2015,1,1,Stoke,Sunderland,0.68487,1.43105,0.1341,0.2734,0.5925,11,14,3,5,6,5,10.1905,5.0833,2016,4,N,1,1,2,0,2.11592,-0.74618,0.273,0.357
2016-04-30 18:00:00,2015,1,0,Newcastle United,Crystal Palace,0.53407,1.05079,0.1357,0.3261,0.5382,10,9,4,3,6,2,5.7,8.0,2016,4,V,3,0,1,1,1.58486,-0.5167199999999998,0.4,0.333
2016-04-30 18:00:00,2015,2,1,Everton,Bournemouth,0.95281,1.42599,0.2267,0.2866,0.4867,12,16,5,2,9,9,17.9444,9.875,2016,4,V,3,0,3,1,2.3788,-0.47318000000000005,0.417,0.125
2016-04-30 18:00:00,2015,3,2,Watford,Aston Villa,1.36255,0.491793,0.5973,0.2809,0.1218,18,7,6,2,10,1,17.8889,6.5385,2016,4,V,3,0,5,1,1.8543429999999999,0.870757,0.333,0.286
2016-04-30 18:00:00,2015,0,3,West Bromwich Albion,West Ham,1.5346,1.27183,0.4153,0.3091,0.2756,15,8,5,4,4,5,6.0714,7.8649,2016,4,D,0,3,3,-3,2.8064299999999998,0.26276999999999995,0.333,0.5
2016-04-30 20:30:00,2015,1,0,Arsenal,Norwich,0.781508,0.578781,0.3665,0.392,0.2415,14,12,3,3,11,3,21.3333,7.5625,2016,4,V,3,0,1,1,1.3602889999999999,0.202727,0.214,0.25
2016-05-01 15:00:00,2015,3,1,Swansea,Liverpool,2.31862,0.776186,0.7697,0.1641,0.0662,18,11,9,3,8,1,13.05,9.1081,2016,5,V,3,0,4,2,3.094806,1.542434,0.5,0.273
2016-05-01 17:05:00,2015,1,1,Manchester United,Leicester,1.18462,1.16622,0.3522,0.287,0.3608,21,14,6,3,10,6,11.375,3.8696,2016,5,N,1,1,2,0,2.35084,0.018399999999999972,0.286,0.214
2016-05-01 19:30:00,2015,4,2,Southampton,Manchester City,2.84362,1.12719,0.814,0.1401,0.0459,14,6,7,5,10,1,5.4118,10.1515,2016,5,V,3,0,6,2,3.97081,1.7164300000000001,0.5,0.833
2016-05-02 23:00:00,2015,2,2,Chelsea,Tottenham,0.81661,1.90407,0.1027,0.2163,0.681,13,16,5,5,7,1,5.5714,10.6818,2016,5,N,1,1,4,0,2.7206799999999998,-1.08746,0.385,0.312
2016-05-07 15:45:00,2015,0,1,Norwich,Manchester United,1.36825,1.48344,0.3319,0.2787,0.3894,8,15,2,2,3,12,4.2174,12.2,2016,5,D,0,3,1,-1,2.85169,-0.11519000000000013,0.25,0.133
2016-05-07 18:00:00,2015,2,1,Crystal Palace,Stoke,1.31448,1.27766,0.3608,0.2966,0.3426,17,12,4,3,7,6,9.1905,5.64,2016,5,V,3,0,3,1,2.59214,0.036820000000000075,0.235,0.25
2016-05-07 18:00:00,2015,1,4,West Ham,Swansea,2.39454,2.47265,0.3543,0.257,0.3887,25,13,7,6,13,14,16.4,8.0741,2016,5,D,0,3,5,-3,4.86719,-0.07810999999999968,0.28,0.462
2016-05-07 18:00:00,2015,0,0,Aston Villa,Newcastle United,0.0312154,1.09626,0.0097,0.2869,0.7034,2,9,0,3,0,5,7.7037,13.5789,2016,5,N,1,1,0,0,1.1274754,-1.0650446,0.0,0.333
2016-05-07 18:00:00,2015,1,1,Bournemouth,West Bromwich Albion,0.814964,1.34282,0.1747,0.3058,0.5195,12,12,4,4,4,2,16.6111,8.2857,2016,5,N,1,1,2,0,2.157784,-0.5278559999999999,0.333,0.333
2016-05-07 18:00:00,2015,3,2,Sunderland,Chelsea,0.773876,1.77677,0.1323,0.2196,0.6481,14,9,4,8,2,11,11.5455,8.7442,2016,5,V,3,0,5,1,2.550646,-1.002894,0.286,0.889
2016-05-07 20:30:00,2015,3,1,Leicester,Everton,4.50525,1.30184,0.9249,0.0535,0.0216,32,9,8,5,9,6,6.3846,16.7368,2016,5,V,3,0,4,2,5.8070900000000005,3.20341,0.25,0.556
2016-05-08 16:30:00,2015,1,2,Tottenham,Southampton,2.55547,1.30812,0.6943,0.1938,0.1119,20,10,6,2,11,4,10.8621,5.7,2016,5,D,0,3,3,-1,3.8635900000000003,1.2473500000000002,0.3,0.2
2016-05-08 19:00:00,2015,2,0,Liverpool,Watford,2.38919,0.930803,0.7358,0.1675,0.0967,19,14,5,3,17,6,12.5769,4.8889,2016,5,V,3,0,2,2,3.319993,1.458387,0.263,0.214
2016-05-08 19:00:00,2015,2,2,Manchester City,Arsenal,0.75375,1.08084,0.2304,0.3122,0.4574,14,5,3,2,8,1,8.6154,4.9459,2016,5,N,1,1,4,0,1.83459,-0.32709,0.214,0.4
2016-05-10 23:30:00,2015,3,2,West Ham,Manchester United,2.13311,0.635987,0.7557,0.1832,0.0611,20,3,6,2,8,7,5.9643,8.4483,2016,5,V,3,0,5,1,2.769097,1.4971229999999998,0.3,0.667
2016-05-11 22:45:00,2015,4,2,Norwich,Watford,2.41871,1.7686,0.5392,0.2364,0.2244,18,12,6,7,12,7,7.3438,7.8696,2016,5,V,3,0,6,2,4.18731,0.65011,0.333,0.583
2016-05-11 22:45:00,2015,3,0,Sunderland,Everton,2.44887,1.16563,0.7137,0.1909,0.0954,14,17,8,6,8,10,9.625,14.9524,2016,5,V,3,0,3,3,3.6144999999999996,1.28324,0.571,0.353
2016-05-11 23:00:00,2015,1,1,Liverpool,Chelsea,1.83934,0.812268,0.6351,0.2204,0.1445,28,13,9,7,8,3,11.8462,8.2222,2016,5,N,1,1,2,0,2.651608,1.027072,0.321,0.538
2016-05-15 18:00:00,2015,4,0,Arsenal,Aston Villa,3.40207,0.222731,0.9677,0.0283,0.004,16,5,7,2,21,2,24.4545,7.1875,2016,5,V,3,0,4,4,3.624801,3.179339,0.438,0.4
2016-05-15 18:00:00,2015,1,1,Chelsea,Leicester,1.86065,1.23491,0.5337,0.254,0.2123,17,18,4,5,18,9,7.2632,14.8125,2016,5,N,1,1,2,0,3.09556,0.62574,0.235,0.278
2016-05-15 18:00:00,2015,3,0,Everton,Norwich,2.40775,0.43016,0.8762,0.0991,0.0247,15,11,8,2,14,10,9.0952,6.7586,2016,5,V,3,0,3,3,2.83791,1.9775900000000002,0.533,0.182
2016-05-15 18:00:00,2015,5,1,Newcastle United,Tottenham,2.42808,0.869082,0.7615,0.1586,0.0799,19,18,10,5,4,13,9.5789,15.2353,2016,5,V,3,0,6,4,3.297162,1.5589979999999999,0.526,0.278
2016-05-15 18:00:00,2015,4,1,Southampton,Crystal Palace,2.32278,1.24857,0.6471,0.2062,0.1467,19,16,5,4,7,5,9.6842,10.7895,2016,5,V,3,0,5,3,3.57135,1.0742099999999999,0.263,0.25
2016-05-15 18:00:00,2015,2,1,Stoke,West Ham,0.288737,2.94489,0.0079,0.0486,0.9435,7,20,4,8,4,7,12.0556,17.5385,2016,5,V,3,0,3,1,3.2336270000000003,-2.6561529999999998,0.571,0.4
2016-05-15 18:00:00,2015,1,1,Swansea,Manchester City,0.115604,2.04003,0.0059,0.0703,0.9238,4,18,1,5,1,14,9.5484,13.3889,2016,5,N,1,1,2,0,2.1556339999999996,-1.9244259999999997,0.25,0.278
2016-05-15 18:00:00,2015,2,2,Watford,Sunderland,1.95277,0.908817,0.6536,0.2276,0.1188,20,6,6,4,9,7,8.9524,8.15,2016,5,N,1,1,4,0,2.861587,1.043953,0.3,0.667
2016-05-15 18:00:00,2015,1,1,West Bromwich Albion,Liverpool,1.86869,0.419877,0.81,0.1498,0.0402,13,7,1,3,3,6,4.5385,13.6154,2016,5,N,1,1,2,0,2.288567,1.448813,0.077,0.429
2016-05-17 23:00:00,2015,3,1,Manchester United,Bournemouth,1.72109,0.503471,0.7221,0.2007,0.0772,12,7,5,0,14,5,16.381,11.3684,2016,5,V,3,0,4,2,2.224561,1.217619,0.417,0.0
2016-08-13 15:30:00,2016,2,1,Hull,Leicester,0.740018,2.45631,0.0538,0.1247,0.8215,14,18,5,5,0,5,11.28,17.8667,2016,8,V,3,0,3,1,3.1963280000000003,-1.7162920000000002,0.357,0.278
2016-08-13 18:00:00,2016,0,1,Crystal Palace,West Bromwich Albion,0.990062,0.684593,0.4295,0.3356,0.2349,14,13,4,3,4,5,7.0769,4.2609,2016,8,D,0,3,1,-1,1.674655,0.305469,0.286,0.231
2016-08-13 18:00:00,2016,1,1,Everton,Tottenham,0.790063,1.12348,0.2313,0.3322,0.4365,12,13,6,4,5,8,5.4118,7.4194,2016,8,N,1,1,2,0,1.913543,-0.3334170000000001,0.5,0.308
2016-08-13 18:00:00,2016,0,1,Burnley,Swansea,1.04903,1.72089,0.1626,0.2888,0.5486,10,17,3,9,5,2,10.3125,10.9524,2016,8,D,0,3,1,-1,2.76992,-0.6718600000000001,0.3,0.529
2016-08-13 18:00:00,2016,1,1,Middlesbrough,Stoke,1.80523,0.485626,0.7885,0.1624,0.0491,12,12,2,1,4,4,9.0455,7.3125,2016,8,N,1,1,2,0,2.290856,1.319604,0.167,0.083
2016-08-13 18:00:00,2016,1,1,Southampton,Watford,0.937328,0.180046,0.5425,0.3917,0.0658,24,5,6,1,6,4,14.9565,6.5833,2016,8,N,1,1,2,0,1.117374,0.757282,0.25,0.2
2016-08-13 20:30:00,2016,2,1,Manchester City,Sunderland,1.95479,1.09877,0.598,0.2506,0.1514,16,7,4,3,11,4,16.0,5.4286,2016,8,V,3,0,3,1,3.05356,0.85602,0.25,0.429
2016-08-14 16:30:00,2016,1,3,Bournemouth,Manchester United,0.522847,1.91105,0.0548,0.159,0.7862,9,11,3,7,3,4,10.52,14.625,2016,8,D,0,3,4,-2,2.433897,-1.3882029999999999,0.333,0.636
2016-08-14 19:00:00,2016,3,4,Arsenal,Liverpool,1.18197,1.6591,0.2393,0.2859,0.4748,9,16,5,7,2,12,9.5862,8.6667,2016,8,D,0,3,7,-1,2.84107,-0.47713000000000005,0.556,0.438
2016-08-15 23:00:00,2016,2,1,Chelsea,West Ham,1.4603,0.445604,0.6858,0.2362,0.078,16,7,6,3,7,3,11.8929,6.2647,2016,8,V,3,0,3,1,1.905904,1.0146959999999998,0.375,0.429
2016-08-19 23:00:00,2016,2,0,Manchester United,Southampton,1.36553,0.613233,0.6019,0.2712,0.1269,12,13,5,1,9,8,6.871,17.2,2016,8,V,3,0,2,2,1.9787629999999998,0.7522969999999999,0.417,0.077
2016-08-20 15:30:00,2016,1,4,Stoke,Manchester City,1.31066,2.17198,0.1427,0.2554,0.6019,8,12,3,6,3,9,4.7273,13.3158,2016,8,D,0,3,5,-3,3.48264,-0.8613200000000001,0.375,0.5
2016-08-20 18:00:00,2016,2,0,Burnley,Liverpool,0.197536,0.939025,0.0721,0.373,0.5549,3,26,2,5,0,14,6.0,24.328687499999997,2016,8,V,3,0,2,2,1.136561,-0.7414890000000001,0.667,0.192
2016-08-20 18:00:00,2016,0,2,Swansea,Hull,1.14134,2.18655,0.135,0.2041,0.6609,23,12,3,4,11,5,25.25,10.2333,2016,8,D,0,3,2,-2,3.32789,-1.04521,0.13,0.333
2016-08-20 18:00:00,2016,1,0,Tottenham,Crystal Palace,2.25623,0.357943,0.8706,0.1053,0.0241,20,10,5,2,2,6,8.3548,4.8438,2016,8,V,3,0,1,1,2.614173,1.8982869999999998,0.25,0.2
2016-08-20 18:00:00,2016,1,2,Watford,Chelsea,0.804549,1.75595,0.1078,0.2467,0.6455,6,13,2,4,1,9,8.375,9.8667,2016,8,D,0,3,3,-1,2.560499,-0.9514009999999999,0.333,0.308
2016-08-20 18:00:00,2016,1,2,West Bromwich Albion,Everton,2.01885,1.83897,0.3984,0.2562,0.3454,11,13,4,7,7,8,4.8571,11.8889,2016,8,D,0,3,3,-1,3.8578200000000002,0.17988000000000004,0.364,0.538
2016-08-20 20:30:00,2016,0,0,Leicester,Arsenal,0.553693,0.521509,0.2918,0.4486,0.2596,8,13,1,4,8,12,6.6522,7.4444,2016,8,N,1,1,0,0,1.075202,0.03218399999999999,0.125,0.308
2016-08-21 16:30:00,2016,1,2,Sunderland,Middlesbrough,1.4645,0.854908,0.5193,0.2957,0.185,18,8,5,3,12,6,5.875,9.9655,2016,8,D,0,3,3,-1,2.319408,0.6095919999999999,0.278,0.375
2016-08-21 19:00:00,2016,1,0,West Ham,Bournemouth,1.69288,0.39341,0.7472,0.1962,0.0566,16,8,2,5,13,7,7.4783,7.4412,2016,8,V,3,0,1,1,2.08629,1.29947,0.125,0.625
2016-08-27 15:30:00,2016,1,1,Tottenham,Liverpool,0.590511,1.92569,0.0672,0.1704,0.7624,11,13,4,3,3,11,7.129,7.5714,2016,8,N,1,1,2,0,2.5162009999999997,-1.335179,0.364,0.231
2016-08-27 18:00:00,2016,1,3,Watford,Arsenal,1.07775,2.03271,0.1375,0.2184,0.6441,14,10,6,7,8,11,7.0345,9.8621,2016,8,D,0,3,4,-2,3.11046,-0.9549599999999998,0.429,0.7
2016-08-27 18:00:00,2016,2,1,Leicester,Swansea,2.47977,0.32818,0.9129,0.0717,0.0154,13,9,6,3,3,4,11.3333,5.8571,2016,8,V,3,0,3,1,2.80795,2.1515899999999997,0.462,0.333
2016-08-27 18:00:00,2016,1,1,Southampton,Sunderland,0.613743,1.39142,0.1211,0.2572,0.6217,16,5,7,2,4,7,15.1765,5.8421,2016,8,N,1,1,2,0,2.005163,-0.7776770000000001,0.438,0.4
2016-08-27 18:00:00,2016,3,0,Chelsea,Burnley,2.65838,0.18449,0.9265,0.0623,0.0112,22,6,10,0,23,1,14.2917,16.6429,2016,8,V,3,0,3,3,2.84287,2.4738900000000004,0.455,0.0
2016-08-27 18:00:00,2016,1,1,Crystal Palace,Bournemouth,2.659,0.974014,0.7804,0.1446,0.075,24,10,5,3,12,8,12.9474,4.8824,2016,8,N,1,1,2,0,3.6330139999999997,1.6849859999999999,0.208,0.3
2016-08-27 18:00:00,2016,1,0,Everton,Stoke,2.31835,0.187415,0.9114,0.0778,0.0108,21,8,9,1,9,9,11.16,7.1379,2016,8,V,3,0,1,1,2.5057650000000002,2.130935,0.429,0.125
2016-08-27 20:30:00,2016,0,1,Hull,Manchester United,0.268815,2.47208,0.0115,0.0622,0.9263,8,29,2,9,2,15,11.85,19.1538,2016,8,D,0,3,1,-1,2.740895,-2.203265,0.25,0.31
2016-08-28 16:30:00,2016,0,0,West Bromwich Albion,Middlesbrough,0.696845,0.396816,0.383,0.4435,0.1735,13,7,2,2,5,4,6.7308,17.8889,2016,8,N,1,1,0,0,1.093661,0.30002900000000005,0.154,0.286
2016-08-28 19:00:00,2016,3,1,Manchester City,West Ham,3.21624,1.08385,0.8305,0.1137,0.0558,22,9,5,2,18,0,13.6154,5.6154,2016,8,V,3,0,4,2,4.30009,2.13239,0.227,0.222
2016-09-10 15:30:00,2016,1,2,Manchester United,Manchester City,1.01013,1.88688,0.1589,0.2351,0.606,14,18,3,6,8,11,5.0571,11.0741,2016,9,D,0,3,3,-1,2.89701,-0.8767499999999999,0.214,0.333
2016-09-10 18:00:00,2016,1,2,Middlesbrough,Crystal Palace,0.611959,1.12437,0.1752,0.317,0.5078,12,12,4,4,2,4,16.8421,9.3043,2016,9,D,0,3,3,-1,1.736329,-0.5124110000000001,0.333,0.333
2016-09-10 18:00:00,2016,0,4,Stoke,Tottenham,1.01771,2.77025,0.0711,0.1311,0.7978,16,20,2,8,10,9,8.6667,13.4,2016,9,D,0,3,4,-4,3.78796,-1.75254,0.125,0.4
2016-09-10 18:00:00,2016,2,1,Arsenal,Southampton,1.89219,1.17522,0.5518,0.2623,0.1859,17,11,2,5,13,1,12.375,10.7826,2016,9,V,3,0,3,1,3.0674099999999997,0.7169700000000001,0.118,0.455
2016-09-10 18:00:00,2016,1,0,Bournemouth,West Bromwich Albion,0.986511,1.48347,0.2038,0.287,0.5092,12,12,5,2,8,4,10.6667,6.8421,2016,9,V,3,0,1,1,2.469981,-0.49695900000000004,0.417,0.167
2016-09-10 18:00:00,2016,1,1,Burnley,Hull,0.453149,0.907116,0.1647,0.3618,0.4735,13,11,2,3,7,2,12.7778,13.931,2016,9,N,1,1,2,0,1.360265,-0.453967,0.154,0.273
2016-09-10 18:00:00,2016,2,4,West Ham,Watford,1.32216,1.85479,0.2437,0.2487,0.5076,19,13,4,8,5,6,12.0952,5.4483,2016,9,D,0,3,6,-2,3.1769499999999997,-0.5326299999999999,0.211,0.615
2016-09-10 20:30:00,2016,4,1,Liverpool,Leicester,2.76916,1.22508,0.7347,0.1643,0.101,17,12,11,3,14,3,14.7727,15.3,2016,9,V,3,0,5,3,3.9942399999999996,1.54408,0.647,0.25
2016-09-11 19:00:00,2016,2,2,Swansea,Chelsea,1.2304,2.19035,0.1643,0.2464,0.5893,6,28,2,7,3,14,13.7647,10.25,2016,9,N,1,1,4,0,3.42075,-0.9599500000000001,0.333,0.25
2016-09-12 23:00:00,2016,0,3,Sunderland,Everton,1.0404,2.84526,0.0753,0.141,0.7837,11,20,2,9,3,4,4.88,16.9565,2016,9,D,0,3,3,-3,3.88566,-1.8048600000000001,0.182,0.45
2016-09-16 23:00:00,2016,1,2,Chelsea,Liverpool,1.16415,1.41642,0.272,0.3052,0.4228,12,13,4,5,11,4,10.0938,14.7059,2016,9,D,0,3,3,-1,2.58057,-0.25227,0.333,0.385
2016-09-17 18:00:00,2016,1,4,Hull,Arsenal,0.969693,3.63453,0.0142,0.0649,0.9209,6,24,2,9,5,14,10.8182,24.328687499999997,2016,9,D,0,3,5,-3,4.604223,-2.664837,0.333,0.375
2016-09-17 18:00:00,2016,3,0,Leicester,Burnley,1.98503,0.464523,0.8043,0.155,0.0407,14,7,6,2,6,1,15.0,9.7368,2016,9,V,3,0,3,3,2.449553,1.520507,0.429,0.286
2016-09-17 18:00:00,2016,4,0,Manchester City,Bournemouth,3.38733,0.389672,0.971,0.0252,0.0038,20,6,11,2,16,2,21.2,4.3953,2016,9,V,3,0,4,4,3.777002,2.997658,0.55,0.333
2016-09-17 18:00:00,2016,4,2,West Bromwich Albion,West Ham,1.94229,2.37422,0.2819,0.2606,0.4575,8,23,6,5,2,10,4.5172,19.2632,2016,9,V,3,0,6,2,4.31651,-0.43193000000000015,0.75,0.217
2016-09-17 20:30:00,2016,3,1,Everton,Middlesbrough,1.17467,0.178081,0.6985,0.2628,0.0387,11,7,6,0,8,1,9.4722,24.2308,2016,9,V,3,0,4,2,1.352751,0.9965890000000002,0.545,0.0
2016-09-18 15:00:00,2016,3,1,Watford,Manchester United,1.74506,1.41359,0.4477,0.2906,0.2617,10,15,5,2,4,6,6.0556,11.4762,2016,9,V,3,0,4,2,3.1586499999999997,0.33147000000000015,0.5,0.133
2016-09-18 17:15:00,2016,4,1,Crystal Palace,Stoke,1.31366,1.20308,0.3724,0.3114,0.3162,14,11,8,4,3,3,8.9063,6.0345,2016,9,V,3,0,5,3,2.51674,0.11058000000000012,0.571,0.364
2016-09-18 17:15:00,2016,1,0,Southampton,Swansea,2.15218,0.490661,0.7973,0.1491,0.0536,19,9,6,3,7,4,16.9286,8.52,2016,9,V,3,0,1,1,2.6428409999999998,1.661519,0.316,0.333
2016-09-18 19:30:00,2016,1,0,Tottenham,Sunderland,2.52591,0.960821,0.7549,0.1649,0.0802,31,6,9,2,10,2,17.7,5.4211,2016,9,V,3,0,1,1,3.4867310000000002,1.565089,0.29,0.333
2016-09-24 15:00:00,2016,1,3,Swansea,Manchester City,1.11096,2.57704,0.0867,0.1701,0.7432,13,18,5,4,5,23,9.9565,11.4286,2016,9,D,0,3,4,-2,3.688,-1.4660800000000003,0.385,0.222
2016-09-24 15:30:00,2016,4,1,Manchester United,Leicester,2.45604,0.286966,0.9268,0.0632,0.01,16,10,7,3,11,11,19.4545,6.9545,2016,9,V,3,0,5,3,2.743006,2.1690739999999997,0.438,0.3
2016-09-24 18:00:00,2016,1,2,Middlesbrough,Tottenham,0.361508,1.4158,0.0804,0.2526,0.667,6,19,2,5,0,12,10.0,6.9,2016,9,D,0,3,3,-1,1.7773079999999999,-1.054292,0.333,0.263
2016-09-24 18:00:00,2016,1,1,Stoke,West Bromwich Albion,0.979673,0.270862,0.548,0.3567,0.0953,12,9,2,3,4,3,7.8077,7.2857,2016,9,N,1,1,2,0,1.250535,0.7088110000000001,0.167,0.333
2016-09-24 18:00:00,2016,2,3,Sunderland,Crystal Palace,1.51457,1.7887,0.3215,0.2471,0.4314,11,21,4,4,7,6,9.4118,10.375,2016,9,D,0,3,5,-1,3.30327,-0.27413,0.364,0.19
2016-09-24 18:00:00,2016,5,1,Liverpool,Hull,4.64913,0.157549,0.9966,0.0031,0.0003,32,2,12,1,21,2,26.5,5.8333,2016,9,V,3,0,6,4,4.806679000000001,4.491581,0.375,0.5
2016-09-24 18:00:00,2016,1,0,Bournemouth,Everton,0.693594,1.15724,0.1971,0.3117,0.4912,12,13,1,2,4,4,8.2593,8.5714,2016,9,V,3,0,1,1,1.850834,-0.463646,0.083,0.154
2016-09-24 20:30:00,2016,3,0,Arsenal,Chelsea,1.66224,0.613553,0.6565,0.2356,0.1079,14,9,5,2,15,4,11.8,11.4167,2016,9,V,3,0,3,3,2.275793,1.048687,0.357,0.222
2016-09-25 19:00:00,2016,0,3,West Ham,Southampton,0.693818,2.97877,0.0297,0.0847,0.8856,13,18,1,9,4,12,9.2273,11.8261,2016,9,D,0,3,3,-3,3.672588,-2.2849519999999997,0.077,0.5
2016-09-26 23:00:00,2016,2,0,Burnley,Watford,0.569734,0.776105,0.2333,0.3913,0.3754,13,12,4,2,2,1,9.6111,10.9583,2016,9,V,3,0,2,2,1.345839,-0.20637100000000008,0.308,0.167
2016-09-30 23:00:00,2016,1,1,Everton,Crystal Palace,1.1542,0.47692,0.5569,0.307,0.1361,13,10,3,2,8,6,11.1875,5.08,2016,9,N,1,1,2,0,1.63112,0.6772799999999999,0.231,0.2
2016-10-01 15:30:00,2016,1,2,Swansea,Liverpool,2.65842,2.02239,0.5431,0.2294,0.2275,8,18,3,6,2,16,9.16,13.8571,2016,10,D,0,3,3,-1,4.68081,0.6360299999999999,0.375,0.333
2016-10-01 18:00:00,2016,1,1,Sunderland,West Bromwich Albion,1.19268,0.88211,0.4588,0.3018,0.2394,7,17,2,7,8,7,20.0,7.5455,2016,10,N,1,1,2,0,2.07479,0.31057,0.286,0.412
2016-10-01 18:00:00,2016,0,2,Hull,Chelsea,0.27266,1.99155,0.0297,0.1375,0.8328,8,22,2,9,2,11,11.0952,14.7895,2016,10,D,0,3,2,-2,2.26421,-1.71889,0.25,0.409
2016-10-01 18:00:00,2016,2,2,Watford,Bournemouth,1.23419,1.35487,0.326,0.2881,0.3859,17,12,7,3,12,2,9.0,6.4643,2016,10,N,1,1,4,0,2.58906,-0.12068000000000012,0.412,0.25
2016-10-01 18:00:00,2016,1,1,West Ham,Middlesbrough,0.883385,0.852603,0.3342,0.3449,0.3209,19,9,2,3,3,2,7.4583,11.5385,2016,10,N,1,1,2,0,1.7359879999999999,0.030781999999999976,0.105,0.333
2016-10-02 15:00:00,2016,1,1,Manchester United,Stoke,2.80988,1.20043,0.7652,0.1639,0.0709,24,7,9,6,11,6,21.0769,4.2069,2016,10,N,1,1,2,0,4.0103100000000005,1.60945,0.375,0.857
2016-10-02 17:15:00,2016,0,0,Leicester,Southampton,0.446309,0.920963,0.1629,0.363,0.4741,9,11,1,5,4,8,10.9524,19.4,2016,10,N,1,1,0,0,1.367272,-0.47465399999999996,0.111,0.455
2016-10-02 17:15:00,2016,2,0,Tottenham,Manchester City,1.69975,0.909513,0.5923,0.2545,0.1532,13,12,7,6,2,13,7.1364,5.9091,2016,10,V,3,0,2,2,2.6092630000000003,0.7902370000000001,0.538,0.5
2016-10-02 19:30:00,2016,0,1,Burnley,Arsenal,0.608783,1.85433,0.0608,0.2093,0.7299,10,18,1,3,0,15,7.8333,24.328687499999997,2016,10,D,0,3,1,-1,2.463113,-1.2455470000000002,0.1,0.167
2016-10-15 15:30:00,2016,3,0,Chelsea,Leicester,3.11573,0.182549,0.9675,0.0292,0.0033,16,5,6,0,12,3,12.8,11.2174,2016,10,V,3,0,3,3,3.298279,2.9331810000000003,0.375,0.0
2016-10-15 18:00:00,2016,3,2,Arsenal,Swansea,3.50519,1.74979,0.7551,0.1347,0.1102,16,13,6,6,11,7,8.5714,13.0,2016,10,V,3,0,5,1,5.25498,1.7553999999999998,0.375,0.462
2016-10-15 18:00:00,2016,6,1,Bournemouth,Hull,2.92532,0.388589,0.924,0.0631,0.0129,22,11,10,4,11,1,16.6471,7.4722,2016,10,V,3,0,7,5,3.313909,2.536731,0.455,0.364
2016-10-15 18:00:00,2016,1,1,Manchester City,Everton,2.69208,0.144498,0.9671,0.0307,0.0022,19,3,8,2,23,1,24.4167,5.9,2016,10,N,1,1,2,0,2.836578,2.547582,0.421,0.667
2016-10-15 18:00:00,2016,2,0,Stoke,Sunderland,2.29543,0.587572,0.814,0.1357,0.0503,17,11,6,1,12,6,14.2632,11.375,2016,10,V,3,0,2,2,2.8830020000000003,1.707858,0.353,0.091
2016-10-15 18:00:00,2016,1,1,West Bromwich Albion,Tottenham,1.30365,1.32318,0.3671,0.296,0.3369,8,20,4,8,2,13,4.2105,15.4762,2016,10,N,1,1,2,0,2.62683,-0.019530000000000047,0.5,0.4
2016-10-15 20:30:00,2016,0,1,Crystal Palace,West Ham,1.94599,0.874219,0.6821,0.2098,0.1081,12,12,3,4,3,4,8.0,11.8,2016,10,D,0,3,1,-1,2.820209,1.071771,0.25,0.333
2016-10-16 16:30:00,2016,0,1,Middlesbrough,Watford,0.528576,0.0893749,0.3998,0.5508,0.0494,10,4,3,2,3,2,15.0526,5.4643,2016,10,D,0,3,1,-1,0.6179509000000001,0.43920110000000007,0.3,0.5
2016-10-16 19:00:00,2016,3,1,Southampton,Burnley,4.21181,1.03126,0.9503,0.0391,0.0106,34,6,14,1,9,4,16.5294,18.1111,2016,10,V,3,0,4,2,5.2430699999999995,3.1805499999999998,0.412,0.167
2016-10-17 23:00:00,2016,0,0,Liverpool,Manchester United,0.270441,0.537762,0.1417,0.494,0.3643,9,7,3,1,10,1,9.2368,4.5152,2016,10,N,1,1,0,0,0.808203,-0.267321,0.333,0.143
2016-10-22 15:30:00,2016,0,0,Bournemouth,Tottenham,0.523371,0.74529,0.2292,0.4073,0.3635,8,16,1,4,3,11,5.4643,11.24,2016,10,N,1,1,0,0,1.268661,-0.22191899999999998,0.125,0.25
2016-10-22 18:00:00,2016,1,0,West Ham,Sunderland,1.19585,0.808339,0.4506,0.3098,0.2396,20,10,3,2,8,3,12.5714,5.64,2016,10,V,3,0,1,1,2.004189,0.38751100000000005,0.15,0.2
2016-10-22 18:00:00,2016,0,0,Swansea,Watford,1.33215,0.478578,0.6242,0.2687,0.1071,11,10,5,2,5,6,7.9259,7.5517,2016,10,N,1,1,0,0,1.810728,0.853572,0.455,0.2
2016-10-22 18:00:00,2016,3,1,Leicester,Crystal Palace,1.7041,1.656,0.3854,0.2495,0.3651,16,23,4,7,10,8,7.2174,8.6563,2016,10,V,3,0,4,2,3.3601,0.04810000000000003,0.25,0.304
2016-10-22 18:00:00,2016,0,2,Hull,Stoke,0.701606,1.04273,0.2395,0.3282,0.4323,9,12,2,6,7,6,11.6818,9.1034,2016,10,D,0,3,2,-2,1.7443359999999999,-0.341124,0.222,0.5
2016-10-22 18:00:00,2016,2,1,Burnley,Everton,0.905579,0.752795,0.3938,0.3559,0.2503,10,21,3,8,2,5,8.9375,8.875,2016,10,V,3,0,3,1,1.658374,0.15278400000000003,0.3,0.381
2016-10-22 18:00:00,2016,0,0,Arsenal,Middlesbrough,0.711811,1.55581,0.1319,0.248,0.6201,10,11,6,4,13,0,20.5,4.5789,2016,10,N,1,1,0,0,2.267621,-0.8439989999999999,0.6,0.364
2016-10-22 20:30:00,2016,2,1,Liverpool,West Bromwich Albion,2.2952,0.685982,0.7593,0.1722,0.0685,21,7,7,1,13,4,18.3,8.1176,2016,10,V,3,0,3,1,2.981182,1.6092179999999998,0.333,0.143
2016-10-23 16:30:00,2016,1,1,Manchester City,Southampton,1.15321,0.563752,0.5138,0.3215,0.1647,14,6,3,2,11,4,11.0,6.3043,2016,10,N,1,1,2,0,1.716962,0.589458,0.214,0.333
2016-10-23 19:00:00,2016,4,0,Chelsea,Manchester United,2.25192,0.742805,0.7619,0.1587,0.0794,14,16,6,5,4,9,6.4722,9.08,2016,10,V,3,0,4,4,2.9947250000000003,1.509115,0.429,0.312
2016-10-29 15:30:00,2016,1,4,Sunderland,Arsenal,0.853434,2.48348,0.0371,0.1622,0.8007,3,21,1,7,1,12,6.3333,13.9565,2016,10,D,0,3,5,-3,3.336914,-1.630046,0.333,0.333
2016-10-29 18:00:00,2016,1,1,Tottenham,Leicester,1.69833,0.740987,0.6328,0.2694,0.0978,22,6,5,1,9,6,8.0909,7.4,2016,10,N,1,1,2,0,2.439317,0.9573429999999999,0.227,0.167
2016-10-29 18:00:00,2016,1,0,Watford,Hull,1.14991,0.251367,0.6205,0.3095,0.07,23,8,0,2,5,6,19.3333,8.2727,2016,10,V,3,0,1,1,1.4012769999999999,0.898543,0.0,0.25
2016-10-29 18:00:00,2016,0,4,West Bromwich Albion,Manchester City,0.596605,2.48018,0.0479,0.1296,0.8225,9,21,1,8,3,13,7.6818,16.2083,2016,10,D,0,3,4,-4,3.076785,-1.8835749999999998,0.111,0.381
2016-10-29 18:00:00,2016,2,0,Middlesbrough,Bournemouth,1.44317,1.54599,0.3335,0.2886,0.3779,11,18,3,3,6,14,9.9048,9.7917,2016,10,V,3,0,2,2,2.98916,-0.10281999999999991,0.273,0.167
2016-10-29 18:00:00,2016,0,0,Manchester United,Burnley,2.72391,0.327957,0.8869,0.0891,0.024,38,7,11,1,20,4,20.9333,8.4615,2016,10,N,1,1,0,0,3.051867,2.395953,0.289,0.143
2016-10-29 20:30:00,2016,2,4,Crystal Palace,Liverpool,0.496044,2.26056,0.0523,0.1432,0.8045,7,17,6,10,12,16,9.2609,10.913,2016,10,D,0,3,6,-2,2.756604,-1.764516,0.857,0.588
2016-10-30 17:30:00,2016,2,0,Everton,West Ham,2.0087,0.944816,0.6555,0.2113,0.1332,17,13,6,3,5,6,10.9,11.7619,2016,10,V,3,0,2,2,2.953516,1.0638840000000003,0.353,0.231
2016-10-30 20:00:00,2016,0,2,Southampton,Chelsea,0.422364,1.14759,0.1242,0.3163,0.5595,10,13,1,7,5,8,12.4737,7.1724,2016,10,D,0,3,2,-2,1.569954,-0.7252260000000001,0.1,0.538
2016-11-01 00:00:00,2016,3,1,Stoke,Swansea,2.16407,1.10058,0.6496,0.2187,0.1317,17,14,4,6,10,4,7.875,17.9333,2016,11,V,3,0,4,2,3.26465,1.0634900000000003,0.235,0.429
2016-11-05 19:00:00,2016,1,2,Bournemouth,Sunderland,2.6457,1.13672,0.7337,0.1809,0.0854,22,9,7,4,24,6,10.2083,4.3,2016,11,D,0,3,3,-1,3.78242,1.5089800000000002,0.318,0.444
2016-11-05 19:00:00,2016,3,2,Burnley,Crystal Palace,2.25738,2.05902,0.4303,0.2666,0.3031,14,16,7,5,3,11,7.4545,19.6,2016,11,V,3,0,5,1,4.3164,0.1983600000000001,0.5,0.312
2016-11-05 19:00:00,2016,1,1,Manchester City,Middlesbrough,2.49606,0.208762,0.9142,0.0744,0.0114,25,5,7,3,15,1,11.6667,5.28,2016,11,N,1,1,2,0,2.704822,2.287298,0.28,0.6
2016-11-05 19:00:00,2016,1,1,West Ham,Stoke,0.404528,0.81046,0.1702,0.3995,0.4303,9,12,2,4,2,5,18.4706,10.1176,2016,11,N,1,1,2,0,1.214988,-0.40593199999999996,0.222,0.333
2016-11-05 21:30:00,2016,5,0,Chelsea,Everton,1.94078,0.0131321,0.9017,0.0972,0.0011,21,1,9,0,12,1,13.3571,13.0476,2016,11,V,3,0,5,5,1.9539121,1.9276479,0.429,0.0
2016-11-06 16:00:00,2016,1,1,Arsenal,Tottenham,0.675745,1.19585,0.1684,0.3029,0.5287,15,10,2,3,9,3,6.8,6.9512,2016,11,N,1,1,2,0,1.8715950000000001,-0.520105,0.133,0.3
2016-11-06 18:15:00,2016,6,1,Liverpool,Watford,4.18366,0.771133,0.9542,0.0356,0.0102,28,11,17,8,17,5,16.4706,6.1613,2016,11,V,3,0,7,5,4.954793,3.412527,0.607,0.727
2016-11-06 18:15:00,2016,2,1,Hull,Southampton,0.561215,2.03046,0.0634,0.1676,0.769,6,19,2,7,3,13,6.7692,24.328687499999997,2016,11,V,3,0,3,1,2.5916750000000004,-1.4692450000000001,0.333,0.368
2016-11-06 19:00:00,2016,1,3,Swansea,Manchester United,0.51266,1.00006,0.1546,0.3476,0.4978,7,9,1,3,1,10,11.68,24.328687499999997,2016,11,D,0,3,4,-2,1.5127199999999998,-0.48739999999999994,0.143,0.333
2016-11-06 20:30:00,2016,1,2,Leicester,West Bromwich Albion,0.629678,0.78196,0.2576,0.404,0.3384,5,11,2,5,5,1,9.8519,8.7368,2016,11,D,0,3,3,-1,1.411638,-0.15228200000000003,0.4,0.455
2016-11-19 16:30:00,2016,1,1,Manchester United,Arsenal,0.511462,0.575813,0.2442,0.4354,0.3204,12,5,5,1,4,5,10.6667,6.3902,2016,11,N,1,1,2,0,1.087275,-0.06435100000000005,0.417,0.2
2016-11-19 19:00:00,2016,0,0,Southampton,Liverpool,0.0942055,1.68802,0.0121,0.1558,0.8321,3,15,0,2,0,11,4.439,19.1176,2016,11,N,1,1,0,0,1.7822255,-1.5938145000000001,0.0,0.133
2016-11-19 19:00:00,2016,0,1,Stoke,Bournemouth,1.60429,1.24012,0.4562,0.2919,0.2519,14,8,6,2,8,4,6.0357,6.5417,2016,11,D,0,3,1,-1,2.84441,0.3641700000000001,0.429,0.25
2016-11-19 19:00:00,2016,3,0,Sunderland,Hull,0.951511,1.25065,0.2677,0.2928,0.4395,11,17,4,7,8,9,10.6667,16.0,2016,11,V,3,0,3,3,2.2021610000000003,-0.29913900000000004,0.364,0.412
2016-11-19 19:00:00,2016,2,1,Watford,Leicester,0.7197,1.19686,0.17,0.3263,0.5037,10,11,3,2,5,6,5.1071,9.0952,2016,11,V,3,0,3,1,1.91656,-0.47716000000000003,0.3,0.182
2016-11-19 19:00:00,2016,1,1,Everton,Swansea,1.54877,1.07471,0.4804,0.3179,0.2017,14,6,6,3,2,3,12.95,5.64,2016,11,N,1,1,2,0,2.62348,0.4740599999999999,0.429,0.5
2016-11-19 19:00:00,2016,1,2,Crystal Palace,Manchester City,0.431559,1.39421,0.0938,0.2497,0.6565,8,10,2,4,2,6,5.4091,6.7059,2016,11,D,0,3,3,-1,1.825769,-0.9626509999999999,0.25,0.4
2016-11-19 21:30:00,2016,3,2,Tottenham,West Ham,2.53396,1.76706,0.5794,0.2518,0.1688,14,11,6,3,5,4,14.5769,4.7419,2016,11,V,3,0,5,1,4.30102,0.7668999999999999,0.429,0.273
2016-11-20 20:00:00,2016,0,1,Middlesbrough,Chelsea,0.55976,1.68738,0.0944,0.2191,0.6865,12,13,1,3,2,20,10.3103,12.4167,2016,11,D,0,3,1,-1,2.24714,-1.12762,0.083,0.231
2016-11-22 00:00:00,2016,4,0,West Bromwich Albion,Burnley,1.40512,0.571005,0.5949,0.2855,0.1196,16,5,6,2,3,2,8.7273,21.4286,2016,11,V,3,0,4,4,1.976125,0.8341149999999999,0.375,0.4
2016-11-26 16:30:00,2016,1,2,Burnley,Manchester City,0.475642,2.25698,0.0391,0.1232,0.8377,10,21,5,5,4,18,4.0,14.85,2016,11,D,0,3,3,-1,2.732622,-1.7813379999999999,0.5,0.238
2016-11-26 19:00:00,2016,1,1,Hull,West Bromwich Albion,0.424457,1.40213,0.0977,0.2533,0.649,10,11,4,2,2,3,18.9333,10.15,2016,11,N,1,1,2,0,1.826587,-0.9776730000000001,0.4,0.182
2016-11-26 19:00:00,2016,5,4,Swansea,Crystal Palace,3.3955,2.28156,0.6583,0.1977,0.144,18,12,9,4,8,5,8.5909,5.1538,2016,11,V,3,0,9,1,5.67706,1.1139400000000004,0.5,0.333
2016-11-26 19:00:00,2016,2,0,Liverpool,Sunderland,2.02461,0.291073,0.8512,0.1263,0.0225,27,6,7,1,17,3,25.9231,4.3529,2016,11,V,3,0,2,2,2.315683,1.733537,0.259,0.167
2016-11-26 19:00:00,2016,2,2,Leicester,Middlesbrough,2.0478,0.425252,0.8516,0.1205,0.0279,11,6,3,2,7,6,6.7273,11.8148,2016,11,N,1,1,4,0,2.473052,1.622548,0.273,0.333
2016-11-26 21:30:00,2016,2,1,Chelsea,Tottenham,1.24948,0.422568,0.6125,0.2805,0.107,9,12,5,6,7,3,6.2727,9.1538,2016,11,V,3,0,3,1,1.672048,0.8269119999999999,0.556,0.5
2016-11-27 16:00:00,2016,0,1,Watford,Stoke,0.541915,0.704736,0.2489,0.3946,0.3565,11,14,2,1,4,2,7.6818,5.0263,2016,11,D,0,3,1,-1,1.246651,-0.162821,0.182,0.071
2016-11-27 18:15:00,2016,3,1,Arsenal,Bournemouth,2.8697,2.0491,0.5677,0.2211,0.2112,16,9,3,3,21,6,12.3889,8.0741,2016,11,V,3,0,4,2,4.9188,0.8205999999999998,0.188,0.333
2016-11-27 20:30:00,2016,1,0,Southampton,Everton,2.80562,0.615174,0.8856,0.0855,0.0289,17,13,7,1,8,8,8.5769,6.4286,2016,11,V,3,0,1,1,3.420794,2.1904459999999997,0.412,0.077
2016-11-27 20:30:00,2016,1,1,Manchester United,West Ham,1.44452,0.749388,0.5395,0.2755,0.185,17,6,8,2,15,4,13.087,3.6176,2016,11,N,1,1,2,0,2.193908,0.695132,0.471,0.333
2016-12-03 15:00:00,2016,2,1,Sunderland,Leicester,1.4282,1.13791,0.4384,0.2667,0.2949,22,17,6,5,9,3,6.8966,11.4286,2016,12,V,3,0,3,1,2.56611,0.29028999999999994,0.273,0.294
2016-12-03 16:30:00,2016,1,3,Manchester City,Chelsea,2.24061,1.2848,0.6302,0.2122,0.1576,14,10,5,4,9,8,13.4762,5.7059,2016,12,D,0,3,4,-2,3.52541,0.9558100000000003,0.357,0.4
2016-12-03 19:00:00,2016,3,0,Crystal Palace,Southampton,2.20073,0.764357,0.7856,0.1483,0.0661,9,17,4,3,2,9,5.2857,8.3846,2016,12,V,3,0,3,3,2.965087,1.4363730000000001,0.444,0.176
2016-12-03 19:00:00,2016,2,0,Stoke,Burnley,1.12929,0.773995,0.4605,0.3143,0.2252,10,14,4,4,5,9,8.6897,11.5385,2016,12,V,3,0,2,2,1.903285,0.3552949999999999,0.4,0.286
2016-12-03 19:00:00,2016,5,0,Tottenham,Swansea,3.9767,0.0342109,0.9992,0.0008,0.0,28,1,15,0,14,0,12.5556,8.4444,2016,12,V,3,0,5,5,4.0109109,3.9424891,0.536,0.0
2016-12-03 19:00:00,2016,3,1,West Bromwich Albion,Watford,1.17737,1.476,0.2484,0.313,0.4386,11,17,3,5,2,6,7.4444,17.2857,2016,12,V,3,0,4,2,2.65337,-0.29862999999999995,0.273,0.294
2016-12-03 21:30:00,2016,1,5,West Ham,Arsenal,0.882486,2.96923,0.0477,0.1115,0.8408,10,19,3,10,3,13,13.6111,7.6774,2016,12,D,0,3,6,-4,3.851716,-2.086744,0.3,0.526
2016-12-04 17:30:00,2016,4,3,Bournemouth,Liverpool,2.54396,1.26532,0.7478,0.1757,0.0765,12,10,8,3,6,7,6.9677,16.2632,2016,12,V,3,0,7,1,3.80928,1.2786400000000002,0.667,0.3
2016-12-04 20:00:00,2016,1,1,Everton,Manchester United,1.64985,0.541299,0.7165,0.2068,0.0767,13,10,6,2,2,6,6.6429,8.3333,2016,12,N,1,1,2,0,2.1911490000000002,1.108551,0.462,0.2
2016-12-06 00:00:00,2016,1,0,Middlesbrough,Hull,1.94961,0.221339,0.8458,0.1311,0.0231,16,6,4,2,6,3,27.855400000000003,11.2727,2016,12,V,3,0,1,1,2.1709490000000002,1.7282710000000001,0.25,0.333
2016-12-10 16:30:00,2016,3,2,Watford,Everton,1.49271,1.09675,0.4719,0.2758,0.2523,11,11,6,4,6,8,8.85,8.0,2016,12,V,3,0,5,1,2.58946,0.3959600000000001,0.545,0.364
2016-12-10 19:00:00,2016,3,3,Hull,Crystal Palace,2.16649,1.50059,0.541,0.252,0.207,15,15,6,6,7,4,17.4167,7.0,2016,12,N,1,1,6,0,3.6670800000000003,0.6658999999999999,0.4,0.4
2016-12-10 19:00:00,2016,3,0,Swansea,Sunderland,2.18185,0.672058,0.7859,0.1515,0.0626,14,11,5,2,5,5,13.6842,5.76,2016,12,V,3,0,3,3,2.8539079999999997,1.5097919999999998,0.357,0.182
2016-12-10 19:00:00,2016,3,1,Arsenal,Stoke,1.58027,1.29401,0.4175,0.2872,0.2953,21,12,6,5,11,10,14.9375,5.44,2016,12,V,3,0,4,2,2.87428,0.28625999999999996,0.286,0.417
2016-12-10 19:00:00,2016,3,2,Burnley,Bournemouth,2.15178,1.00194,0.6902,0.2061,0.1037,15,18,7,4,9,6,3.6364,12.6111,2016,12,V,3,0,5,1,3.15372,1.14984,0.467,0.222
2016-12-10 21:30:00,2016,4,2,Leicester,Manchester City,2.60583,0.970372,0.7932,0.1331,0.0737,11,19,6,4,4,19,6.5455,17.0,2016,12,V,3,0,6,2,3.5762020000000003,1.635458,0.545,0.211
2016-12-11 16:00:00,2016,1,0,Chelsea,West Bromwich Albion,0.551109,0.212574,0.3746,0.5095,0.1159,12,6,2,1,4,0,10.6923,5.8571,2016,12,V,3,0,1,1,0.763683,0.3385349999999999,0.167,0.167
2016-12-11 18:15:00,2016,1,0,Manchester United,Tottenham,1.04894,0.720341,0.4325,0.3292,0.2383,14,12,5,4,11,1,4.1667,6.1,2016,12,V,3,0,1,1,1.7692809999999999,0.328599,0.357,0.333
2016-12-11 18:15:00,2016,1,0,Southampton,Middlesbrough,1.72919,0.493941,0.7461,0.2074,0.0465,14,6,3,2,6,1,9.9655,9.125,2016,12,V,3,0,1,1,2.223131,1.235249,0.214,0.333
2016-12-11 20:30:00,2016,2,2,Liverpool,West Ham,1.79134,0.64998,0.6722,0.2263,0.1015,18,7,3,3,28,0,21.9333,9.7143,2016,12,N,1,1,4,0,2.44132,1.14136,0.167,0.429
2016-12-13 23:45:00,2016,1,0,Bournemouth,Leicester,0.64118,1.6751,0.0985,0.2309,0.6706,9,12,3,4,4,10,10.8519,7.4444,2016,12,V,3,0,1,1,2.31628,-1.0339200000000002,0.333,0.333
2016-12-13 23:45:00,2016,2,1,Everton,Arsenal,1.46034,1.3508,0.3772,0.2955,0.3273,14,9,4,3,3,15,6.0741,11.4583,2016,12,V,3,0,3,1,2.81114,0.10953999999999997,0.286,0.333
2016-12-14 23:45:00,2016,0,3,Middlesbrough,Liverpool,0.161583,2.13526,0.0123,0.0908,0.8969,8,15,3,4,2,10,7.0606,18.0,2016,12,D,0,3,3,-3,2.296843,-1.9736770000000001,0.375,0.267
2016-12-14 23:45:00,2016,0,1,Sunderland,Chelsea,0.473979,1.22459,0.1348,0.2993,0.5659,8,19,3,6,5,4,8.7059,16.7222,2016,12,D,0,3,1,-1,1.698569,-0.7506110000000001,0.375,0.316
2016-12-14 23:45:00,2016,1,0,West Ham,Burnley,1.67016,0.923353,0.5672,0.3355,0.0973,20,8,7,2,4,5,12.35,15.8889,2016,12,V,3,0,1,1,2.593513,0.7468070000000001,0.35,0.25
2016-12-15 00:00:00,2016,1,2,Crystal Palace,Manchester United,0.710324,1.27306,0.1668,0.3217,0.5115,6,16,3,6,3,13,7.6897,16.2105,2016,12,D,0,3,3,-1,1.983384,-0.5627360000000001,0.5,0.375
2016-12-15 00:00:00,2016,3,1,West Bromwich Albion,Swansea,1.78268,1.07221,0.5436,0.2679,0.1885,13,8,4,4,2,1,10.0588,15.0,2016,12,V,3,0,4,2,2.85489,0.7104699999999999,0.308,0.5
2016-12-15 00:00:00,2016,2,0,Manchester City,Watford,1.62359,0.497462,0.6762,0.2333,0.0905,13,5,7,2,12,1,12.3333,3.4,2016,12,V,3,0,2,2,2.121052,1.126128,0.538,0.4
2016-12-15 00:00:00,2016,0,0,Stoke,Southampton,0.333754,0.723114,0.1542,0.4241,0.4217,5,15,3,4,1,15,3.1481,24.328687499999997,2016,12,N,1,1,0,0,1.0568680000000001,-0.38936000000000004,0.6,0.267
2016-12-15 00:00:00,2016,3,0,Tottenham,Hull,2.83077,0.570636,0.9133,0.071,0.0157,27,10,9,5,9,3,15.2963,16.7273,2016,12,V,3,0,3,3,3.4014059999999997,2.260134,0.333,0.5
2016-12-17 16:30:00,2016,0,1,Crystal Palace,Chelsea,0.356331,0.81444,0.1487,0.4077,0.4436,6,13,2,6,5,13,12.5238,9.1429,2016,12,D,0,3,1,-1,1.170771,-0.45810900000000004,0.333,0.462
2016-12-17 19:00:00,2016,3,0,Middlesbrough,Swansea,1.71549,0.602249,0.7104,0.2013,0.0883,10,14,4,2,2,7,9.8,17.6875,2016,12,V,3,0,3,3,2.317739,1.113241,0.4,0.143
2016-12-17 19:00:00,2016,1,0,West Ham,Hull,1.92151,1.13479,0.5856,0.2397,0.1747,19,16,6,5,2,9,16.2143,8.0,2016,12,V,3,0,1,1,3.0563000000000002,0.7867200000000001,0.316,0.312
2016-12-17 19:00:00,2016,2,2,Stoke,Leicester,2.518,1.25572,0.7131,0.1858,0.1011,16,14,7,8,7,4,16.7778,9.4118,2016,12,N,1,1,4,0,3.77372,1.2622799999999998,0.438,0.571
2016-12-17 19:00:00,2016,1,0,Sunderland,Watford,1.13526,1.07552,0.3412,0.3434,0.3154,11,10,2,4,4,5,5.9,8.7143,2016,12,V,3,0,1,1,2.2107799999999997,0.059739999999999904,0.182,0.4
2016-12-17 21:30:00,2016,0,2,West Bromwich Albion,Manchester United,0.600426,0.983306,0.1985,0.3503,0.4512,10,10,1,5,3,6,8.087,15.9524,2016,12,D,0,3,2,-2,1.583732,-0.38288,0.1,0.5
2016-12-18 17:30:00,2016,1,3,Bournemouth,Southampton,0.492912,1.69451,0.0504,0.1867,0.7629,10,14,5,8,5,10,8.3913,12.8182,2016,12,D,0,3,4,-2,2.1874219999999998,-1.201598,0.5,0.571
2016-12-18 20:00:00,2016,2,1,Manchester City,Arsenal,1.5186,0.609893,0.6117,0.2753,0.113,14,6,5,1,6,5,17.4118,6.25,2016,12,V,3,0,3,1,2.1284929999999997,0.9087069999999999,0.357,0.167
2016-12-18 20:00:00,2016,2,1,Tottenham,Burnley,1.50755,1.17031,0.4227,0.292,0.2853,30,5,9,2,7,4,8.6923,8.9375,2016,12,V,3,0,3,1,2.67786,0.33724,0.3,0.4
2016-12-20 00:00:00,2016,0,1,Everton,Liverpool,0.456788,1.87823,0.0506,0.1746,0.7748,6,11,1,4,1,17,5.7619,14.5714,2016,12,D,0,3,1,-1,2.3350180000000003,-1.421442,0.167,0.364
2016-12-26 15:00:00,2016,0,2,Leicester,Everton,0.377464,1.25512,0.0884,0.2705,0.6411,7,8,2,3,6,4,9.7647,10.7308,2016,12,D,0,3,2,-2,1.632584,-0.877656,0.286,0.375
2016-12-26 16:30:00,2016,1,1,Watford,Crystal Palace,0.959496,1.53834,0.1446,0.3353,0.5201,9,10,3,4,3,1,7.381,5.0769,2016,12,N,1,1,2,0,2.497836,-0.578844,0.333,0.4
2016-12-26 19:00:00,2016,1,4,Swansea,West Ham,0.954864,3.40585,0.0301,0.075,0.8949,14,14,7,7,5,6,18.2222,9.08,2016,12,D,0,3,5,-3,4.360714,-2.450986,0.5,0.5
2016-12-26 19:00:00,2016,3,1,Manchester United,Sunderland,2.32117,0.488541,0.8149,0.1324,0.0527,26,9,9,4,14,1,16.8889,17.8182,2016,12,V,3,0,4,2,2.809711,1.8326289999999998,0.346,0.444
2016-12-26 19:00:00,2016,1,0,Arsenal,West Bromwich Albion,1.97881,0.687502,0.6962,0.2141,0.0897,26,3,11,1,24,0,24.1538,4.4483,2016,12,V,3,0,1,1,2.666312,1.291308,0.423,0.333
2016-12-26 19:00:00,2016,1,0,Burnley,Middlesbrough,0.275704,0.698814,0.1264,0.4305,0.4431,6,8,4,2,4,3,5.5833,9.3636,2016,12,V,3,0,1,1,0.974518,-0.42311000000000004,0.667,0.25
2016-12-26 19:00:00,2016,3,0,Chelsea,Bournemouth,1.71303,0.650942,0.6872,0.2263,0.0865,14,7,4,3,9,5,9.5652,13.3704,2016,12,V,3,0,3,3,2.363972,1.0620880000000001,0.286,0.429
2016-12-26 21:15:00,2016,0,3,Hull,Manchester City,0.350069,2.22237,0.0195,0.0992,0.8813,10,16,3,6,0,9,11.5385,16.1667,2016,12,D,0,3,3,-3,2.572439,-1.8723010000000002,0.3,0.375
2016-12-27 21:15:00,2016,4,1,Liverpool,Stoke,1.66669,0.389104,0.7338,0.205,0.0612,20,6,6,2,13,0,15.9545,6.069,2016,12,V,3,0,5,3,2.055794,1.2775859999999999,0.3,0.333
2016-12-28 23:45:00,2016,1,4,Southampton,Tottenham,0.403743,1.61035,0.0616,0.1965,0.7419,9,17,2,5,1,7,6.0,15.2857,2016,12,D,0,3,5,-3,2.014093,-1.206607,0.222,0.294
2016-12-31 00:00:00,2016,2,2,Hull,Everton,0.852585,1.27757,0.2379,0.293,0.4691,13,20,4,7,4,9,7.6429,12.0,2016,12,N,1,1,4,0,2.1301550000000002,-0.42498500000000006,0.308,0.35
2016-12-31 15:00:00,2016,1,0,Leicester,West Ham,1.10842,1.58333,0.2521,0.262,0.4859,12,24,4,5,7,6,9.4286,14.7368,2016,12,V,3,0,1,1,2.69175,-0.47490999999999994,0.333,0.208
2016-12-31 15:00:00,2016,2,1,Manchester United,Middlesbrough,2.53996,0.64492,0.8078,0.1347,0.0575,32,9,12,2,18,4,15.1111,8.5652,2016,12,V,3,0,3,1,3.18488,1.8950400000000003,0.375,0.222
2016-12-31 19:00:00,2016,4,1,Burnley,Sunderland,2.72471,0.465701,0.9069,0.0737,0.0194,16,11,6,3,7,6,10.2353,10.2174,2016,12,V,3,0,5,3,3.190411,2.259009,0.375,0.273
2016-12-31 19:00:00,2016,4,2,Chelsea,Stoke,1.94737,0.858417,0.6532,0.2223,0.1245,18,5,7,2,14,6,19.9231,8.0,2016,12,V,3,0,6,2,2.805787,1.088953,0.389,0.4
2016-12-31 19:00:00,2016,1,2,Southampton,West Bromwich Albion,0.371668,0.6675,0.176,0.4381,0.3859,10,7,1,3,4,3,9.3939,3.8333,2016,12,D,0,3,3,-1,1.039168,-0.295832,0.1,0.429
2016-12-31 19:00:00,2016,0,3,Swansea,Bournemouth,0.515218,2.43608,0.0309,0.1078,0.8613,14,11,5,6,4,9,12.25,12.5556,2016,12,D,0,3,3,-3,2.951298,-1.920862,0.357,0.545
2016-12-31 21:30:00,2016,1,0,Liverpool,Manchester City,0.256825,0.352445,0.1685,0.5914,0.2401,5,9,1,2,2,3,8.5455,9.5135,2016,12,V,3,0,1,1,0.60927,-0.09561999999999998,0.2,0.222
2017-01-01 13:30:00,2016,1,4,Watford,Tottenham,1.26331,3.06509,0.0662,0.1343,0.7995,6,19,2,6,6,10,7.9375,15.3182,2017,1,D,0,3,5,-3,4.3284,-1.8017800000000002,0.333,0.316
2017-01-01 20:00:00,2016,2,0,Arsenal,Crystal Palace,1.67138,0.221469,0.7742,0.1878,0.038,22,7,7,4,19,2,22.8571,6.2308,2017,1,V,3,0,2,2,1.892849,1.4499110000000002,0.318,0.571
2017-01-02 15:00:00,2016,3,0,Everton,Southampton,2.34997,1.01083,0.7419,0.1673,0.0908,17,12,6,3,11,4,5.3947,11.0,2017,1,V,3,0,3,3,3.3608,1.33914,0.353,0.25
2017-01-02 15:00:00,2016,2,1,Manchester City,Burnley,0.617412,0.642111,0.2947,0.4018,0.3035,14,11,3,3,6,5,13.1579,11.5294,2017,1,V,3,0,3,1,1.259523,-0.024699000000000026,0.214,0.273
2017-01-02 16:30:00,2016,0,0,Middlesbrough,Leicester,0.697108,0.477078,0.3695,0.4294,0.2011,9,10,1,4,2,9,9.3667,7.0,2017,1,N,1,1,0,0,1.174186,0.22002999999999995,0.111,0.4
2017-01-02 19:00:00,2016,3,1,West Bromwich Albion,Hull,0.883566,0.992341,0.2984,0.335,0.3666,8,17,5,6,1,2,11.8125,19.4,2017,1,V,3,0,4,2,1.875907,-0.10877500000000007,0.625,0.353
2017-01-02 19:00:00,2016,2,2,Sunderland,Liverpool,1.91057,2.332,0.2537,0.2795,0.4668,10,21,5,15,4,10,8.7059,19.5789,2017,1,N,1,1,4,0,4.24257,-0.42142999999999975,0.5,0.714
2017-01-02 21:15:00,2016,0,2,West Ham,Manchester United,0.799911,1.64905,0.1066,0.2659,0.6275,8,13,2,6,4,16,7.0625,19.5263,2017,1,D,0,3,2,-2,2.4489609999999997,-0.8491389999999999,0.25,0.462
2017-01-03 23:45:00,2016,3,3,Bournemouth,Arsenal,1.55859,1.12629,0.4826,0.2855,0.2319,13,14,6,4,4,22,6.75,11.6,2017,1,N,1,1,6,0,2.6848799999999997,0.4322999999999999,0.462,0.286
2017-01-04 00:00:00,2016,1,2,Crystal Palace,Swansea,0.331276,1.18905,0.0893,0.2859,0.6248,7,11,3,4,3,5,11.0952,7.5152,2017,1,D,0,3,3,-1,1.5203259999999998,-0.8577739999999999,0.429,0.364
2017-01-04 00:00:00,2016,2,0,Stoke,Watford,1.85359,0.510395,0.7685,0.1725,0.059,16,9,5,2,4,8,7.963,12.0,2017,1,V,3,0,2,2,2.363985,1.3431950000000001,0.312,0.222
2017-01-05 00:00:00,2016,2,0,Tottenham,Chelsea,1.00945,0.912754,0.3707,0.3315,0.2978,9,11,2,2,1,6,13.4211,11.0714,2017,1,V,3,0,2,2,1.9222039999999998,0.096696,0.222,0.182
2017-01-14 16:30:00,2016,4,0,Tottenham,West Bromwich Albion,2.65474,0.165019,0.9405,0.0528,0.0067,21,3,11,0,9,1,12.6667,5.087,2017,1,V,3,0,4,4,2.819759,2.489721,0.524,0.0
2017-01-14 19:00:00,2016,0,0,Watford,Middlesbrough,0.835827,0.325347,0.486,0.3828,0.1312,12,5,5,1,5,1,9.7222,11.1364,2017,1,N,1,1,0,0,1.161174,0.51048,0.417,0.2
2017-01-14 19:00:00,2016,1,3,Sunderland,Stoke,1.1365,1.22897,0.3351,0.2898,0.3751,13,14,3,6,7,8,11.4,7.7931,2017,1,D,0,3,4,-2,2.36547,-0.09246999999999983,0.231,0.429
2017-01-14 19:00:00,2016,0,4,Swansea,Arsenal,0.488485,2.31811,0.0344,0.11,0.8556,12,14,3,6,7,21,7.6176,14.0833,2017,1,D,0,3,4,-4,2.8065949999999997,-1.8296249999999998,0.25,0.429
2017-01-14 19:00:00,2016,3,1,Hull,Bournemouth,1.18904,1.43455,0.2653,0.3133,0.4214,14,8,3,6,2,4,12.4667,12.9583,2017,1,V,3,0,4,2,2.62359,-0.2455099999999999,0.214,0.75
2017-01-14 19:00:00,2016,1,0,Burnley,Southampton,0.464555,0.962065,0.1663,0.3581,0.4756,9,20,3,5,4,4,6.2857,9.0,2017,1,V,3,0,1,1,1.42662,-0.49750999999999995,0.333,0.25
2017-01-14 19:00:00,2016,3,0,West Ham,Crystal Palace,1.72338,1.06181,0.5302,0.337,0.1328,14,10,3,1,2,6,8.0952,12.95,2017,1,V,3,0,3,3,2.78519,0.66157,0.214,0.1
2017-01-14 21:30:00,2016,0,3,Leicester,Chelsea,0.179144,0.738826,0.0743,0.4309,0.4948,7,8,2,3,2,7,8.25,21.7059,2017,1,D,0,3,3,-3,0.91797,-0.559682,0.286,0.375
2017-01-15 16:00:00,2016,1,1,Manchester United,Liverpool,1.03178,1.46058,0.2234,0.2916,0.485,9,13,3,4,6,6,9.8519,6.5625,2017,1,N,1,1,2,0,2.4923599999999997,-0.42880000000000007,0.333,0.308
2017-01-15 17:30:00,2016,4,0,Everton,Manchester City,0.572528,0.569286,0.2913,0.4254,0.2833,6,13,4,5,4,10,5.6522,17.0,2017,1,V,3,0,4,4,1.141814,0.003242000000000078,0.667,0.385
2017-01-21 15:30:00,2016,2,3,Liverpool,Swansea,1.24037,1.60482,0.2558,0.2641,0.4801,16,6,5,3,14,8,27.855400000000003,4.7813,2017,1,D,0,3,5,-1,2.8451899999999997,-0.36444999999999994,0.312,0.5
2017-01-21 18:00:00,2016,1,3,Middlesbrough,West Ham,0.958825,2.6558,0.0766,0.1419,0.7815,11,13,2,5,7,5,15.1053,9.3333,2017,1,D,0,3,4,-2,3.614625,-1.6969750000000001,0.182,0.385
2017-01-21 18:00:00,2016,2,2,Bournemouth,Watford,1.14791,1.08731,0.3486,0.3336,0.3178,15,10,5,3,7,4,7.963,11.8462,2017,1,N,1,1,4,0,2.23522,0.06059999999999999,0.333,0.3
2017-01-21 18:00:00,2016,0,1,Crystal Palace,Everton,0.463733,0.949561,0.1733,0.3612,0.4655,8,17,2,8,6,6,12.4,12.9412,2017,1,D,0,3,1,-1,1.413294,-0.485828,0.25,0.471
2017-01-21 18:00:00,2016,1,1,Stoke,Manchester United,0.353777,1.74295,0.0569,0.1958,0.7473,6,25,1,8,4,11,7.2083,12.1304,2017,1,N,1,1,2,0,2.096727,-1.389173,0.167,0.32
2017-01-21 18:00:00,2016,2,0,West Bromwich Albion,Sunderland,1.3279,0.440887,0.6367,0.2609,0.1024,14,9,5,3,5,5,9.3333,10.4286,2017,1,V,3,0,2,2,1.768787,0.887013,0.357,0.333
2017-01-21 20:30:00,2016,2,2,Manchester City,Tottenham,2.52702,1.12391,0.7244,0.1875,0.0881,17,6,7,2,11,4,11.8421,7.2581,2017,1,N,1,1,4,0,3.65093,1.4031099999999999,0.412,0.333
2017-01-22 15:00:00,2016,3,0,Southampton,Leicester,2.49923,0.935866,0.7688,0.1636,0.0676,20,11,7,2,4,3,11.6842,5.6364,2017,1,V,3,0,3,3,3.4350959999999997,1.563364,0.35,0.182
2017-01-22 17:15:00,2016,2,1,Arsenal,Burnley,1.86443,1.29948,0.5022,0.2863,0.2115,24,13,8,7,19,7,17.7647,8.2143,2017,1,V,3,0,3,1,3.16391,0.5649500000000001,0.333,0.538
2017-01-22 19:30:00,2016,2,0,Chelsea,Hull,1.47165,0.314532,0.7395,0.2063,0.0542,9,9,5,4,9,6,9.6071,15.2381,2017,1,V,3,0,2,2,1.786182,1.1571179999999999,0.556,0.444
2017-01-31 22:45:00,2016,1,2,Arsenal,Watford,1.07765,0.918309,0.3536,0.3443,0.3021,20,10,5,6,15,2,10.1515,4.1,2017,1,D,0,3,3,-1,1.995959,0.15934099999999995,0.25,0.6
2017-01-31 22:45:00,2016,0,2,Bournemouth,Crystal Palace,0.32099,1.60667,0.0466,0.1876,0.7658,10,11,2,3,1,3,6.9355,3.0909,2017,1,D,0,3,2,-2,1.92766,-1.2856800000000002,0.2,0.273
2017-01-31 22:45:00,2016,1,0,Burnley,Leicester,1.82995,0.775645,0.6525,0.2188,0.1287,24,13,3,5,13,4,18.6667,6.3158,2017,1,V,3,0,1,1,2.605595,1.0543049999999998,0.125,0.385
2017-01-31 22:45:00,2016,1,1,Middlesbrough,West Bromwich Albion,1.18135,1.25288,0.3312,0.3324,0.3364,11,15,3,5,5,4,11.8182,6.1765,2017,1,N,1,1,2,0,2.43423,-0.0715300000000001,0.273,0.333
2017-01-31 22:45:00,2016,0,0,Sunderland,Tottenham,0.228009,0.682758,0.1077,0.4577,0.4346,3,14,1,3,4,6,7.5833,11.5909,2017,1,N,1,1,0,0,0.910767,-0.45474899999999996,0.333,0.214
2017-01-31 22:45:00,2016,2,1,Swansea,Southampton,0.760046,0.907103,0.2704,0.3494,0.3802,12,10,5,2,2,5,9.1538,15.7727,2017,1,V,3,0,3,1,1.667149,-0.147057,0.417,0.2
2017-01-31 23:00:00,2016,1,1,Liverpool,Chelsea,1.20485,1.0666,0.3538,0.358,0.2882,7,8,3,2,8,3,11.3929,6.3871,2017,1,N,1,1,2,0,2.2714499999999997,0.13824999999999998,0.429,0.25
2017-02-01 22:45:00,2016,0,4,West Ham,Manchester City,0.49472,2.66472,0.018,0.0769,0.9051,6,11,1,4,4,11,6.5652,14.6129,2017,2,D,0,3,4,-4,3.15944,-2.17,0.167,0.364
2017-02-01 23:00:00,2016,0,0,Manchester United,Hull,1.48151,0.395896,0.6811,0.2427,0.0762,16,6,6,2,13,4,19.5882,5.7097,2017,2,N,1,1,0,0,1.8774060000000001,1.085614,0.375,0.333
2017-02-01 23:00:00,2016,1,1,Stoke,Everton,1.7362,0.870158,0.6178,0.238,0.1442,14,15,7,5,8,3,13.9333,8.5313,2017,2,N,1,1,2,0,2.606358,0.866042,0.5,0.333
2017-02-04 12:30:00,2016,3,1,Chelsea,Arsenal,1.95451,0.950035,0.6473,0.2184,0.1343,13,9,6,5,8,7,9.0,7.9444,2017,2,V,3,0,4,2,2.9045449999999997,1.004475,0.462,0.556
2017-02-04 15:00:00,2016,0,4,Crystal Palace,Sunderland,2.45994,0.837361,0.7756,0.1569,0.0675,21,10,9,7,5,1,19.1538,5.2414,2017,2,D,0,3,4,-4,3.297301,1.622579,0.429,0.7
2017-02-04 15:00:00,2016,6,3,Everton,Bournemouth,2.75981,2.1501,0.5135,0.2231,0.2634,15,18,10,8,4,12,11.08,24.328687499999997,2017,2,V,3,0,9,3,4.90991,0.6097099999999998,0.667,0.444
2017-02-04 15:00:00,2016,2,0,Hull,Liverpool,1.88587,1.12538,0.5972,0.2307,0.1721,7,22,4,5,3,16,4.8182,24.328687499999997,2017,2,V,3,0,2,2,3.01125,0.7604899999999999,0.571,0.227
2017-02-04 15:00:00,2016,2,1,Watford,Burnley,1.66308,1.4777,0.3906,0.3044,0.305,16,11,7,7,4,2,11.381,9.6111,2017,2,V,3,0,3,1,3.14078,0.18537999999999988,0.438,0.636
2017-02-04 15:00:00,2016,1,0,West Bromwich Albion,Stoke,1.84983,1.10818,0.5525,0.2568,0.1907,15,12,4,2,6,4,5.68,24.328687499999997,2017,2,V,3,0,1,1,2.95801,0.7416500000000001,0.267,0.167
2017-02-04 15:00:00,2016,1,3,Southampton,West Ham,1.06276,0.91785,0.3581,0.3185,0.3234,21,6,7,4,5,2,9.4483,10.1429,2017,2,D,0,3,4,-2,1.98061,0.14490999999999987,0.333,0.667
2017-02-04 17:30:00,2016,1,0,Tottenham,Middlesbrough,2.10053,0.50484,0.8156,0.1437,0.0407,17,8,5,0,14,6,18.5,7.1429,2017,2,V,3,0,1,1,2.6053699999999997,1.59569,0.294,0.0
2017-02-05 13:30:00,2016,2,1,Manchester City,Swansea,2.87972,0.11445,0.9866,0.0126,0.0008,17,4,5,2,13,0,20.3889,9.1765,2017,2,V,3,0,3,1,2.99417,2.7652699999999997,0.294,0.5
2017-02-05 16:00:00,2016,0,3,Leicester,Manchester United,0.492009,1.98688,0.0643,0.1544,0.7813,11,15,1,9,1,9,6.2,19.8235,2017,2,D,0,3,3,-3,2.478889,-1.494871,0.091,0.6
2017-02-11 12:30:00,2016,2,0,Arsenal,Hull,3.1235,0.466403,0.9601,0.0328,0.0071,17,9,7,4,17,4,11.3182,10.7391,2017,2,V,3,0,2,2,3.589903,2.657097,0.412,0.444
2017-02-11 15:00:00,2016,2,0,Manchester United,Watford,2.627,0.641058,0.8303,0.1251,0.0446,22,9,11,3,9,3,13.04,9.2593,2017,2,V,3,0,2,2,3.268058,1.9859419999999997,0.5,0.333
2017-02-11 15:00:00,2016,0,0,Middlesbrough,Everton,0.651056,0.831644,0.2526,0.3724,0.375,9,7,3,3,5,8,7.2432,13.8519,2017,2,N,1,1,0,0,1.4827,-0.18058800000000008,0.333,0.429
2017-02-11 15:00:00,2016,1,0,Stoke,Crystal Palace,0.720883,0.202159,0.4906,0.4234,0.086,7,6,4,1,6,2,6.5152,7.0769,2017,2,V,3,0,1,1,0.923042,0.5187240000000001,0.571,0.167
2017-02-11 15:00:00,2016,0,4,Sunderland,Southampton,0.197925,1.72717,0.0293,0.1739,0.7968,6,15,1,8,3,9,8.3438,13.0,2017,2,D,0,3,4,-4,1.925095,-1.5292450000000002,0.167,0.533
2017-02-11 15:00:00,2016,2,2,West Ham,West Bromwich Albion,1.17553,0.769974,0.461,0.3168,0.2222,16,8,4,3,5,2,13.8636,7.1667,2017,2,N,1,1,4,0,1.9455040000000001,0.4055559999999999,0.25,0.375
2017-02-11 17:30:00,2016,2,0,Liverpool,Tottenham,2.38009,0.622104,0.835,0.119,0.046,17,7,9,2,10,3,7.7143,6.8125,2017,2,V,3,0,2,2,3.0021940000000003,1.757986,0.529,0.286
2017-02-12 13:30:00,2016,1,1,Burnley,Chelsea,0.906366,0.800222,0.3623,0.3458,0.2919,7,13,4,2,5,11,5.5455,16.2917,2017,2,N,1,1,2,0,1.706588,0.10614400000000002,0.571,0.154
2017-02-12 16:00:00,2016,2,0,Swansea,Leicester,0.693376,0.672883,0.3148,0.386,0.2992,10,9,4,1,2,6,11.7391,13.8421,2017,2,V,3,0,2,2,1.366259,0.020492999999999983,0.4,0.111
2017-02-13 20:00:00,2016,0,2,Bournemouth,Manchester City,0.152385,2.953,0.0045,0.0309,0.9646,5,17,1,5,4,8,7.64,16.0952,2017,2,D,0,3,2,-2,3.105385,-2.8006149999999996,0.2,0.294
2017-02-25 15:00:00,2016,3,1,Chelsea,Swansea,1.22573,0.280172,0.6291,0.3004,0.0705,16,3,5,2,19,1,15.2963,10.4286,2017,2,V,3,0,4,2,1.5059019999999999,0.945558,0.312,0.667
2017-02-25 15:00:00,2016,1,0,Crystal Palace,Middlesbrough,0.808522,0.82885,0.3003,0.3576,0.3421,15,11,3,4,9,7,6.2273,8.4194,2017,2,V,3,0,1,1,1.637372,-0.020328000000000013,0.2,0.364
2017-02-25 15:00:00,2016,2,0,Everton,Sunderland,1.70366,0.505952,0.6869,0.2164,0.0967,20,10,8,1,3,2,17.8824,5.9524,2017,2,V,3,0,2,2,2.209612,1.197708,0.4,0.1
2017-02-25 15:00:00,2016,1,1,Hull,Burnley,1.59037,0.473058,0.7144,0.2146,0.071,15,10,1,3,5,4,15.3125,14.4286,2017,2,N,1,1,2,0,2.063428,1.117312,0.067,0.3
2017-02-25 15:00:00,2016,2,1,West Bromwich Albion,Bournemouth,1.6124,1.22747,0.4532,0.3269,0.2199,13,12,4,4,5,12,13.6,16.381,2017,2,V,3,0,3,1,2.8398700000000003,0.38493,0.308,0.333
2017-02-25 17:30:00,2016,1,1,Watford,West Ham,1.21279,1.48144,0.2511,0.345,0.4039,9,13,1,2,4,4,4.2857,11.5217,2017,2,N,1,1,2,0,2.69423,-0.26865000000000006,0.111,0.154
2017-02-26 13:30:00,2016,4,0,Tottenham,Stoke,1.89002,0.743596,0.6733,0.2321,0.0946,21,5,9,3,11,2,15.9545,8.7143,2017,2,V,3,0,4,4,2.633616,1.146424,0.429,0.6
2017-02-27 20:00:00,2016,3,1,Leicester,Liverpool,1.54732,0.789939,0.5744,0.2518,0.1738,14,17,8,7,3,17,3.7143,13.8182,2017,2,V,3,0,4,2,2.337259,0.7573810000000001,0.571,0.412
2017-03-04 12:30:00,2016,1,1,Manchester United,Bournemouth,2.5377,0.816172,0.8218,0.1462,0.032,20,3,7,1,15,2,20.3333,5.8276,2017,3,N,1,1,2,0,3.353872,1.7215280000000002,0.35,0.333
2017-03-04 15:00:00,2016,3,1,Leicester,Hull,1.81255,1.1216,0.5479,0.2555,0.1966,17,10,5,4,11,3,6.9545,8.2414,2017,3,V,3,0,4,2,2.93415,0.6909500000000002,0.294,0.4
2017-03-04 15:00:00,2016,2,0,Stoke,Middlesbrough,2.97584,0.274611,0.9551,0.0382,0.0067,13,8,8,2,6,5,5.8,6.7241,2017,3,V,3,0,2,2,3.250451,2.7012289999999997,0.615,0.25
2017-03-04 15:00:00,2016,3,2,Swansea,Burnley,1.44545,0.933851,0.4686,0.3034,0.228,24,6,9,4,5,2,12.5,13.0,2017,3,V,3,0,5,1,2.379301,0.5115989999999999,0.375,0.667
2017-03-04 15:00:00,2016,3,4,Watford,Southampton,1.40104,1.33681,0.3675,0.298,0.3345,16,20,4,11,8,5,7.3333,8.0345,2017,3,D,0,3,7,-1,2.73785,0.06423000000000001,0.25,0.55
2017-03-04 15:00:00,2016,0,2,West Bromwich Albion,Crystal Palace,0.3746,1.39171,0.0825,0.2575,0.66,11,10,1,4,0,8,5.7586,10.0,2017,3,D,0,3,2,-2,1.76631,-1.01711,0.091,0.4
2017-03-04 17:30:00,2016,3,1,Liverpool,Arsenal,2.70435,0.729203,0.8363,0.1205,0.0432,18,7,7,3,15,5,9.0952,10.3,2017,3,V,3,0,4,2,3.433553,1.9751469999999998,0.389,0.429
2017-03-05 13:30:00,2016,3,2,Tottenham,Everton,1.70225,0.808013,0.5984,0.2492,0.1524,20,8,7,4,3,2,9.52,11.0,2017,3,V,3,0,5,1,2.510263,0.8942370000000001,0.35,0.5
2017-03-05 16:00:00,2016,0,2,Sunderland,Manchester City,0.737758,2.48022,0.0456,0.1248,0.8296,11,14,3,7,0,15,6.6364,13.9677,2017,3,D,0,3,2,-2,3.217978,-1.7424620000000002,0.273,0.5
2017-03-06 20:00:00,2016,1,2,West Ham,Chelsea,0.450583,2.01134,0.0383,0.1388,0.8229,11,9,2,4,6,11,15.8636,13.08,2017,3,D,0,3,3,-1,2.461923,-1.5607570000000002,0.182,0.444
2017-03-08 20:00:00,2016,0,0,Manchester City,Stoke,1.3049,0.337194,0.667,0.2574,0.0756,12,5,1,2,2,2,17.3,5.6296,2017,3,N,1,1,0,0,1.642094,0.967706,0.083,0.4
2017-03-11 15:00:00,2016,3,2,Bournemouth,West Ham,3.68186,1.25315,0.8782,0.0794,0.0424,22,16,9,7,6,10,6.4231,5.4828,2017,3,V,3,0,5,1,4.93501,2.4287099999999997,0.409,0.438
2017-03-11 15:00:00,2016,3,0,Everton,West Bromwich Albion,2.17521,0.127321,0.9103,0.0815,0.0082,16,5,5,2,4,2,17.2632,9.7222,2017,3,V,3,0,3,3,2.3025309999999997,2.047889,0.312,0.4
2017-03-11 15:00:00,2016,2,1,Hull,Swansea,1.98818,1.44148,0.5214,0.2424,0.2362,15,11,7,3,7,3,13.1875,10.5789,2017,3,V,3,0,3,1,3.42966,0.5467,0.467,0.273
2017-03-12 16:00:00,2016,2,1,Liverpool,Burnley,0.966335,0.83474,0.3705,0.3488,0.2807,10,11,3,1,7,5,12.6667,10.7692,2017,3,V,3,0,3,1,1.801075,0.13159500000000002,0.3,0.091
2017-03-18 12:30:00,2016,3,1,West Bromwich Albion,Arsenal,2.11737,0.995221,0.6692,0.2129,0.1179,12,11,8,2,4,9,4.9474,20.3889,2017,3,V,3,0,4,2,3.112591,1.1221490000000003,0.667,0.182
2017-03-18 15:00:00,2016,2,3,West Ham,Leicester,2.32174,2.17004,0.4186,0.2291,0.3523,20,11,7,5,8,6,15.5,7.6364,2017,3,D,0,3,5,-1,4.49178,0.15169999999999995,0.35,0.455
2017-03-18 15:00:00,2016,0,0,Sunderland,Burnley,1.03287,1.18742,0.2959,0.3029,0.4012,14,16,5,3,4,7,13.7778,9.7059,2017,3,N,1,1,0,0,2.22029,-0.15454999999999997,0.357,0.188
2017-03-18 15:00:00,2016,1,2,Stoke,Chelsea,0.952053,1.95538,0.1142,0.2526,0.6332,5,20,1,7,3,10,4.9583,11.8846,2017,3,D,0,3,3,-1,2.907433,-1.0033269999999999,0.2,0.35
2017-03-18 15:00:00,2016,4,0,Everton,Hull,2.63141,0.528692,0.8705,0.0984,0.0311,14,6,8,0,10,3,12.3,10.0,2017,3,V,3,0,4,4,3.1601019999999997,2.102718,0.571,0.0
2017-03-18 15:00:00,2016,1,0,Crystal Palace,Watford,0.376326,0.190648,0.2722,0.605,0.1228,7,6,0,2,4,6,7.8235,12.0625,2017,3,V,3,0,1,1,0.566974,0.18567799999999998,0.0,0.333
2017-03-18 17:30:00,2016,2,0,Bournemouth,Swansea,1.00816,0.37687,0.5331,0.3395,0.1274,12,10,6,1,5,3,9.8333,8.8929,2017,3,V,3,0,2,2,1.38503,0.6312899999999999,0.5,0.1
2017-03-19 12:00:00,2016,1,3,Middlesbrough,Manchester United,1.09037,2.47484,0.0867,0.1703,0.743,10,14,3,6,7,5,14.7727,6.9091,2017,3,D,0,3,4,-2,3.56521,-1.3844699999999999,0.3,0.429
2017-03-19 14:15:00,2016,2,1,Tottenham,Southampton,1.64328,0.839989,0.5989,0.2683,0.1328,12,8,6,3,8,5,9.1304,10.6957,2017,3,V,3,0,3,1,2.483269,0.8032910000000001,0.5,0.375
2017-03-19 16:30:00,2016,1,1,Manchester City,Liverpool,2.55464,1.94116,0.5319,0.2168,0.2513,13,13,3,4,14,16,17.7,6.2143,2017,3,N,1,1,2,0,4.4958,0.61348,0.231,0.308
2017-04-01 12:30:00,2016,3,1,Liverpool,Everton,0.625343,1.44152,0.1258,0.2507,0.6235,10,9,6,4,3,5,10.8571,6.75,2017,4,V,3,0,4,2,2.0668629999999997,-0.8161769999999999,0.6,0.444
2017-04-01 15:00:00,2016,0,2,Burnley,Tottenham,0.44677,2.36346,0.0336,0.1096,0.8568,13,19,2,7,3,7,9.0,16.619,2017,4,D,0,3,2,-2,2.81023,-1.91669,0.154,0.368
2017-04-01 15:00:00,2016,1,2,Chelsea,Crystal Palace,3.16805,1.57423,0.7428,0.156,0.1012,24,8,11,3,26,4,13.2941,4.4286,2017,4,D,0,3,3,-1,4.74228,1.59382,0.458,0.375
2017-04-01 15:00:00,2016,2,1,Hull,West Ham,0.778704,1.24571,0.2089,0.3272,0.4639,7,12,3,4,2,3,8.1739,11.0435,2017,4,V,3,0,3,1,2.024414,-0.46700600000000014,0.429,0.333
2017-04-01 15:00:00,2016,2,0,Leicester,Stoke,1.97444,1.36671,0.5223,0.2509,0.2268,23,10,10,2,4,6,9.05,13.3529,2017,4,V,3,0,2,2,3.34115,0.6077299999999999,0.435,0.2
2017-04-01 15:00:00,2016,0,0,Manchester United,West Bromwich Albion,0.986683,0.200297,0.5777,0.3553,0.067,18,3,3,1,8,3,22.625,4.125,2017,4,N,1,1,0,0,1.18698,0.786386,0.167,0.333
2017-04-01 15:00:00,2016,1,0,Watford,Sunderland,1.95828,0.349699,0.8002,0.1546,0.0452,23,11,10,3,9,1,11.8235,6.8947,2017,4,V,3,0,1,1,2.307979,1.608581,0.435,0.273
2017-04-01 17:30:00,2016,0,0,Southampton,Bournemouth,1.00252,2.06307,0.1325,0.2065,0.661,14,12,4,3,7,4,15.6522,10.375,2017,4,N,1,1,0,0,3.0655900000000003,-1.06055,0.286,0.25
2017-04-02 13:30:00,2016,0,0,Swansea,Middlesbrough,0.64382,0.748206,0.2634,0.3825,0.3541,15,8,3,1,5,5,11.3889,7.8,2017,4,N,1,1,0,0,1.392026,-0.10438600000000009,0.2,0.125
2017-04-02 16:00:00,2016,2,2,Arsenal,Manchester City,0.738497,1.40021,0.1629,0.2923,0.5448,8,14,3,5,6,5,6.7,7.6471,2017,4,N,1,1,4,0,2.138707,-0.661713,0.375,0.357
2017-04-04 19:45:00,2016,1,0,Burnley,Stoke,0.348885,1.17275,0.0896,0.297,0.6134,7,15,3,2,2,5,7.7083,6.2414,2017,4,V,3,0,1,1,1.5216349999999998,-0.823865,0.429,0.133
2017-04-04 19:45:00,2016,2,0,Watford,West Bromwich Albion,0.691991,1.48109,0.0935,0.2831,0.6234,9,17,2,2,6,10,10.7692,17.3333,2017,4,V,3,0,2,2,2.173081,-0.789099,0.222,0.118
2017-04-04 19:45:00,2016,2,0,Leicester,Sunderland,0.929134,0.7012,0.396,0.3473,0.2567,19,15,8,3,4,3,6.7857,12.5,2017,4,V,3,0,2,2,1.630334,0.22793399999999997,0.421,0.2
2017-04-04 20:00:00,2016,1,1,Manchester United,Everton,1.67424,0.589122,0.6961,0.2139,0.09,18,11,3,4,14,4,15.3333,7.8462,2017,4,N,1,1,2,0,2.263362,1.085118,0.167,0.364
2017-04-05 19:45:00,2016,3,0,Arsenal,West Ham,2.16023,0.303905,0.8546,0.1198,0.0256,21,7,8,2,16,1,20.05,7.3333,2017,4,V,3,0,3,3,2.4641349999999997,1.856325,0.381,0.286
2017-04-05 19:45:00,2016,4,2,Hull,Middlesbrough,2.23261,1.30673,0.5956,0.2326,0.1718,17,12,5,4,8,4,8.1538,10.913,2017,4,V,3,0,6,2,3.53934,0.9258800000000003,0.294,0.333
2017-04-05 19:45:00,2016,1,3,Swansea,Tottenham,0.872579,2.2242,0.0655,0.2032,0.7313,4,18,1,8,3,19,5.9,20.1875,2017,4,D,0,3,4,-2,3.096779,-1.3516210000000002,0.25,0.444
2017-04-05 19:45:00,2016,3,1,Southampton,Crystal Palace,3.34327,1.73055,0.738,0.1513,0.1107,25,17,9,3,18,7,9.6667,4.5,2017,4,V,3,0,4,2,5.0738199999999996,1.61272,0.36,0.176
2017-04-05 20:00:00,2016,2,1,Chelsea,Manchester City,1.36933,2.2614,0.1476,0.2429,0.6095,10,17,4,7,7,6,9.9583,16.95,2017,4,V,3,0,3,1,3.63073,-0.8920700000000001,0.4,0.412
2017-04-05 20:00:00,2016,2,2,Liverpool,Bournemouth,2.17263,1.31233,0.5996,0.2303,0.1701,20,8,8,2,6,1,23.3333,4.6944,2017,4,N,1,1,4,0,3.48496,0.8602999999999998,0.4,0.25
2017-04-08 12:30:00,2016,4,0,Tottenham,Watford,1.18779,0.369968,0.5864,0.3051,0.1085,19,8,6,2,6,1,14.6111,6.6364,2017,4,V,3,0,4,4,1.557758,0.8178219999999998,0.316,0.25
2017-04-08 15:00:00,2016,1,2,Stoke,Liverpool,2.13972,1.02225,0.6874,0.1944,0.1182,9,14,4,4,1,6,8.5,16.75,2017,4,D,0,3,3,-1,3.16197,1.11747,0.444,0.286
2017-04-08 15:00:00,2016,0,1,West Bromwich Albion,Southampton,2.01721,0.910339,0.6773,0.2063,0.1164,17,10,6,3,8,10,5.88,13.125,2017,4,D,0,3,1,-1,2.927549,1.106871,0.353,0.3
2017-04-08 15:00:00,2016,1,0,West Ham,Swansea,1.20573,0.307666,0.6076,0.3072,0.0852,14,5,6,1,5,5,13.0,7.0625,2017,4,V,3,0,1,1,1.513396,0.898064,0.429,0.2
2017-04-08 15:00:00,2016,0,0,Middlesbrough,Burnley,0.684683,0.809899,0.2758,0.3702,0.354,12,7,5,2,4,4,12.1739,13.5,2017,4,N,1,1,0,0,1.494582,-0.125216,0.417,0.286
2017-04-08 15:00:00,2016,3,1,Manchester City,Hull,2.33731,0.358364,0.876,0.1003,0.0237,23,7,7,1,11,6,21.7368,7.625,2017,4,V,3,0,4,2,2.695674,1.978946,0.304,0.143
2017-04-08 17:30:00,2016,1,3,Bournemouth,Chelsea,0.384152,1.52126,0.082,0.2341,0.6839,11,15,1,5,2,14,18.125,14.2,2017,4,D,0,3,4,-2,1.905412,-1.137108,0.091,0.333
2017-04-09 13:30:00,2016,0,3,Sunderland,Manchester United,0.977316,1.6943,0.1752,0.2591,0.5657,9,18,4,9,5,9,5.2273,10.8846,2017,4,D,0,3,3,-3,2.6716159999999998,-0.716984,0.444,0.5
2017-04-09 16:00:00,2016,4,2,Everton,Leicester,2.64597,0.836095,0.8198,0.1275,0.0527,12,6,7,4,7,1,13.6522,9.0,2017,4,V,3,0,6,2,3.4820650000000004,1.8098750000000001,0.583,0.667
2017-04-10 20:00:00,2016,3,0,Crystal Palace,Arsenal,2.15968,0.44226,0.8444,0.1204,0.0352,17,11,6,3,10,10,4.35,11.5714,2017,4,V,3,0,3,3,2.60194,1.7174199999999997,0.353,0.273
2017-04-15 12:30:00,2016,4,0,Tottenham,Bournemouth,3.28588,0.211502,0.9655,0.0287,0.0058,24,5,14,1,15,5,22.75,8.6842,2017,4,V,3,0,4,4,3.497382,3.0743780000000003,0.583,0.2
2017-04-15 15:00:00,2016,3,1,Stoke,Hull,2.01829,1.17696,0.5986,0.2303,0.1711,14,14,4,3,9,5,8.2,8.9231,2017,4,V,3,0,4,2,3.1952499999999997,0.8413299999999999,0.286,0.214
2017-04-15 15:00:00,2016,2,2,Sunderland,West Ham,1.14121,1.42815,0.2628,0.2904,0.4468,14,7,4,3,6,3,12.8667,9.0385,2017,4,N,1,1,4,0,2.56936,-0.28694,0.286,0.429
2017-04-15 15:00:00,2016,1,0,Watford,Swansea,1.22039,0.641001,0.5333,0.2993,0.1674,15,13,7,4,1,7,12.2609,13.4667,2017,4,V,3,0,1,1,1.8613910000000002,0.579389,0.467,0.308
2017-04-15 15:00:00,2016,3,1,Everton,Burnley,1.67352,1.1469,0.4833,0.2852,0.2315,29,13,7,6,7,5,10.375,5.04,2017,4,V,3,0,4,2,2.82042,0.5266199999999999,0.241,0.462
2017-04-15 15:00:00,2016,2,2,Crystal Palace,Leicester,1.67894,0.467725,0.7043,0.2149,0.0808,15,6,4,2,7,4,6.4839,5.1304,2017,4,N,1,1,4,0,2.146665,1.2112150000000002,0.267,0.333
2017-04-15 17:30:00,2016,0,3,Southampton,Manchester City,0.616753,2.74188,0.0317,0.0959,0.8724,8,18,1,5,4,8,12.8947,15.8696,2017,4,D,0,3,3,-3,3.358633,-2.125127,0.125,0.278
2017-04-16 13:30:00,2016,0,1,West Bromwich Albion,Liverpool,0.590375,1.30017,0.1549,0.2846,0.5605,7,15,2,2,2,5,5.7308,16.05,2017,4,D,0,3,1,-1,1.890545,-0.7097950000000001,0.286,0.133
2017-04-16 16:00:00,2016,2,0,Manchester United,Chelsea,0.807128,0.132913,0.5381,0.4084,0.0535,9,5,3,0,3,3,4.9189,6.4872,2017,4,V,3,0,2,2,0.9400409999999999,0.674215,0.333,0.0
2017-04-17 20:00:00,2016,1,2,Middlesbrough,Arsenal,1.72075,1.0689,0.5432,0.253,0.2038,13,12,5,4,10,8,4.1944,14.0,2017,4,D,0,3,3,-1,2.78965,0.65185,0.385,0.333
2017-04-22 15:00:00,2016,4,0,Bournemouth,Middlesbrough,3.27712,0.2072,0.9663,0.0297,0.004,21,5,10,2,12,2,20.0714,7.12,2017,4,V,3,0,4,4,3.48432,3.06992,0.476,0.4
2017-04-22 15:00:00,2016,2,0,Hull,Watford,1.42309,1.15869,0.4288,0.3115,0.2597,8,14,3,2,0,4,5.5185,24.328687499999997,2017,4,V,3,0,2,2,2.58178,0.26439999999999997,0.375,0.143
2017-04-22 15:00:00,2016,2,0,Swansea,Stoke,0.475636,1.69454,0.0641,0.1872,0.7487,10,9,6,3,3,9,16.2,13.65,2017,4,V,3,0,2,2,2.170176,-1.218904,0.6,0.333
2017-04-22 15:00:00,2016,0,0,West Ham,Everton,0.668323,0.104476,0.4703,0.4799,0.0498,15,4,3,0,2,2,7.4167,14.0417,2017,4,N,1,1,0,0,0.772799,0.563847,0.2,0.0
2017-04-23 14:15:00,2016,0,2,Burnley,Manchester United,0.342829,2.24747,0.0168,0.0883,0.8949,8,12,0,6,4,8,7.9565,6.5,2017,4,D,0,3,2,-2,2.590299,-1.9046409999999998,0.0,0.5
2017-04-23 16:30:00,2016,1,2,Liverpool,Crystal Palace,0.89449,1.21741,0.2404,0.3059,0.4537,14,7,1,3,10,4,10.7333,3.8636,2017,4,D,0,3,3,-1,2.1119000000000003,-0.3229200000000001,0.071,0.429
2017-04-25 19:45:00,2016,4,2,Chelsea,Southampton,1.4438,1.32952,0.3547,0.3086,0.3367,17,12,7,4,23,6,14.9375,20.4286,2017,4,V,3,0,6,2,2.77332,0.11427999999999994,0.412,0.333
2017-04-26 19:45:00,2016,1,0,Arsenal,Leicester,0.410203,0.595173,0.2048,0.4553,0.3399,12,7,5,3,10,4,23.7692,9.875,2017,4,V,3,0,1,1,1.005376,-0.18496999999999997,0.417,0.429
2017-04-26 19:45:00,2016,1,0,Middlesbrough,Sunderland,0.825839,0.445766,0.4502,0.3822,0.1676,6,10,2,4,2,7,8.8571,7.88,2017,4,V,3,0,1,1,1.271605,0.380073,0.333,0.4
2017-04-26 20:00:00,2016,0,1,Crystal Palace,Tottenham,0.321722,1.00589,0.1061,0.3416,0.5523,6,18,1,4,2,8,3.3636,8.4848,2017,4,D,0,3,1,-1,1.327612,-0.6841679999999999,0.167,0.222
2017-04-27 20:00:00,2016,0,0,Manchester City,Manchester United,1.41537,0.421251,0.6539,0.2599,0.0862,19,3,6,1,3,0,22.5714,4.5667,2017,4,N,1,1,0,0,1.836621,0.994119,0.316,0.333
2017-04-29 15:00:00,2016,0,0,Southampton,Hull,1.24844,0.472435,0.6361,0.2716,0.0923,11,9,2,1,6,11,9.0714,6.1429,2017,4,N,1,1,0,0,1.720875,0.7760050000000001,0.182,0.111
2017-04-29 15:00:00,2016,0,0,Stoke,West Ham,1.35509,0.65149,0.5633,0.28,0.1567,19,12,4,4,14,3,11.7391,8.0385,2017,4,N,1,1,0,0,2.00658,0.7035999999999999,0.211,0.333
2017-04-29 15:00:00,2016,0,1,Sunderland,Bournemouth,1.6667,1.53094,0.4093,0.2619,0.3288,17,15,5,7,13,12,6.5417,7.6296,2017,4,D,0,3,1,-1,3.19764,0.1357600000000001,0.294,0.467
2017-04-29 15:00:00,2016,0,1,West Bromwich Albion,Leicester,0.809101,0.570664,0.3743,0.3829,0.2428,16,6,4,1,10,2,8.0435,7.0526,2017,4,D,0,3,1,-1,1.379765,0.238437,0.25,0.167
2017-04-29 17:30:00,2016,0,2,Crystal Palace,Burnley,0.633469,1.38569,0.1456,0.2648,0.5896,15,9,5,3,9,10,9.75,7.0,2017,4,D,0,3,2,-2,2.019159,-0.7522210000000001,0.333,0.333
2017-04-30 12:00:00,2016,1,1,Manchester United,Swansea,1.99224,0.775713,0.7201,0.1848,0.0951,12,12,6,4,5,10,14.85,12.4444,2017,4,N,1,1,2,0,2.767953,1.2165270000000001,0.5,0.333
2017-04-30 14:05:00,2016,0,3,Everton,Chelsea,0.684516,1.81945,0.0995,0.2099,0.6906,12,11,3,5,2,9,16.1875,9.52,2017,4,D,0,3,3,-3,2.503966,-1.1349339999999999,0.25,0.455
2017-04-30 14:05:00,2016,2,2,Middlesbrough,Manchester City,1.17715,3.10725,0.0406,0.1206,0.8388,14,22,6,4,4,10,6.6471,16.0,2017,4,N,1,1,4,0,4.2844,-1.9301000000000001,0.429,0.182
2017-04-30 16:30:00,2016,2,0,Tottenham,Arsenal,3.46042,0.589537,0.9466,0.0442,0.0092,20,12,11,4,10,3,8.0833,14.4,2017,4,V,3,0,2,2,4.049957,2.870883,0.55,0.333
2017-05-01 20:00:00,2016,0,1,Watford,Liverpool,0.436648,0.55669,0.236,0.4636,0.3004,9,12,2,8,2,7,9.1739,16.6471,2017,5,D,0,3,1,-1,0.993338,-0.12004200000000004,0.222,0.667
2017-05-05 20:00:00,2016,1,0,West Ham,Tottenham,2.21043,0.451017,0.863,0.11,0.027,13,11,5,5,7,4,7.3125,16.8333,2017,5,V,3,0,1,1,2.661447,1.7594130000000001,0.385,0.455
2017-05-06 12:30:00,2016,5,0,Manchester City,Crystal Palace,2.69837,0.241571,0.9146,0.0728,0.0126,26,5,12,2,21,2,13.9048,5.2083,2017,5,V,3,0,5,5,2.939941,2.456799,0.462,0.4
2017-05-06 15:00:00,2016,2,2,Bournemouth,Stoke,1.30668,2.3019,0.1444,0.2166,0.639,12,14,2,3,3,4,9.6897,10.8889,2017,5,N,1,1,4,0,3.60858,-0.9952199999999998,0.167,0.214
2017-05-06 15:00:00,2016,2,2,Burnley,West Bromwich Albion,1.08649,0.82853,0.4092,0.3325,0.2583,14,11,4,3,7,2,11.1765,7.1875,2017,5,N,1,1,4,0,1.91502,0.25795999999999997,0.286,0.273
2017-05-06 15:00:00,2016,0,2,Hull,Sunderland,1.21734,1.95502,0.1925,0.2431,0.5644,16,12,6,5,7,7,18.8462,6.6842,2017,5,D,0,3,2,-2,3.1723600000000003,-0.7376799999999999,0.375,0.417
2017-05-06 15:00:00,2016,3,0,Leicester,Watford,1.00566,0.512433,0.4815,0.336,0.1825,11,14,5,7,5,6,8.25,9.7143,2017,5,V,3,0,3,3,1.518093,0.49322699999999997,0.455,0.5
2017-05-06 17:30:00,2016,1,0,Swansea,Everton,2.09244,0.270186,0.9017,0.0838,0.0145,9,9,4,2,4,5,10.5263,23.6,2017,5,V,3,0,1,1,2.3626259999999997,1.8222539999999998,0.444,0.222
2017-05-07 13:30:00,2016,0,0,Liverpool,Southampton,1.35967,0.182082,0.7875,0.1876,0.0249,17,4,8,0,12,2,12.3043,6.52,2017,5,N,1,1,0,0,1.541752,1.1775879999999999,0.471,0.0
2017-05-07 16:00:00,2016,2,0,Arsenal,Manchester United,1.03986,0.576173,0.4845,0.3359,0.1796,9,10,4,4,8,3,15.2778,16.0526,2017,5,V,3,0,2,2,1.616033,0.46368699999999996,0.444,0.4
2017-05-08 20:00:00,2016,3,0,Chelsea,Middlesbrough,2.28046,0.0718773,0.9231,0.0727,0.0042,21,2,7,1,16,2,10.4242,22.4615,2017,5,V,3,0,3,3,2.3523373000000003,2.2085827,0.333,0.5
2017-05-10 19:45:00,2016,0,2,Southampton,Arsenal,1.25259,1.35954,0.3194,0.2984,0.3822,14,11,3,4,4,15,11.7,16.3571,2017,5,D,0,3,2,-2,2.61213,-0.10694999999999988,0.214,0.364
2017-05-12 19:45:00,2016,1,0,Everton,Watford,1.12984,1.54861,0.2409,0.2833,0.4758,15,14,6,2,5,7,14.65,7.2857,2017,5,V,3,0,1,1,2.6784499999999998,-0.4187700000000001,0.4,0.143
2017-05-12 20:00:00,2016,0,1,West Bromwich Albion,Chelsea,0.529155,1.76954,0.0791,0.2101,0.7108,7,24,2,5,4,16,13.8889,21.4167,2017,5,D,0,3,1,-1,2.298695,-1.2403849999999998,0.286,0.208
2017-05-13 12:30:00,2016,2,1,Manchester City,Leicester,1.98776,1.62503,0.4406,0.289,0.2704,17,9,5,4,13,3,11.8077,6.2609,2017,5,V,3,0,3,1,3.61279,0.36273,0.294,0.444
2017-05-13 15:00:00,2016,2,1,Bournemouth,Burnley,1.5499,1.1511,0.4626,0.2699,0.2675,18,14,6,3,14,6,9.0357,9.9,2017,5,V,3,0,3,1,2.701,0.39880000000000004,0.333,0.214
2017-05-13 15:00:00,2016,1,2,Middlesbrough,Southampton,1.32885,1.52569,0.2965,0.2967,0.4068,14,14,3,4,8,4,8.1818,14.4762,2017,5,D,0,3,3,-1,2.85454,-0.1968399999999999,0.214,0.286
2017-05-13 15:00:00,2016,0,2,Sunderland,Swansea,1.03765,0.344096,0.5655,0.3323,0.1022,13,3,4,3,4,2,17.2857,9.48,2017,5,D,0,3,2,-2,1.381746,0.693554,0.308,1.0
2017-05-13 17:30:00,2016,1,4,Stoke,Arsenal,1.30239,2.63639,0.0821,0.1768,0.7411,10,10,4,6,4,9,7.8235,12.4815,2017,5,D,0,3,5,-3,3.93878,-1.334,0.4,0.6
2017-05-14 12:00:00,2016,4,0,Crystal Palace,Hull,2.73274,0.518148,0.9018,0.0748,0.0234,12,9,4,0,6,7,4.1765,10.0417,2017,5,V,3,0,4,4,3.250888,2.214592,0.333,0.0
2017-05-14 14:15:00,2016,0,4,West Ham,Liverpool,1.03963,3.28962,0.0262,0.0969,0.8769,10,26,3,11,0,11,10.0,24.2667,2017,5,D,0,3,4,-4,4.32925,-2.2499900000000004,0.3,0.423
2017-05-14 16:30:00,2016,2,1,Tottenham,Manchester United,2.10698,1.03696,0.6518,0.2146,0.1336,14,8,7,2,6,3,21.4286,8.5217,2017,5,V,3,0,3,1,3.14394,1.07002,0.5,0.25
2017-05-15 20:00:00,2016,4,3,Chelsea,Watford,2.65315,0.883368,0.7878,0.1431,0.0691,24,9,9,3,16,0,11.0435,16.5455,2017,5,V,3,0,7,1,3.536518,1.7697820000000002,0.375,0.333
2017-05-16 19:45:00,2016,2,0,Arsenal,Sunderland,3.83905,0.271744,0.9796,0.0178,0.0026,36,6,13,2,23,4,22.1667,8.0,2017,5,V,3,0,2,2,4.110794,3.567306,0.361,0.333
2017-05-16 20:00:00,2016,3,1,Manchester City,West Bromwich Albion,2.58035,0.387741,0.921,0.0729,0.0061,21,5,10,2,14,0,26.7857,5.0,2017,5,V,3,0,4,2,2.9680910000000003,2.192609,0.476,0.4
2017-05-17 19:45:00,2016,0,0,Southampton,Manchester United,1.66533,0.45805,0.7291,0.2052,0.0657,17,11,6,1,5,3,16.8235,13.2222,2017,5,N,1,1,0,0,2.12338,1.20728,0.353,0.091
2017-05-18 19:45:00,2016,1,6,Leicester,Tottenham,0.725721,2.64912,0.0398,0.1167,0.8435,12,26,5,12,2,9,7.6667,11.6552,2017,5,D,0,3,7,-5,3.374841,-1.9233989999999999,0.417,0.462
2017-05-21 15:00:00,2016,3,1,Arsenal,Everton,3.35075,1.8831,0.7046,0.1644,0.131,17,22,9,7,15,10,15.125,12.4118,2017,5,V,3,0,4,2,5.23385,1.4676500000000001,0.529,0.318
2017-05-21 15:00:00,2016,1,2,Burnley,West Ham,1.70802,1.67299,0.3669,0.2983,0.3348,9,14,1,4,6,5,9.0,12.0,2017,5,D,0,3,3,-1,3.38101,0.03503000000000012,0.111,0.286
2017-05-21 15:00:00,2016,5,1,Chelsea,Sunderland,2.73947,0.693994,0.8278,0.1239,0.0483,28,7,8,3,27,0,12.8,10.3529,2017,5,V,3,0,6,4,3.433464,2.045476,0.286,0.429
2017-05-21 15:00:00,2016,1,7,Hull,Tottenham,0.812723,3.89027,0.0123,0.04,0.9477,10,19,4,14,3,19,9.3182,13.6957,2017,5,D,0,3,8,-6,4.702993,-3.077547,0.4,0.737
2017-05-21 15:00:00,2016,1,1,Leicester,Bournemouth,2.45308,0.87072,0.7869,0.1601,0.053,20,10,4,4,11,3,8.8182,8.56,2017,5,N,1,1,2,0,3.3238,1.58236,0.2,0.4
2017-05-21 15:00:00,2016,3,0,Liverpool,Middlesbrough,2.16957,0.899691,0.6912,0.1929,0.1159,25,9,10,3,14,3,23.0556,4.76,2017,5,V,3,0,3,3,3.069261,1.2698790000000002,0.4,0.333
2017-05-21 15:00:00,2016,2,0,Manchester United,Crystal Palace,1.0386,0.3016,0.5995,0.3164,0.0841,9,6,2,1,3,8,10.1379,9.8889,2017,5,V,3,0,2,2,1.3401999999999998,0.737,0.222,0.167
2017-05-21 15:00:00,2016,0,1,Southampton,Stoke,1.3554,0.983464,0.4543,0.2822,0.2635,15,14,6,3,12,7,12.7727,5.4444,2017,5,D,0,3,1,-1,2.338864,0.37193599999999993,0.4,0.214
2017-05-21 15:00:00,2016,2,1,Swansea,West Bromwich Albion,1.74555,1.60674,0.4178,0.2431,0.3391,12,16,2,5,5,5,25.0714,9.0,2017,5,V,3,0,3,1,3.35229,0.13880999999999988,0.167,0.312
2017-05-21 15:00:00,2016,0,5,Watford,Manchester City,0.826124,3.26614,0.0204,0.0737,0.9059,6,15,3,9,1,15,7.16,24.328687499999997,2017,5,D,0,3,5,-5,4.092264,-2.440016,0.5,0.6
2017-08-11 19:45:00,2017,4,3,Arsenal,Leicester,2.54329,1.46495,0.628,0.2154,0.1566,27,6,10,3,13,2,13.5455,5.4444,2017,8,V,3,0,7,1,4.00824,1.0783399999999999,0.37,0.5
2017-08-12 12:30:00,2017,3,3,Watford,Liverpool,2.17647,2.61549,0.2452,0.287,0.4678,9,14,4,5,2,10,14.7143,11.2609,2017,8,N,1,1,6,0,4.7919599999999996,-0.43901999999999974,0.444,0.357
2017-08-12 15:00:00,2017,1,0,West Bromwich Albion,Bournemouth,1.18399,0.378659,0.5875,0.3056,0.1069,16,9,6,2,6,6,12.0,17.3889,2017,8,V,3,0,1,1,1.5626490000000002,0.805331,0.375,0.222
2017-08-12 15:00:00,2017,0,0,Southampton,Swansea,2.21748,0.406196,0.8262,0.1377,0.0361,29,4,2,0,16,1,12.8824,8.52,2017,8,N,1,1,0,0,2.623676,1.8112840000000001,0.069,0.0
2017-08-12 15:00:00,2017,2,3,Chelsea,Burnley,1.35651,0.564237,0.5899,0.284,0.1261,19,10,6,5,4,3,23.75,9.9444,2017,8,D,0,3,5,-1,1.920747,0.7922730000000001,0.316,0.5
2017-08-12 15:00:00,2017,0,3,Crystal Palace,Huddersfield,0.988934,1.73657,0.1531,0.2491,0.5978,14,9,4,6,3,5,6.9063,6.5,2017,8,D,0,3,3,-3,2.725504,-0.747636,0.286,0.667
2017-08-12 15:00:00,2017,1,0,Everton,Stoke,0.720574,0.27644,0.4458,0.4273,0.1269,9,9,4,1,3,9,14.45,6.1905,2017,8,V,3,0,1,1,0.9970140000000001,0.44413400000000003,0.444,0.111
2017-08-12 17:30:00,2017,0,2,Brighton,Manchester City,0.276343,1.86751,0.0192,0.1154,0.8654,6,14,2,4,2,18,5.4444,24.328687499999997,2017,8,D,0,3,2,-2,2.143853,-1.591167,0.333,0.286
2017-08-13 13:30:00,2017,0,2,Newcastle United,Tottenham,0.634633,2.34418,0.0463,0.143,0.8107,6,18,2,6,2,8,7.125,24.328687499999997,2017,8,D,0,3,2,-2,2.978813,-1.7095470000000001,0.333,0.333
2017-08-13 16:00:00,2017,4,0,Manchester United,West Ham,2.63853,0.62654,0.8486,0.1127,0.0387,21,9,5,1,10,9,13.35,9.36,2017,8,V,3,0,4,4,3.2650699999999997,2.01199,0.238,0.111
2017-08-19 12:30:00,2017,0,4,Swansea,Manchester United,0.304164,3.41021,0.0011,0.0166,0.9823,5,17,0,8,4,4,8.3462,17.9474,2017,8,D,0,3,4,-4,3.7143740000000003,-3.106046,0.0,0.471
2017-08-19 15:00:00,2017,3,2,Southampton,West Ham,2.1424,1.53269,0.5292,0.2659,0.2049,14,16,5,8,14,1,23.4615,4.8519,2017,8,V,3,0,5,1,3.67509,0.6097099999999998,0.357,0.5
2017-08-19 15:00:00,2017,0,2,Bournemouth,Watford,0.766694,2.17717,0.0725,0.1917,0.7358,6,19,2,7,7,7,9.2,10.3125,2017,8,D,0,3,2,-2,2.9438639999999996,-1.4104759999999998,0.333,0.368
2017-08-19 15:00:00,2017,0,1,Burnley,West Bromwich Albion,1.37242,0.653058,0.5629,0.2766,0.1605,20,8,0,1,4,0,14.0,5.5,2017,8,D,0,3,1,-1,2.025478,0.719362,0.0,0.125
2017-08-19 15:00:00,2017,2,0,Leicester,Brighton,1.88355,0.123075,0.8802,0.1083,0.0115,14,5,4,2,4,2,19.2143,20.8235,2017,8,V,3,0,2,2,2.006625,1.760475,0.286,0.4
2017-08-19 15:00:00,2017,1,0,Liverpool,Crystal Palace,2.84978,0.727364,0.8616,0.1049,0.0335,23,4,13,1,11,4,21.1053,4.0968,2017,8,V,3,0,1,1,3.577144,2.122416,0.565,0.25
2017-08-19 17:30:00,2017,1,0,Stoke,Arsenal,0.692644,1.40658,0.1705,0.2764,0.5531,11,18,4,6,4,15,5.1053,24.0667,2017,8,V,3,0,1,1,2.099224,-0.7139359999999999,0.364,0.333
2017-08-20 13:30:00,2017,1,0,Huddersfield,Newcastle United,0.267008,0.973322,0.0912,0.3396,0.5692,7,13,3,5,2,5,13.8421,7.7857,2017,8,V,3,0,1,1,1.2403300000000002,-0.706314,0.429,0.385
2017-08-20 16:00:00,2017,1,2,Tottenham,Chelsea,0.72428,0.834423,0.2838,0.3577,0.3585,18,9,6,2,8,2,14.1304,8.3889,2017,8,D,0,3,3,-1,1.558703,-0.11014299999999999,0.333,0.222
2017-08-21 20:00:00,2017,1,1,Manchester City,Everton,1.14216,0.59971,0.4894,0.3277,0.1829,19,7,6,2,14,1,21.4615,11.4615,2017,8,N,1,1,2,0,1.74187,0.5424500000000001,0.316,0.286
2017-08-26 12:30:00,2017,1,2,Bournemouth,Manchester City,0.415402,1.76626,0.0666,0.1932,0.7402,9,19,3,8,5,12,4.1379,15.0476,2017,8,D,0,3,3,-1,2.1816619999999998,-1.350858,0.333,0.421
2017-08-26 15:00:00,2017,0,2,Crystal Palace,Swansea,0.818951,0.966783,0.2811,0.3344,0.3845,16,7,3,3,8,1,24.0,15.3158,2017,8,D,0,3,2,-2,1.785734,-0.14783199999999996,0.188,0.429
2017-08-26 15:00:00,2017,3,0,Newcastle United,West Ham,2.76107,0.558484,0.9013,0.08,0.0187,17,8,8,3,7,0,5.7059,11.3462,2017,8,V,3,0,3,3,3.319554,2.202586,0.471,0.375
2017-08-26 15:00:00,2017,0,0,Watford,Brighton,0.281459,0.952357,0.1023,0.3687,0.529,8,16,0,2,5,8,7.0909,24.328687499999997,2017,8,N,1,1,0,0,1.233816,-0.670898,0.0,0.125
2017-08-26 15:00:00,2017,0,0,Huddersfield,Southampton,1.51605,0.795911,0.5525,0.2754,0.1721,16,6,6,3,5,2,11.4615,12.6154,2017,8,N,1,1,0,0,2.311961,0.7201389999999999,0.375,0.5
2017-08-26 17:30:00,2017,2,0,Manchester United,Leicester,2.73725,0.670573,0.8734,0.0985,0.0281,22,11,7,4,13,3,17.1053,8.1667,2017,8,V,3,0,2,2,3.407823,2.066677,0.318,0.364
2017-08-27 13:30:00,2017,2,0,Chelsea,Everton,1.16991,0.326655,0.5979,0.3022,0.0999,18,7,7,0,11,4,17.5,14.8421,2017,8,V,3,0,2,2,1.496565,0.8432550000000001,0.389,0.0
2017-08-27 13:30:00,2017,1,1,West Bromwich Albion,Stoke,0.875132,0.980905,0.3079,0.3358,0.3563,10,16,2,2,2,8,8.8947,12.0,2017,8,N,1,1,2,0,1.8560370000000002,-0.105773,0.2,0.125
2017-08-27 16:00:00,2017,1,1,Tottenham,Burnley,2.3497,0.670943,0.7813,0.1515,0.0672,28,13,5,3,15,5,17.7222,6.9048,2017,8,N,1,1,2,0,3.0206429999999997,1.678757,0.179,0.231
2017-08-27 16:00:00,2017,4,0,Liverpool,Arsenal,3.45998,0.484816,0.9436,0.0448,0.0116,18,8,10,0,4,9,10.1852,17.3158,2017,8,V,3,0,4,4,3.9447959999999997,2.975164,0.556,0.0
2017-09-09 12:30:00,2017,5,0,Manchester City,Liverpool,3.14589,0.665186,0.9056,0.0716,0.0228,13,7,10,3,9,3,27.855400000000003,9.2609,2017,9,V,3,0,5,5,3.811076,2.4807040000000002,0.769,0.429
2017-09-09 15:00:00,2017,0,2,Southampton,Watford,0.331259,0.57794,0.1722,0.4764,0.3514,9,12,1,3,6,3,9.5714,10.1053,2017,9,D,0,3,2,-2,0.9091990000000001,-0.24668099999999998,0.111,0.25
2017-09-09 15:00:00,2017,1,2,Leicester,Chelsea,1.34903,1.03943,0.467,0.2912,0.2418,8,16,2,6,2,12,10.9333,11.8333,2017,9,D,0,3,3,-1,2.3884600000000002,0.3095999999999999,0.25,0.375
2017-09-09 15:00:00,2017,3,0,Arsenal,Bournemouth,2.48732,0.577291,0.8309,0.1227,0.0464,17,7,9,2,12,2,16.1053,7.7333,2017,9,V,3,0,3,3,3.064611,1.910029,0.529,0.286
2017-09-09 15:00:00,2017,3,1,Brighton,West Bromwich Albion,0.396771,0.866679,0.1484,0.376,0.4756,12,12,6,3,2,6,27.855400000000003,13.25,2017,9,V,3,0,4,2,1.26345,-0.469908,0.5,0.25
2017-09-09 15:00:00,2017,0,3,Everton,Tottenham,1.15144,2.17535,0.1568,0.211,0.6322,12,15,1,6,9,9,10.5769,10.5217,2017,9,D,0,3,3,-3,3.32679,-1.0239099999999999,0.083,0.4
2017-09-09 17:30:00,2017,2,2,Stoke,Manchester United,1.49928,1.96635,0.2647,0.2517,0.4836,10,18,5,8,1,9,11.1176,15.5,2017,9,N,1,1,4,0,3.46563,-0.4670700000000001,0.5,0.444
2017-09-10 13:30:00,2017,1,0,Burnley,Crystal Palace,0.429329,1.72996,0.0627,0.1991,0.7382,4,23,2,4,2,8,4.6957,8.0385,2017,9,V,3,0,1,1,2.159289,-1.3006309999999999,0.5,0.174
2017-09-10 16:00:00,2017,0,1,Swansea,Newcastle United,1.48574,1.03177,0.492,0.2867,0.2213,10,16,4,8,6,2,9.4688,8.0,2017,9,D,0,3,1,-1,2.51751,0.45397,0.4,0.5
2017-09-11 20:00:00,2017,2,0,West Ham,Huddersfield,1.94969,0.339338,0.8657,0.115,0.0193,19,10,3,2,3,1,7.6316,9.1111,2017,9,V,3,0,2,2,2.289028,1.610352,0.158,0.2
2017-09-15 20:00:00,2017,2,1,Bournemouth,Brighton,1.39529,0.874276,0.4979,0.3047,0.1974,15,9,3,2,6,1,21.6667,12.0556,2017,9,V,3,0,3,1,2.269566,0.5210139999999999,0.2,0.222
2017-09-16 12:30:00,2017,0,1,Crystal Palace,Southampton,2.03243,1.11428,0.6079,0.2312,0.1609,14,13,3,4,10,13,9.4,12.6818,2017,9,D,0,3,1,-1,3.14671,0.9181500000000002,0.214,0.308
2017-09-16 15:00:00,2017,1,1,Huddersfield,Leicester,0.700349,1.24181,0.1671,0.2994,0.5335,15,10,3,1,3,5,15.6,14.0769,2017,9,N,1,1,2,0,1.9421590000000002,-0.5414610000000001,0.2,0.1
2017-09-16 15:00:00,2017,1,1,Liverpool,Burnley,2.18727,0.334402,0.8663,0.1099,0.0238,35,5,9,4,19,0,20.3889,13.1818,2017,9,N,1,1,2,0,2.5216719999999997,1.852868,0.257,0.8
2017-09-16 15:00:00,2017,2,1,Newcastle United,Stoke,2.6598,0.675783,0.8488,0.1109,0.0403,14,13,3,4,3,5,7.2105,10.4,2017,9,V,3,0,3,1,3.335583,1.9840170000000001,0.214,0.308
2017-09-16 15:00:00,2017,0,6,Watford,Manchester City,0.803933,3.99349,0.0076,0.0317,0.9607,7,28,1,10,1,16,8.1739,24.328687499999997,2017,9,D,0,3,6,-6,4.797423,-3.1895569999999998,0.143,0.357
2017-09-16 15:00:00,2017,0,0,West Bromwich Albion,West Ham,0.781891,0.266344,0.4784,0.4127,0.1089,6,9,1,1,0,0,8.4444,24.328687499999997,2017,9,N,1,1,0,0,1.048235,0.515547,0.167,0.111
2017-09-16 17:30:00,2017,0,0,Tottenham,Swansea,1.17894,0.154074,0.6472,0.3063,0.0465,26,4,8,0,12,0,24.3571,4.8077,2017,9,N,1,1,0,0,1.3330140000000001,1.024866,0.308,0.0
2017-09-17 13:30:00,2017,0,0,Chelsea,Arsenal,0.762129,1.42208,0.1543,0.2745,0.5712,13,11,4,2,4,5,10.0323,16.7059,2017,9,N,1,1,0,0,2.184209,-0.6599510000000001,0.308,0.182
2017-09-17 16:00:00,2017,4,0,Manchester United,Everton,3.28722,1.06298,0.8638,0.0971,0.0391,16,7,7,3,5,1,9.4783,10.5161,2017,9,V,3,0,4,4,4.3502,2.22424,0.438,0.429
2017-09-23 12:30:00,2017,2,3,West Ham,Tottenham,0.67667,1.45327,0.1385,0.2748,0.5867,10,15,4,5,2,3,6.8462,6.2571,2017,9,D,0,3,5,-1,2.12994,-0.7766000000000001,0.4,0.333
2017-09-23 15:00:00,2017,0,4,Stoke,Chelsea,0.600959,1.59815,0.0891,0.2287,0.6822,13,7,2,4,8,7,10.5,21.0588,2017,9,D,0,3,4,-4,2.199109,-0.9971909999999999,0.154,0.571
2017-09-23 15:00:00,2017,1,2,Swansea,Watford,1.50811,1.25817,0.4134,0.3354,0.2512,10,8,3,4,5,3,9.5769,11.7727,2017,9,D,0,3,3,-1,2.76628,0.24994000000000005,0.3,0.5
2017-09-23 15:00:00,2017,0,1,Southampton,Manchester United,0.802062,1.07247,0.2275,0.3295,0.443,14,9,4,4,5,8,15.2632,8.95,2017,9,D,0,3,1,-1,1.874532,-0.270408,0.286,0.444
2017-09-23 15:00:00,2017,5,0,Manchester City,Crystal Palace,5.72543,0.611018,0.9967,0.0027,0.0006,25,5,9,0,18,2,27.855400000000003,7.087,2017,9,V,3,0,5,5,6.336448,5.114412000000001,0.36,0.0
2017-09-23 15:00:00,2017,0,0,Burnley,Huddersfield,0.369454,0.312561,0.2589,0.5442,0.1969,4,9,2,2,2,2,12.3,13.5294,2017,9,N,1,1,0,0,0.682015,0.05689300000000003,0.5,0.222
2017-09-23 15:00:00,2017,2,1,Everton,Bournemouth,2.21092,0.384728,0.8918,0.0895,0.0187,12,8,3,4,12,6,13.125,9.0435,2017,9,V,3,0,3,1,2.595648,1.8261920000000003,0.25,0.5
2017-09-23 17:30:00,2017,2,3,Leicester,Liverpool,2.88766,1.92902,0.6388,0.191,0.1702,12,23,7,6,1,14,8.4211,11.9474,2017,9,D,0,3,5,-1,4.81668,0.9586399999999999,0.583,0.261
2017-09-24 16:00:00,2017,1,0,Brighton,Newcastle United,0.507341,1.37001,0.115,0.2591,0.6259,7,17,3,5,5,11,14.625,15.7857,2017,9,V,3,0,1,1,1.877351,-0.8626689999999999,0.429,0.294
2017-09-25 20:00:00,2017,2,0,Arsenal,West Bromwich Albion,2.39316,0.766652,0.8054,0.1466,0.048,16,7,6,3,13,4,11.25,5.48,2017,9,V,3,0,2,2,3.159812,1.6265079999999998,0.375,0.429
2017-09-30 12:30:00,2017,0,4,Huddersfield,Tottenham,0.196648,1.56089,0.0364,0.2118,0.7518,6,14,1,7,2,11,13.3333,12.4643,2017,9,D,0,3,4,-4,1.757538,-1.3642420000000002,0.167,0.5
2017-09-30 15:00:00,2017,4,0,Manchester United,Crystal Palace,3.47508,0.244321,0.9735,0.0235,0.003,18,6,7,1,9,3,14.4615,10.5263,2017,9,V,3,0,4,4,3.7194010000000004,3.230759,0.389,0.167
2017-09-30 15:00:00,2017,2,1,Stoke,Southampton,2.68136,1.42781,0.704,0.1735,0.1225,17,21,6,3,9,14,5.8947,15.5833,2017,9,V,3,0,3,1,4.109170000000001,1.2535500000000002,0.353,0.143
2017-09-30 15:00:00,2017,2,2,West Bromwich Albion,Watford,1.93896,1.62462,0.441,0.2921,0.2669,9,15,4,3,5,11,8.25,16.1,2017,9,N,1,1,4,0,3.56358,0.31434000000000006,0.444,0.2
2017-09-30 15:00:00,2017,1,0,West Ham,Swansea,0.692185,0.178568,0.4668,0.4492,0.084,9,6,4,1,0,0,8.3333,11.4444,2017,9,V,3,0,1,1,0.8707530000000001,0.513617,0.444,0.167
2017-09-30 15:00:00,2017,0,0,Bournemouth,Leicester,1.39901,0.594808,0.5931,0.2844,0.1225,19,8,4,1,18,1,11.0,11.0,2017,9,N,1,1,0,0,1.993818,0.8042020000000001,0.211,0.125
2017-09-30 17:30:00,2017,0,1,Chelsea,Manchester City,0.911532,1.23068,0.2624,0.321,0.4166,4,17,2,6,2,8,7.9,24.328687499999997,2017,9,D,0,3,1,-1,2.142212,-0.319148,0.5,0.353
2017-10-01 12:00:00,2017,2,0,Arsenal,Brighton,2.47818,0.386343,0.8747,0.098,0.0273,25,9,11,1,15,5,27.855400000000003,8.4091,2017,10,V,3,0,2,2,2.864523,2.091837,0.44,0.111
2017-10-01 14:15:00,2017,0,1,Everton,Burnley,0.93376,0.383977,0.4844,0.3672,0.1484,25,5,4,2,18,6,16.1333,8.7143,2017,10,D,0,3,1,-1,1.3177370000000002,0.549783,0.16,0.4
2017-10-01 16:30:00,2017,1,1,Newcastle United,Liverpool,0.280437,1.64475,0.0381,0.1766,0.7853,8,17,5,2,2,8,7.0476,21.375,2017,10,N,1,1,2,0,1.925187,-1.3643129999999999,0.625,0.118
2017-10-14 12:30:00,2017,0,0,Liverpool,Manchester United,1.92702,0.230358,0.8359,0.1346,0.0295,19,6,5,1,9,3,13.44,8.7273,2017,10,N,1,1,0,0,2.157378,1.696662,0.263,0.167
2017-10-14 15:00:00,2017,1,1,Burnley,West Ham,0.70219,0.835192,0.2578,0.3688,0.3734,20,8,5,6,11,4,13.1765,6.6667,2017,10,N,1,1,2,0,1.537382,-0.13300200000000006,0.25,0.75
2017-10-14 15:00:00,2017,2,1,Crystal Palace,Chelsea,1.51873,0.651919,0.6143,0.2462,0.1395,14,15,5,5,10,6,8.2,9.3529,2017,10,V,3,0,3,1,2.170649,0.8668109999999999,0.357,0.333
2017-10-14 15:00:00,2017,7,2,Manchester City,Stoke,4.45388,0.681236,0.9815,0.0163,0.0022,20,5,11,1,19,2,27.855400000000003,5.2083,2017,10,V,3,0,9,5,5.135116,3.7726439999999997,0.55,0.2
2017-10-14 15:00:00,2017,2,0,Swansea,Huddersfield,1.65446,0.596086,0.7265,0.223,0.0505,7,7,3,2,4,3,11.0,10.3235,2017,10,V,3,0,2,2,2.250546,1.0583740000000001,0.429,0.286
2017-10-14 15:00:00,2017,1,0,Tottenham,Bournemouth,1.95684,0.17504,0.8589,0.1217,0.0194,18,5,6,1,17,1,27.855400000000003,4.3333,2017,10,V,3,0,1,1,2.1318799999999998,1.7817999999999998,0.333,0.2
2017-10-14 17:30:00,2017,2,1,Watford,Arsenal,1.63418,0.988468,0.5528,0.2811,0.1661,11,9,2,6,4,8,11.4783,16.2632,2017,10,V,3,0,3,1,2.622648,0.645712,0.182,0.667
2017-10-15 13:30:00,2017,1,1,Brighton,Everton,1.05884,1.45518,0.2228,0.3085,0.4687,12,13,3,6,9,5,8.8261,14.9412,2017,10,N,1,1,2,0,2.51402,-0.3963399999999999,0.25,0.462
2017-10-15 16:00:00,2017,2,2,Southampton,Newcastle United,1.71445,0.950997,0.5864,0.2474,0.1662,12,19,2,5,9,6,17.95,7.1154,2017,10,N,1,1,4,0,2.665447,0.763453,0.167,0.263
2017-10-16 20:00:00,2017,1,1,Leicester,West Bromwich Albion,0.964277,0.155254,0.6125,0.334,0.0535,11,5,3,1,7,2,10.8333,7.28,2017,10,N,1,1,2,0,1.119531,0.809023,0.273,0.2
2017-10-20 20:00:00,2017,0,3,West Ham,Brighton,0.569111,1.98345,0.0623,0.1541,0.7836,16,7,2,5,5,2,19.3529,12.3125,2017,10,D,0,3,3,-3,2.552561,-1.414339,0.125,0.714
2017-10-21 15:00:00,2017,2,1,Huddersfield,Manchester United,1.26744,0.807135,0.5,0.3124,0.1876,5,9,3,3,5,6,3.7619,20.9474,2017,10,V,3,0,3,1,2.074575,0.46030499999999985,0.6,0.333
2017-10-21 15:00:00,2017,3,0,Manchester City,Burnley,3.71812,0.14859,0.9879,0.0112,0.0009,15,6,10,0,13,4,20.92,5.6667,2017,10,V,3,0,3,3,3.86671,3.56953,0.667,0.0
2017-10-21 15:00:00,2017,1,0,Newcastle United,Crystal Palace,0.270313,0.566845,0.1494,0.4838,0.3668,7,10,3,0,4,3,10.3846,7.2,2017,10,V,3,0,1,1,0.8371580000000001,-0.296532,0.429,0.0
2017-10-21 15:00:00,2017,1,2,Stoke,Bournemouth,1.60117,1.11834,0.4851,0.3134,0.2015,10,7,2,3,9,3,7.5833,7.7931,2017,10,D,0,3,3,-1,2.7195099999999996,0.4828300000000001,0.2,0.429
2017-10-21 15:00:00,2017,1,2,Swansea,Leicester,0.559618,1.80814,0.0671,0.18,0.7529,19,11,4,6,2,5,13.4444,13.25,2017,10,D,0,3,3,-1,2.3677580000000003,-1.2485220000000001,0.211,0.545
2017-10-21 17:30:00,2017,1,0,Southampton,West Bromwich Albion,2.02288,0.504128,0.8115,0.1503,0.0382,20,7,6,2,7,0,16.6667,4.8846,2017,10,V,3,0,1,1,2.527008,1.5187519999999997,0.3,0.286
2017-10-21 19:30:00,2017,4,2,Chelsea,Watford,1.78315,1.79693,0.3729,0.2537,0.3734,14,16,8,5,4,8,8.6452,9.4091,2017,10,V,3,0,6,2,3.5800799999999997,-0.013779999999999903,0.571,0.312
2017-10-22 13:30:00,2017,2,5,Everton,Arsenal,0.810989,3.86029,0.0149,0.0507,0.9344,8,30,3,14,0,17,8.625,18.2105,2017,10,D,0,3,7,-3,4.671279,-3.049301,0.375,0.467
2017-10-22 16:00:00,2017,4,1,Tottenham,Liverpool,2.62043,0.667771,0.848,0.1091,0.0429,14,12,6,7,5,8,9.3333,24.328687499999997,2017,10,V,3,0,5,3,3.288201,1.9526589999999997,0.429,0.583
2017-10-28 12:30:00,2017,1,0,Manchester United,Tottenham,0.943496,1.08708,0.282,0.3354,0.3826,11,13,3,4,4,6,7.2917,10.4348,2017,10,V,3,0,1,1,2.030576,-0.14358400000000004,0.273,0.308
2017-10-28 15:00:00,2017,2,1,Arsenal,Swansea,2.37777,0.8355,0.7542,0.1692,0.0766,17,4,5,2,19,3,22.4118,7.4545,2017,10,V,3,0,3,1,3.21327,1.5422699999999998,0.294,0.5
2017-10-28 15:00:00,2017,2,2,Crystal Palace,West Ham,2.91672,0.742845,0.8948,0.0838,0.0214,19,6,9,2,11,5,10.6667,5.6333,2017,10,N,1,1,4,0,3.659565,2.1738750000000002,0.474,0.333
2017-10-28 15:00:00,2017,2,3,West Bromwich Albion,Manchester City,1.11852,2.77085,0.0535,0.1406,0.8059,6,15,4,5,1,17,4.2759,21.6957,2017,10,D,0,3,5,-1,3.8893699999999995,-1.6523299999999999,0.667,0.333
2017-10-28 15:00:00,2017,0,1,Watford,Stoke,1.13448,0.778883,0.4367,0.3218,0.2415,13,6,0,2,13,4,27.855400000000003,6.3333,2017,10,D,0,3,1,-1,1.913363,0.35559699999999994,0.0,0.333
2017-10-28 15:00:00,2017,3,0,Liverpool,Huddersfield,2.14257,0.0554802,0.9358,0.0612,0.003,16,1,8,0,16,0,27.855400000000003,6.4286,2017,10,V,3,0,3,3,2.1980502,2.0870898,0.5,0.0
2017-10-28 17:30:00,2017,0,1,Bournemouth,Chelsea,0.455055,1.78362,0.0723,0.2011,0.7266,7,18,1,5,8,14,22.0,22.5,2017,10,D,0,3,1,-1,2.2386749999999997,-1.328565,0.143,0.278
2017-10-29 13:30:00,2017,1,1,Brighton,Southampton,1.50533,0.54364,0.6818,0.2362,0.082,7,6,2,1,5,5,11.16,16.5882,2017,10,N,1,1,2,0,2.04897,0.96169,0.286,0.167
2017-10-29 16:00:00,2017,2,0,Leicester,Everton,1.36768,0.575236,0.6136,0.2617,0.1247,9,16,3,2,4,5,4.8788,19.4545,2017,10,V,3,0,2,2,1.9429159999999999,0.792444,0.333,0.125
2017-10-30 20:00:00,2017,1,0,Burnley,Newcastle United,1.0271,0.516369,0.5034,0.3376,0.159,12,12,5,5,6,5,11.85,14.85,2017,10,V,3,0,1,1,1.543469,0.5107309999999999,0.417,0.417
2017-11-04 12:30:00,2017,2,2,Stoke,Leicester,1.22988,1.39563,0.3235,0.277,0.3995,11,14,7,4,7,4,12.3571,11.9524,2017,11,N,1,1,4,0,2.6255100000000002,-0.16574999999999984,0.636,0.286
2017-11-04 15:00:00,2017,1,0,Huddersfield,West Bromwich Albion,0.260436,0.382005,0.1653,0.5815,0.2532,7,9,3,3,0,2,13.3333,12.3,2017,11,V,3,0,1,1,0.642441,-0.12156899999999998,0.429,0.333
2017-11-04 15:00:00,2017,0,1,Newcastle United,Bournemouth,0.676091,1.28703,0.1782,0.2917,0.5301,16,16,4,6,4,12,9.9474,8.9048,2017,11,D,0,3,1,-1,1.963121,-0.6109389999999999,0.25,0.375
2017-11-04 15:00:00,2017,0,1,Southampton,Burnley,0.789259,0.137743,0.5143,0.4253,0.0604,13,5,3,1,7,2,27.855400000000003,7.85,2017,11,D,0,3,1,-1,0.9270020000000001,0.651516,0.231,0.2
2017-11-04 15:00:00,2017,0,1,Swansea,Brighton,1.24557,0.874927,0.4366,0.3581,0.2053,10,5,2,2,8,0,18.9286,9.95,2017,11,D,0,3,1,-1,2.1204970000000003,0.37064300000000006,0.2,0.4
2017-11-04 17:30:00,2017,1,4,West Ham,Liverpool,1.13045,2.8773,0.0689,0.1406,0.7905,6,15,1,7,2,8,8.5862,16.2778,2017,11,D,0,3,5,-3,4.00775,-1.74685,0.167,0.467
2017-11-05 12:00:00,2017,1,0,Tottenham,Crystal Palace,0.991813,1.10222,0.3094,0.3196,0.371,12,11,2,3,8,2,19.1765,5.4783,2017,11,V,3,0,1,1,2.094033,-0.11040700000000003,0.167,0.273
2017-11-05 14:15:00,2017,3,1,Manchester City,Arsenal,2.15028,0.340407,0.8816,0.0961,0.0223,9,6,5,3,10,1,11.7188,8.2333,2017,11,V,3,0,4,2,2.490687,1.809873,0.556,0.5
2017-11-05 16:30:00,2017,1,0,Chelsea,Manchester United,1.8417,0.773586,0.6519,0.2288,0.1193,18,10,8,2,7,5,6.4242,5.8276,2017,11,V,3,0,1,1,2.6152859999999998,1.068114,0.444,0.2
2017-11-05 16:30:00,2017,3,2,Everton,Watford,2.5796,2.05534,0.4983,0.2623,0.2394,9,11,5,3,7,6,9.2308,7.2759,2017,11,V,3,0,5,1,4.63494,0.52426,0.556,0.273
2017-11-18 12:30:00,2017,2,0,Arsenal,Tottenham,2.24246,0.591192,0.7941,0.1464,0.0595,14,14,5,4,11,9,8.8636,9.5862,2017,11,V,3,0,2,2,2.833652,1.651268,0.357,0.286
2017-11-18 15:00:00,2017,0,4,West Bromwich Albion,Chelsea,0.590655,1.71709,0.0897,0.2227,0.6876,7,11,2,7,6,3,9.125,15.9583,2017,11,D,0,3,4,-4,2.307745,-1.1264349999999999,0.286,0.636
2017-11-18 15:00:00,2017,3,0,Liverpool,Southampton,2.06277,0.563886,0.7635,0.1699,0.0666,21,5,8,0,12,3,11.25,8.65,2017,11,V,3,0,3,3,2.626656,1.4988839999999999,0.381,0.0
2017-11-18 15:00:00,2017,2,0,Burnley,Swansea,1.5427,0.431402,0.6947,0.2281,0.0772,16,13,7,1,7,3,8.8125,11.913,2017,11,V,3,0,2,2,1.974102,1.111298,0.438,0.077
2017-11-18 15:00:00,2017,2,2,Crystal Palace,Everton,2.02983,1.68728,0.4554,0.2705,0.2741,16,8,7,5,9,4,8.1176,5.7222,2017,11,N,1,1,4,0,3.71711,0.34255000000000013,0.438,0.625
2017-11-18 15:00:00,2017,0,2,Leicester,Manchester City,0.0970457,2.40056,0.002,0.0402,0.9578,2,12,0,4,1,18,5.88,24.328687499999997,2017,11,D,0,3,2,-2,2.4976057,-2.3035143000000002,0.0,0.333
2017-11-18 15:00:00,2017,4,0,Bournemouth,Huddersfield,1.38782,1.1633,0.4251,0.2759,0.299,11,20,5,3,4,9,6.1765,19.3571,2017,11,V,3,0,4,4,2.55112,0.22452000000000005,0.455,0.15
2017-11-18 17:30:00,2017,4,1,Manchester United,Newcastle United,2.57424,1.08708,0.7368,0.1694,0.0938,16,12,7,5,14,6,21.625,9.6,2017,11,V,3,0,5,3,3.66132,1.48716,0.438,0.417
2017-11-19 16:00:00,2017,2,0,Watford,West Ham,1.24547,1.43369,0.2848,0.2853,0.4299,17,10,7,6,12,3,15.2105,9.52,2017,11,V,3,0,2,2,2.67916,-0.18821999999999983,0.412,0.6
2017-11-20 20:00:00,2017,2,2,Brighton,Stoke,0.490058,1.20507,0.1277,0.2933,0.579,9,13,3,6,3,6,24.3636,7.9286,2017,11,N,1,1,4,0,1.695128,-0.7150120000000001,0.333,0.462
2017-11-24 20:00:00,2017,1,1,West Ham,Leicester,0.775297,0.453851,0.4086,0.4016,0.1898,8,7,4,2,4,1,7.3478,11.5455,2017,11,N,1,1,2,0,1.229148,0.321446,0.5,0.286
2017-11-25 15:00:00,2017,1,1,Tottenham,West Bromwich Albion,1.91526,0.71711,0.7072,0.2206,0.0722,25,5,5,2,6,0,17.1667,6.3913,2017,11,N,1,1,2,0,2.63237,1.19815,0.2,0.4
2017-11-25 15:00:00,2017,0,0,Swansea,Bournemouth,0.879594,0.449075,0.4648,0.3729,0.1623,10,9,1,5,4,7,15.8571,6.2619,2017,11,N,1,1,0,0,1.328669,0.430519,0.1,0.556
2017-11-25 15:00:00,2017,0,3,Newcastle United,Watford,0.86002,2.05844,0.1121,0.2017,0.6862,12,12,2,4,10,7,9.0714,9.48,2017,11,D,0,3,3,-3,2.91846,-1.19842,0.167,0.333
2017-11-25 15:00:00,2017,1,0,Manchester United,Brighton,1.50148,0.565072,0.6681,0.2441,0.0878,15,8,4,2,7,5,14.8947,11.6667,2017,11,V,3,0,1,1,2.0665519999999997,0.9364079999999999,0.267,0.25
2017-11-25 15:00:00,2017,2,1,Crystal Palace,Stoke,1.48339,0.628292,0.6203,0.2553,0.1244,10,9,5,3,8,3,12.15,8.7826,2017,11,V,3,0,3,1,2.111682,0.855098,0.5,0.333
2017-11-25 17:30:00,2017,1,1,Liverpool,Chelsea,1.50368,0.739983,0.5678,0.2667,0.1655,16,11,4,3,13,9,22.5,11.6923,2017,11,N,1,1,2,0,2.2436629999999997,0.763697,0.25,0.273
2017-11-26 13:30:00,2017,4,1,Southampton,Everton,1.97034,0.147724,0.8701,0.1139,0.016,17,5,5,2,4,1,18.2381,11.8571,2017,11,V,3,0,5,3,2.118064,1.822616,0.294,0.4
2017-11-26 14:00:00,2017,0,1,Burnley,Arsenal,0.402745,1.75184,0.0466,0.1735,0.7799,8,17,2,2,0,12,12.0667,15.9524,2017,11,D,0,3,1,-1,2.154585,-1.3490950000000002,0.25,0.118
2017-11-26 16:00:00,2017,1,2,Huddersfield,Manchester City,0.537698,2.66178,0.0133,0.0717,0.915,4,14,0,5,1,11,2.5417,24.0,2017,11,D,0,3,3,-1,3.199478,-2.1240819999999996,0.0,0.357
2017-11-28 19:45:00,2017,2,1,Leicester,Tottenham,0.924575,2.50552,0.0771,0.1493,0.7736,7,18,4,6,4,11,7.56,20.8462,2017,11,V,3,0,3,1,3.430095,-1.5809450000000003,0.571,0.333
2017-11-28 19:45:00,2017,0,0,Brighton,Crystal Palace,0.475162,0.584296,0.2305,0.4446,0.3249,10,10,4,4,2,1,19.7692,11.7895,2017,11,N,1,1,0,0,1.059458,-0.10913400000000006,0.4,0.4
2017-11-28 20:00:00,2017,2,4,Watford,Manchester United,1.29277,1.63491,0.2706,0.285,0.4444,12,15,3,7,4,5,16.375,8.9091,2017,11,D,0,3,6,-2,2.92768,-0.3421400000000001,0.25,0.467
2017-11-28 20:00:00,2017,2,2,West Bromwich Albion,Newcastle United,0.845327,1.1342,0.2492,0.317,0.4338,8,14,4,4,2,3,10.2857,9.6087,2017,11,N,1,1,4,0,1.979527,-0.28887300000000005,0.5,0.286
2017-11-29 19:45:00,2017,1,2,Bournemouth,Burnley,0.915088,1.08519,0.2556,0.3869,0.3575,10,10,2,4,6,5,13.3478,10.25,2017,11,D,0,3,3,-1,2.0002780000000002,-0.1701020000000001,0.2,0.4
2017-11-29 19:45:00,2017,5,0,Arsenal,Huddersfield,4.47889,0.475716,0.9873,0.0112,0.0015,21,7,7,2,19,3,27.4737,8.28,2017,11,V,3,0,5,5,4.954606,4.003174,0.333,0.286
2017-11-29 19:45:00,2017,1,0,Chelsea,Swansea,2.30012,0.0411427,0.9222,0.0747,0.0031,21,2,10,0,9,1,21.0625,9.875,2017,11,V,3,0,1,1,2.3412627,2.2589773,0.476,0.0
2017-11-29 20:00:00,2017,4,0,Everton,West Ham,1.76497,1.03658,0.581,0.3044,0.1146,8,7,5,3,5,10,16.5333,9.1613,2017,11,V,3,0,4,4,2.8015499999999998,0.7283899999999999,0.625,0.429
2017-11-29 20:00:00,2017,2,1,Manchester City,Southampton,1.64952,1.7066,0.3409,0.2647,0.3944,26,6,12,2,13,4,17.8421,3.9032,2017,11,V,3,0,3,1,3.3561199999999998,-0.0570799999999998,0.462,0.333
2017-11-29 20:00:00,2017,0,3,Stoke,Liverpool,0.846748,2.58757,0.0575,0.132,0.8105,10,14,1,7,2,7,8.0,22.2667,2017,11,D,0,3,3,-3,3.4343179999999998,-1.740822,0.1,0.5
2017-12-02 12:30:00,2017,3,1,Chelsea,Newcastle United,3.07794,0.519549,0.9251,0.0593,0.0156,23,8,9,2,20,0,14.0645,9.16,2017,12,V,3,0,4,2,3.597489,2.558391,0.391,0.25
2017-12-02 15:00:00,2017,2,0,Everton,Huddersfield,0.820024,0.223429,0.5183,0.3963,0.0854,6,5,4,3,7,4,10.5625,8.0455,2017,12,V,3,0,2,2,1.043453,0.596595,0.667,0.6
2017-12-02 15:00:00,2017,1,0,Leicester,Burnley,1.61269,0.789388,0.5887,0.257,0.1543,16,14,3,4,10,5,9.55,19.0,2017,12,V,3,0,1,1,2.402078,0.823302,0.188,0.286
2017-12-02 15:00:00,2017,2,1,Stoke,Swansea,1.24743,0.320601,0.6603,0.263,0.0767,10,10,3,3,9,0,7.0769,15.9444,2017,12,V,3,0,3,1,1.568031,0.926829,0.3,0.3
2017-12-02 15:00:00,2017,1,1,Watford,Tottenham,0.352672,0.788817,0.1252,0.3846,0.4902,6,8,2,2,6,3,9.9048,10.2174,2017,12,N,1,1,2,0,1.141489,-0.436145,0.333,0.25
2017-12-02 15:00:00,2017,0,0,West Bromwich Albion,Crystal Palace,1.65178,0.80924,0.5914,0.2561,0.1525,20,10,6,2,12,5,13.4615,6.48,2017,12,N,1,1,0,0,2.46102,0.8425400000000001,0.3,0.2
2017-12-02 15:00:00,2017,1,5,Brighton,Liverpool,1.65878,1.77566,0.3265,0.2893,0.3842,6,12,2,6,1,8,14.2273,24.328687499999997,2017,12,D,0,3,6,-4,3.43444,-0.1168800000000001,0.333,0.5
2017-12-02 17:30:00,2017,1,3,Arsenal,Manchester United,4.24057,2.06831,0.8356,0.1089,0.0555,33,8,16,4,32,8,19.6,4.6,2017,12,D,0,3,4,-2,6.30888,2.17226,0.485,0.5
2017-12-03 13:30:00,2017,1,1,Bournemouth,Southampton,1.11195,1.00264,0.3794,0.2997,0.3209,16,15,5,4,12,11,5.9355,11.9048,2017,12,N,1,1,2,0,2.1145899999999997,0.10931000000000002,0.312,0.267
2017-12-03 16:00:00,2017,2,1,Manchester City,West Ham,2.45603,0.474483,0.8764,0.0987,0.0249,24,7,8,4,23,1,27.855400000000003,4.68,2017,12,V,3,0,3,1,2.9305130000000004,1.9815470000000002,0.333,0.571
2017-12-09 12:30:00,2017,1,0,West Ham,Chelsea,0.418127,1.18891,0.1212,0.3052,0.5736,5,19,2,2,3,9,3.7895,14.3478,2017,12,V,3,0,1,1,1.607037,-0.7707829999999999,0.4,0.105
2017-12-09 15:00:00,2017,5,1,Tottenham,Stoke,4.01925,0.749296,0.9618,0.0317,0.0065,20,4,11,3,15,4,27.855400000000003,3.8276,2017,12,V,3,0,6,4,4.768546000000001,3.2699540000000002,0.55,0.75
2017-12-09 15:00:00,2017,1,0,Swansea,West Bromwich Albion,1.01101,0.25228,0.5631,0.3536,0.0833,18,7,3,1,2,3,10.1304,9.2381,2017,12,V,3,0,1,1,1.26329,0.7587299999999999,0.167,0.143
2017-12-09 15:00:00,2017,1,0,Burnley,Watford,0.485632,0.819233,0.1907,0.3767,0.4326,8,11,5,2,6,7,11.5,11.0625,2017,12,V,3,0,1,1,1.304865,-0.333601,0.625,0.182
2017-12-09 15:00:00,2017,2,2,Crystal Palace,Bournemouth,4.61208,0.962374,0.9702,0.0233,0.0065,24,11,8,5,14,6,8.6667,8.0714,2017,12,N,1,1,4,0,5.574453999999999,3.6497059999999997,0.333,0.455
2017-12-09 15:00:00,2017,2,0,Huddersfield,Brighton,2.68125,0.273809,0.9583,0.0365,0.0052,19,7,6,2,9,3,13.9444,9.9545,2017,12,V,3,0,2,2,2.955059,2.407441,0.316,0.286
2017-12-09 17:30:00,2017,2,3,Newcastle United,Leicester,0.964657,0.444099,0.5069,0.3493,0.1438,10,13,4,5,5,4,10.1176,9.4848,2017,12,D,0,3,5,-1,1.408756,0.520558,0.4,0.385
2017-12-10 12:00:00,2017,1,1,Southampton,Arsenal,1.21942,0.608352,0.5464,0.2934,0.1602,6,11,3,6,2,24,9.8182,19.2778,2017,12,N,1,1,2,0,1.827772,0.611068,0.5,0.545
2017-12-10 14:15:00,2017,1,1,Liverpool,Everton,1.89569,0.823217,0.6444,0.2514,0.1042,23,3,3,2,17,0,17.1,3.8824,2017,12,N,1,1,2,0,2.718907,1.072473,0.13,0.667
2017-12-10 16:30:00,2017,1,2,Manchester United,Manchester City,1.43756,2.03041,0.2041,0.2878,0.5081,8,14,5,7,2,14,6.3571,12.96,2017,12,D,0,3,3,-1,3.4679699999999998,-0.5928499999999999,0.625,0.5
2017-12-12 19:45:00,2017,1,0,Burnley,Stoke,0.360081,0.916344,0.1274,0.37,0.5026,10,14,2,7,3,5,10.9412,8.5,2017,12,V,3,0,1,1,1.2764250000000001,-0.5562630000000001,0.2,0.5
2017-12-12 20:00:00,2017,1,3,Huddersfield,Chelsea,0.476748,1.8707,0.0544,0.1757,0.7699,7,12,2,5,1,11,18.125,24.328687499999997,2017,12,D,0,3,4,-2,2.347448,-1.393952,0.286,0.417
2017-12-12 20:00:00,2017,2,1,Crystal Palace,Watford,1.10545,1.40441,0.2619,0.3088,0.4293,14,7,4,2,3,1,10.7143,8.7895,2017,12,V,3,0,3,1,2.5098599999999998,-0.2989599999999999,0.286,0.286
2017-12-13 19:45:00,2017,0,4,Swansea,Manchester City,0.589496,3.56828,0.0107,0.0468,0.9425,7,23,3,10,3,13,5.4762,24.328687499999997,2017,12,D,0,3,4,-4,4.157776,-2.978784,0.429,0.435
2017-12-13 19:45:00,2017,0,1,Newcastle United,Everton,0.570658,1.38719,0.084,0.2541,0.6619,16,7,4,4,2,1,10.5,11.8571,2017,12,D,0,3,1,-1,1.9578479999999998,-0.8165319999999999,0.25,0.571
2017-12-13 19:45:00,2017,1,4,Southampton,Leicester,1.11749,2.24579,0.1254,0.2113,0.6633,11,16,4,11,3,1,8.3333,7.8462,2017,12,D,0,3,5,-3,3.36328,-1.1282999999999999,0.364,0.688
2017-12-13 20:00:00,2017,1,0,Manchester United,Bournemouth,1.24043,0.815792,0.4803,0.3075,0.2122,9,14,2,7,13,6,25.7143,8.9615,2017,12,V,3,0,1,1,2.056222,0.42463799999999996,0.222,0.5
2017-12-13 20:00:00,2017,0,0,West Ham,Arsenal,0.405172,1.02186,0.1477,0.3459,0.5064,6,22,0,3,5,20,5.2963,13.5238,2017,12,N,1,1,0,0,1.427032,-0.616688,0.0,0.136
2017-12-13 20:00:00,2017,0,0,Liverpool,West Bromwich Albion,2.13915,0.520382,0.8063,0.1514,0.0423,14,6,5,1,11,1,27.855400000000003,4.0,2017,12,N,1,1,0,0,2.659532,1.6187679999999998,0.357,0.167
2017-12-13 20:00:00,2017,2,0,Tottenham,Brighton,1.87344,0.315616,0.7788,0.1736,0.0476,25,7,8,4,6,3,27.855400000000003,6.0476,2017,12,V,3,0,2,2,2.189056,1.557824,0.32,0.571
2017-12-16 12:30:00,2017,0,3,Leicester,Crystal Palace,0.758241,2.25889,0.0858,0.167,0.7472,11,13,2,6,4,3,10.5417,4.5517,2017,12,D,0,3,3,-3,3.017131,-1.5006490000000001,0.182,0.462
2017-12-16 15:00:00,2017,1,0,Arsenal,Newcastle United,2.02472,0.286547,0.8155,0.1471,0.0374,23,10,5,2,21,2,19.95,4.1471,2017,12,V,3,0,1,1,2.311267,1.7381729999999997,0.217,0.2
2017-12-16 15:00:00,2017,0,0,Brighton,Burnley,1.49029,1.32536,0.4113,0.2998,0.2889,12,11,2,7,4,5,12.8571,10.5,2017,12,N,1,1,0,0,2.8156499999999998,0.1649299999999998,0.167,0.636
2017-12-16 15:00:00,2017,1,0,Chelsea,Southampton,1.29018,0.587081,0.5347,0.3033,0.162,24,6,8,2,12,6,9.6667,17.2778,2017,12,V,3,0,1,1,1.877261,0.7030990000000001,0.333,0.333
2017-12-16 15:00:00,2017,1,4,Watford,Huddersfield,0.589103,3.49193,0.0087,0.0324,0.9589,13,15,3,9,7,4,7.9091,8.4444,2017,12,D,0,3,5,-3,4.081033,-2.902827,0.231,0.6
2017-12-16 16:00:00,2017,0,3,Stoke,West Ham,0.983293,3.08244,0.0496,0.1088,0.8416,17,14,0,7,4,6,13.0,5.3,2017,12,D,0,3,3,-3,4.065733,-2.0991470000000003,0.0,0.5
2017-12-16 17:30:00,2017,4,1,Manchester City,Tottenham,4.14588,0.182456,0.9951,0.0047,0.0002,20,7,11,2,10,1,7.1875,7.9677,2017,12,V,3,0,5,3,4.328336,3.963424,0.55,0.286
2017-12-17 14:15:00,2017,1,2,West Bromwich Albion,Manchester United,1.076,0.898984,0.3887,0.373,0.2383,12,8,5,3,3,4,13.3333,12.5833,2017,12,D,0,3,3,-1,1.974984,0.17701600000000006,0.417,0.375
2017-12-17 16:30:00,2017,0,4,Bournemouth,Liverpool,0.539178,3.25041,0.0145,0.0632,0.9223,6,21,2,7,6,14,10.0,24.328687499999997,2017,12,D,0,3,4,-4,3.789588,-2.711232,0.333,0.333
2017-12-18 20:00:00,2017,3,1,Everton,Swansea,2.01756,0.766224,0.7604,0.1883,0.0513,12,8,7,3,0,1,14.5556,10.0435,2017,12,V,3,0,4,2,2.783784,1.251336,0.583,0.375
2017-12-22 19:45:00,2017,3,3,Arsenal,Liverpool,1.13104,2.05947,0.158,0.2283,0.6137,11,14,4,9,12,8,9.2333,9.16,2017,12,N,1,1,6,0,3.19051,-0.9284300000000001,0.364,0.643
2017-12-23 12:30:00,2017,0,0,Everton,Chelsea,0.342403,1.84971,0.0347,0.1477,0.8176,5,25,0,8,1,17,9.8235,12.8,2017,12,N,1,1,0,0,2.192113,-1.507307,0.0,0.32
2017-12-23 15:00:00,2017,1,1,Swansea,Crystal Palace,0.546613,1.25546,0.1051,0.3178,0.5771,7,13,2,5,5,6,20.8824,5.4483,2017,12,N,1,1,2,0,1.802073,-0.708847,0.286,0.385
2017-12-23 15:00:00,2017,2,3,West Ham,Newcastle United,2.31898,1.90622,0.4723,0.2583,0.2694,19,11,6,4,9,3,12.1667,6.5625,2017,12,D,0,3,5,-1,4.2252,0.4127599999999998,0.316,0.364
2017-12-23 15:00:00,2017,1,0,Brighton,Watford,1.40139,1.30044,0.376,0.2942,0.3298,14,12,3,1,3,4,10.7619,11.4375,2017,12,V,3,0,1,1,2.70183,0.10094999999999987,0.214,0.083
2017-12-23 15:00:00,2017,3,1,Stoke,West Bromwich Albion,1.7986,2.0544,0.3197,0.2522,0.4281,9,17,5,7,2,9,9.0,8.1852,2017,12,V,3,0,4,2,3.8529999999999998,-0.2557999999999998,0.556,0.412
2017-12-23 15:00:00,2017,1,1,Southampton,Huddersfield,1.73805,1.09381,0.5402,0.2549,0.2049,12,10,6,2,5,3,7.9583,5.0714,2017,12,N,1,1,2,0,2.83186,0.6442400000000001,0.5,0.2
2017-12-23 15:00:00,2017,4,0,Manchester City,Bournemouth,1.55724,0.334896,0.7255,0.2135,0.061,14,5,5,1,14,2,27.855400000000003,4.9231,2017,12,V,3,0,4,4,1.892136,1.2223439999999999,0.357,0.2
2017-12-23 17:30:00,2017,0,3,Burnley,Tottenham,0.159735,3.30947,0.002,0.0192,0.9788,5,18,2,8,4,9,12.0,14.45,2017,12,D,0,3,3,-3,3.469205,-3.149735,0.4,0.444
2017-12-23 19:45:00,2017,2,2,Leicester,Manchester United,1.56465,2.15281,0.2207,0.2581,0.5212,11,19,3,6,5,10,13.6111,8.1786,2017,12,N,1,1,4,0,3.71746,-0.58816,0.273,0.316
2017-12-26 12:30:00,2017,5,2,Tottenham,Southampton,3.08413,0.591118,0.9212,0.058,0.0208,16,16,7,6,14,5,6.7,8.7619,2017,12,V,3,0,7,3,3.675248,2.4930120000000002,0.438,0.375
2017-12-26 15:00:00,2017,3,3,Bournemouth,West Ham,2.84928,1.87596,0.6046,0.2141,0.1813,26,10,10,5,13,4,7.4333,6.64,2017,12,N,1,1,6,0,4.725239999999999,0.9733199999999997,0.385,0.5
2017-12-26 15:00:00,2017,2,0,Chelsea,Brighton,2.16934,0.452601,0.8051,0.1496,0.0453,25,8,8,1,17,3,27.855400000000003,9.8,2017,12,V,3,0,2,2,2.621941,1.716739,0.32,0.125
2017-12-26 15:00:00,2017,1,1,Huddersfield,Stoke,1.8756,1.19984,0.5381,0.2436,0.2183,18,15,8,7,7,3,14.4,8.3182,2017,12,N,1,1,2,0,3.07544,0.6757599999999999,0.444,0.467
2017-12-26 15:00:00,2017,2,2,Manchester United,Burnley,1.80763,0.786214,0.6333,0.2573,0.1094,23,3,6,2,14,3,21.2143,8.6429,2017,12,N,1,1,4,0,2.593844,1.021416,0.261,0.667
2017-12-26 15:00:00,2017,2,1,Watford,Leicester,1.43009,1.54771,0.3135,0.2953,0.3912,11,11,1,5,6,4,7.3684,5.9063,2017,12,V,3,0,3,1,2.9778000000000002,-0.11761999999999984,0.091,0.455
2017-12-26 15:00:00,2017,0,0,West Bromwich Albion,Everton,1.18168,0.405775,0.5773,0.3075,0.1152,17,7,3,3,3,1,8.6111,7.6842,2017,12,N,1,1,0,0,1.587455,0.7759050000000001,0.176,0.429
2017-12-26 17:30:00,2017,5,0,Liverpool,Swansea,3.06422,0.2719,0.9432,0.048,0.0088,22,7,9,4,9,4,20.8421,14.375,2017,12,V,3,0,5,5,3.33612,2.79232,0.409,0.571
2017-12-27 19:45:00,2017,0,1,Newcastle United,Manchester City,0.174705,1.93187,0.0231,0.1451,0.8318,6,21,2,6,1,12,5.2778,24.328687499999997,2017,12,D,0,3,1,-1,2.106575,-1.757165,0.333,0.286
2017-12-28 20:00:00,2017,2,3,Crystal Palace,Arsenal,1.14522,1.84104,0.2058,0.2464,0.5478,16,16,2,9,8,19,9.6875,10.2571,2017,12,D,0,3,5,-1,2.9862599999999997,-0.6958200000000001,0.125,0.562
2017-12-30 15:00:00,2017,2,1,Bournemouth,Everton,1.39955,0.599608,0.5823,0.2756,0.1421,18,6,7,1,7,6,5.3929,15.0556,2017,12,V,3,0,3,1,1.999158,0.799942,0.389,0.167
2017-12-30 15:00:00,2017,5,0,Chelsea,Stoke,3.09527,0.28218,0.9634,0.033,0.0036,21,1,12,1,4,0,21.3158,18.5,2017,12,V,3,0,5,5,3.37745,2.8130900000000003,0.571,1.0
2017-12-30 15:00:00,2017,0,0,Huddersfield,Burnley,0.049118,1.20923,0.0106,0.2527,0.7367,3,11,1,4,1,4,7.9615,5.5455,2017,12,N,1,1,0,0,1.258348,-1.160112,0.333,0.364
2017-12-30 15:00:00,2017,2,1,Liverpool,Leicester,2.56607,0.789667,0.7988,0.1435,0.0577,17,7,6,1,17,6,27.855400000000003,9.8095,2017,12,V,3,0,3,1,3.355737,1.7764029999999997,0.353,0.143
2017-12-30 15:00:00,2017,0,0,Newcastle United,Brighton,0.504379,0.630058,0.2331,0.4265,0.3404,11,10,2,3,2,1,13.4,13.6667,2017,12,N,1,1,0,0,1.1344370000000001,-0.12567899999999999,0.182,0.3
2017-12-30 15:00:00,2017,1,2,Watford,Swansea,1.17794,1.31479,0.2959,0.3224,0.3817,8,9,4,4,5,4,10.4286,12.3704,2017,12,D,0,3,3,-1,2.49273,-0.13684999999999992,0.5,0.444
2017-12-30 17:30:00,2017,0,0,Manchester United,Southampton,1.87247,0.85013,0.6447,0.2256,0.1297,15,8,3,3,11,6,14.8889,10.0455,2017,12,N,1,1,0,0,2.7226,1.02234,0.2,0.375
2017-12-31 12:00:00,2017,0,0,Crystal Palace,Manchester City,1.72153,1.09586,0.5453,0.2594,0.1953,10,15,1,4,3,11,2.875,21.375,2017,12,N,1,1,0,0,2.81739,0.62567,0.1,0.267
2017-12-31 16:30:00,2017,1,1,West Bromwich Albion,Arsenal,1.39429,0.917801,0.4997,0.2937,0.2066,14,14,3,4,6,12,19.5,15.0476,2017,12,N,1,1,2,0,2.312091,0.47648900000000005,0.214,0.286
2018-01-01 12:30:00,2017,2,2,Brighton,Bournemouth,2.37332,1.28248,0.6515,0.1869,0.1616,15,27,7,9,10,10,10.9474,9.8696,2018,1,N,1,1,4,0,3.6558,1.09084,0.467,0.333
2018-01-01 15:00:00,2017,1,2,Burnley,Liverpool,0.900466,1.62514,0.1423,0.2774,0.5803,12,18,4,5,7,8,10.6667,21.8571,2018,1,D,0,3,3,-1,2.525606,-0.724674,0.333,0.278
2018-01-01 15:00:00,2017,3,0,Leicester,Huddersfield,1.45074,0.226625,0.7575,0.2013,0.0412,11,6,5,1,5,0,9.0667,13.5714,2018,1,V,3,0,3,3,1.677365,1.2241149999999998,0.455,0.167
2018-01-01 15:00:00,2017,0,1,Stoke,Newcastle United,1.50029,2.02028,0.2406,0.2572,0.5022,11,14,4,6,6,4,12.4545,8.3333,2018,1,D,0,3,1,-1,3.52057,-0.5199900000000002,0.364,0.429
2018-01-01 17:30:00,2017,0,2,Everton,Manchester United,1.23952,1.26247,0.3316,0.304,0.3644,12,21,0,6,8,5,8.15,15.8889,2018,1,D,0,3,2,-2,2.50199,-0.022950000000000026,0.0,0.286
2018-01-02 19:45:00,2017,2,1,West Ham,West Bromwich Albion,1.0594,0.63538,0.4746,0.3248,0.2006,13,10,5,3,10,1,11.7273,12.0,2018,1,V,3,0,3,1,1.6947799999999997,0.42401999999999995,0.385,0.3
2018-01-02 19:45:00,2017,1,2,Southampton,Crystal Palace,0.445301,1.34294,0.09,0.2547,0.6553,10,11,3,4,6,7,16.1579,5.8462,2018,1,D,0,3,3,-1,1.788241,-0.8976390000000001,0.3,0.364
2018-01-02 19:45:00,2017,0,2,Swansea,Tottenham,0.397789,1.61843,0.0641,0.1995,0.7364,8,12,1,5,1,8,6.129,20.8947,2018,1,D,0,3,2,-2,2.016219,-1.220641,0.125,0.417
2018-01-02 20:00:00,2017,3,1,Manchester City,Watford,2.77398,0.965283,0.8131,0.1322,0.0547,17,7,7,4,14,2,25.5238,5.4615,2018,1,V,3,0,4,2,3.739263,1.808697,0.412,0.571
2018-01-03 19:45:00,2017,2,2,Arsenal,Chelsea,1.23205,3.0768,0.0749,0.1325,0.7926,14,19,6,6,18,11,12.5385,11.0,2018,1,N,1,1,4,0,4.30885,-1.84475,0.429,0.316
2018-01-04 20:00:00,2017,1,1,Tottenham,West Ham,1.64908,0.612933,0.6332,0.2468,0.12,31,3,8,1,12,1,22.2857,5.1852,2018,1,N,1,1,2,0,2.262013,1.0361470000000002,0.258,0.333
2018-01-13 15:00:00,2017,0,0,Chelsea,Leicester,0.622946,1.36341,0.1501,0.2689,0.581,17,14,7,1,8,8,10.6522,6.3429,2018,1,N,1,1,0,0,1.986356,-0.740464,0.412,0.071
2018-01-13 15:00:00,2017,1,0,Crystal Palace,Burnley,1.80971,0.907849,0.62,0.2354,0.1446,17,8,2,2,2,4,7.0,10.4286,2018,1,V,3,0,1,1,2.717559,0.9018609999999999,0.118,0.25
2018-01-13 15:00:00,2017,1,4,Huddersfield,West Ham,0.681,0.986853,0.2382,0.3498,0.412,8,8,2,6,2,4,14.8636,5.7917,2018,1,D,0,3,5,-3,1.667853,-0.30585299999999993,0.25,0.75
2018-01-13 15:00:00,2017,1,1,Newcastle United,Swansea,1.8273,0.895774,0.6142,0.2353,0.1505,12,8,4,5,5,4,15.9167,10.4828,2018,1,N,1,1,2,0,2.723074,0.931526,0.333,0.625
2018-01-13 15:00:00,2017,2,2,Watford,Southampton,1.67369,0.857637,0.5787,0.2734,0.1479,16,10,4,4,13,6,11.0526,7.4167,2018,1,N,1,1,4,0,2.531327,0.8160529999999999,0.25,0.4
2018-01-13 15:00:00,2017,2,0,West Bromwich Albion,Brighton,1.38478,0.530765,0.6072,0.2605,0.1323,15,12,4,1,3,8,7.45,17.1538,2018,1,V,3,0,2,2,1.9155449999999998,0.8540149999999999,0.267,0.083
2018-01-13 17:30:00,2017,4,0,Tottenham,Everton,4.21366,0.290345,0.992,0.0072,0.0008,20,7,10,0,8,3,10.6333,6.8276,2018,1,V,3,0,4,4,4.504005,3.923315,0.5,0.0
2018-01-14 13:30:00,2017,2,1,Bournemouth,Arsenal,0.822285,1.00956,0.2699,0.3326,0.3975,13,12,5,3,9,3,7.1905,10.2069,2018,1,V,3,0,3,1,1.831845,-0.18727499999999997,0.385,0.25
2018-01-14 16:00:00,2017,4,3,Liverpool,Manchester City,1.01595,0.722959,0.413,0.3412,0.2458,16,11,7,4,9,5,6.4333,13.5,2018,1,V,3,0,7,1,1.738909,0.2929909999999999,0.438,0.364
2018-01-15 20:00:00,2017,3,0,Manchester United,Stoke,1.9485,1.47603,0.4918,0.2429,0.2653,20,11,9,5,16,7,27.855400000000003,9.5769,2018,1,V,3,0,3,3,3.42453,0.47246999999999995,0.45,0.455
2018-01-20 12:30:00,2017,0,4,Brighton,Chelsea,0.881174,1.52008,0.1909,0.2695,0.5396,10,14,3,10,9,12,16.0,11.4333,2018,1,D,0,3,4,-4,2.401254,-0.6389060000000001,0.3,0.714
2018-01-20 15:00:00,2017,4,1,Arsenal,Crystal Palace,3.56519,0.501202,0.9669,0.0272,0.0059,15,9,10,5,19,7,21.1579,12.4737,2018,1,V,3,0,5,3,4.066392,3.0639879999999997,0.667,0.556
2018-01-20 15:00:00,2017,0,1,Burnley,Manchester United,0.568215,0.860828,0.217,0.3807,0.4023,11,12,2,2,6,8,11.8947,12.8824,2018,1,D,0,3,1,-1,1.429043,-0.292613,0.182,0.167
2018-01-20 15:00:00,2017,1,1,Everton,West Bromwich Albion,0.92355,1.34998,0.2305,0.3071,0.4624,8,15,4,5,7,3,10.7619,4.4595,2018,1,N,1,1,2,0,2.27353,-0.42643,0.5,0.333
2018-01-20 15:00:00,2017,2,0,Leicester,Watford,1.51932,0.740795,0.6013,0.2706,0.1281,9,11,5,3,6,4,11.1905,8.7273,2018,1,V,3,0,2,2,2.260115,0.778525,0.556,0.273
2018-01-20 15:00:00,2017,2,0,Stoke,Huddersfield,0.987799,0.238458,0.5639,0.3543,0.0818,11,6,6,3,3,0,9.875,4.8519,2018,1,V,3,0,2,2,1.226257,0.749341,0.545,0.5
2018-01-20 15:00:00,2017,1,1,West Ham,Bournemouth,0.980241,0.501886,0.4893,0.354,0.1567,12,8,4,3,6,4,9.1667,12.7647,2018,1,N,1,1,2,0,1.4821270000000002,0.478355,0.333,0.375
2018-01-20 17:30:00,2017,3,1,Manchester City,Newcastle United,2.5505,0.992018,0.7637,0.1571,0.0792,21,6,9,4,21,1,16.5238,3.8947,2018,1,V,3,0,4,2,3.542518,1.5584820000000001,0.429,0.667
2018-01-21 16:00:00,2017,1,1,Southampton,Tottenham,1.15209,1.30653,0.3129,0.3068,0.3803,10,17,4,2,2,15,7.125,15.5882,2018,1,N,1,1,2,0,2.45862,-0.1544399999999999,0.4,0.118
2018-01-22 20:00:00,2017,1,0,Swansea,Liverpool,0.498742,2.19675,0.0282,0.1331,0.8387,3,21,2,4,1,19,7.8421,24.328687499999997,2018,1,V,3,0,1,1,2.695492,-1.6980080000000002,0.667,0.19
2018-01-30 19:45:00,2017,1,1,West Ham,Crystal Palace,1.11632,1.15809,0.2462,0.4659,0.2879,8,9,3,3,4,3,4.7917,9.8333,2018,1,N,1,1,2,0,2.27441,-0.041770000000000085,0.375,0.333
2018-01-30 19:45:00,2017,3,1,Swansea,Arsenal,2.37911,1.15616,0.6841,0.1887,0.1272,12,9,4,4,1,12,12.3077,24.328687499999997,2018,1,V,3,0,4,2,3.5352699999999997,1.2229499999999998,0.333,0.444
2018-01-30 20:00:00,2017,0,3,Huddersfield,Liverpool,0.288048,2.05148,0.0222,0.1119,0.8659,5,14,1,7,4,7,8.65,24.328687499999997,2018,1,D,0,3,3,-3,2.339528,-1.763432,0.2,0.5
2018-01-31 19:45:00,2017,0,3,Chelsea,Bournemouth,1.14795,1.42447,0.2672,0.2799,0.4529,21,11,5,5,5,3,9.2895,8.0,2018,1,D,0,3,3,-3,2.57242,-0.2765199999999999,0.238,0.455
2018-01-31 19:45:00,2017,1,1,Southampton,Brighton,1.27393,1.07907,0.3725,0.332,0.2955,18,9,3,2,8,4,12.0,5.8571,2018,1,N,1,1,2,0,2.3529999999999998,0.19486000000000003,0.167,0.222
2018-01-31 19:45:00,2017,1,1,Newcastle United,Burnley,2.52275,1.22828,0.7078,0.1873,0.1049,14,11,4,2,6,6,6.6786,7.5455,2018,1,N,1,1,2,0,3.75103,1.2944699999999998,0.286,0.182
2018-01-31 19:45:00,2017,2,1,Everton,Leicester,1.53072,2.65018,0.1228,0.208,0.6692,9,8,4,2,5,2,9.8235,8.2,2018,1,V,3,0,3,1,4.1809,-1.1194600000000001,0.444,0.25
2018-01-31 20:00:00,2017,3,0,Manchester City,West Bromwich Albion,2.68955,0.118043,0.9444,0.0502,0.0054,19,3,10,1,16,1,27.855400000000003,4.8214,2018,1,V,3,0,3,3,2.8075930000000002,2.571507,0.526,0.333
2018-01-31 20:00:00,2017,2,0,Tottenham,Manchester United,2.0117,0.817997,0.6715,0.213,0.1155,22,6,6,3,15,4,9.8889,7.6286,2018,1,V,3,0,2,2,2.829697,1.1937029999999997,0.273,0.5
2018-01-31 20:00:00,2017,0,0,Stoke,Watford,0.722172,0.740773,0.3067,0.3718,0.3215,11,11,4,2,5,6,6.7222,6.9375,2018,1,N,1,1,0,0,1.462945,-0.01860099999999998,0.364,0.182
2018-02-03 12:30:00,2017,1,1,Burnley,Manchester City,0.795971,2.24914,0.0766,0.1749,0.7485,8,20,3,7,7,18,9.0,20.2105,2018,2,N,1,1,2,0,3.0451110000000003,-1.4531690000000002,0.375,0.35
2018-02-03 15:00:00,2017,2,1,Bournemouth,Stoke,1.91091,0.721222,0.69,0.2018,0.1082,15,13,8,4,9,6,6.6,7.7895,2018,2,V,3,0,3,1,2.6321320000000004,1.189688,0.533,0.308
2018-02-03 15:00:00,2017,3,1,Brighton,West Ham,1.64227,0.443751,0.7043,0.217,0.0787,21,4,5,1,5,4,9.2727,8.0833,2018,2,V,3,0,4,2,2.0860209999999997,1.198519,0.238,0.25
2018-02-03 15:00:00,2017,1,1,Leicester,Swansea,1.48466,0.569943,0.6357,0.2632,0.1011,13,3,5,1,8,2,14.1905,6.9167,2018,2,N,1,1,2,0,2.054603,0.9147170000000001,0.385,0.333
2018-02-03 15:00:00,2017,2,0,Manchester United,Huddersfield,1.63389,0.13049,0.8913,0.1004,0.0083,16,4,7,0,14,4,19.2174,7.9444,2018,2,V,3,0,2,2,1.76438,1.5034,0.438,0.0
2018-02-03 15:00:00,2017,2,3,West Bromwich Albion,Southampton,0.876603,0.99695,0.3034,0.3342,0.3624,9,13,3,5,6,7,8.0,11.1667,2018,2,D,0,3,5,-1,1.873553,-0.12034699999999998,0.333,0.385
2018-02-03 17:30:00,2017,5,1,Arsenal,Everton,3.19622,1.49065,0.7592,0.1463,0.0945,15,10,7,2,11,7,14.4783,14.7143,2018,2,V,3,0,6,4,4.68687,1.7055699999999998,0.467,0.2
2018-02-04 14:15:00,2017,1,1,Crystal Palace,Newcastle United,3.00238,1.14408,0.809,0.1294,0.0616,20,12,6,8,11,2,14.4,9.85,2018,2,N,1,1,2,0,4.14646,1.8583,0.3,0.667
2018-02-04 16:30:00,2017,2,2,Liverpool,Tottenham,1.28962,2.54392,0.1058,0.1802,0.714,9,13,3,6,1,6,10.0,13.48,2018,2,N,1,1,4,0,3.83354,-1.2543,0.333,0.462
2018-02-05 20:00:00,2017,4,1,Watford,Chelsea,2.12696,0.573557,0.799,0.1462,0.0548,21,7,8,3,13,5,11.4737,9.75,2018,2,V,3,0,5,3,2.700517,1.5534029999999999,0.381,0.429
2018-02-10 12:30:00,2017,1,0,Tottenham,Arsenal,2.63564,0.487297,0.8677,0.103,0.0293,18,6,6,1,6,7,15.6471,10.5667,2018,2,V,3,0,1,1,3.122937,2.148343,0.333,0.167
2018-02-10 15:00:00,2017,3,1,Everton,Crystal Palace,1.48792,1.65713,0.3028,0.3033,0.3939,11,16,5,4,12,8,6.9286,4.3947,2018,2,V,3,0,4,2,3.14505,-0.16921000000000008,0.455,0.25
2018-02-10 15:00:00,2017,1,1,Stoke,Brighton,1.39547,0.897856,0.5129,0.294,0.1931,15,14,3,6,5,11,10.0476,11.0,2018,2,N,1,1,2,0,2.293326,0.497614,0.2,0.429
2018-02-10 15:00:00,2017,1,0,Swansea,Burnley,0.843332,0.430729,0.4309,0.3847,0.1844,13,13,4,1,17,2,14.5,15.7273,2018,2,V,3,0,1,1,1.2740609999999999,0.412603,0.308,0.077
2018-02-10 15:00:00,2017,2,0,West Ham,Watford,1.83359,0.799928,0.6574,0.2283,0.1143,8,11,4,4,2,9,5.3684,9.0435,2018,2,V,3,0,2,2,2.633518,1.033662,0.5,0.364
2018-02-10 17:30:00,2017,5,1,Manchester City,Leicester,2.59121,0.109716,0.9548,0.0408,0.0044,19,2,11,2,19,3,27.855400000000003,6.1154,2018,2,V,3,0,6,4,2.700926,2.4814939999999996,0.579,1.0
2018-02-11 12:00:00,2017,4,1,Huddersfield,Bournemouth,2.56699,0.433555,0.9021,0.0796,0.0183,15,7,4,2,5,2,11.3158,6.6061,2018,2,V,3,0,5,3,3.0005450000000002,2.133435,0.267,0.286
2018-02-11 14:15:00,2017,1,0,Newcastle United,Manchester United,0.676656,1.71995,0.1233,0.2257,0.651,10,13,3,4,4,13,7.7273,13.4167,2018,2,V,3,0,1,1,2.3966060000000002,-1.043294,0.3,0.308
2018-02-11 16:30:00,2017,0,2,Southampton,Liverpool,0.854343,2.35575,0.0791,0.1683,0.7526,6,16,4,4,5,11,10.9655,13.1429,2018,2,D,0,3,2,-2,3.210093,-1.501407,0.667,0.25
2018-02-12 20:00:00,2017,3,0,Chelsea,West Bromwich Albion,2.37995,0.628806,0.8018,0.1433,0.0549,20,8,8,1,13,7,8.4706,10.1667,2018,2,V,3,0,3,3,3.008756,1.751144,0.4,0.125
2018-02-24 12:30:00,2017,1,1,Leicester,Stoke,1.12487,0.166078,0.6469,0.305,0.0481,19,6,9,2,4,3,7.3333,3.7308,2018,2,N,1,1,2,0,1.290948,0.9587920000000001,0.474,0.333
2018-02-24 15:00:00,2017,2,2,Bournemouth,Newcastle United,1.20646,4.23567,0.0096,0.033,0.9574,15,15,5,4,12,7,13.9048,6.92,2018,2,N,1,1,4,0,5.44213,-3.02921,0.333,0.267
2018-02-24 15:00:00,2017,4,1,Brighton,Swansea,3.2913,0.443169,0.9678,0.0268,0.0054,16,11,5,1,8,2,9.1739,10.5909,2018,2,V,3,0,5,3,3.7344690000000003,2.848131,0.312,0.091
2018-02-24 15:00:00,2017,1,2,West Bromwich Albion,Huddersfield,1.50162,1.18101,0.4547,0.2737,0.2716,10,16,3,7,6,5,8.913,5.7826,2018,2,D,0,3,3,-1,2.6826299999999996,0.32061000000000006,0.3,0.438
2018-02-24 15:00:00,2017,4,1,Liverpool,West Ham,3.9205,0.33527,0.9818,0.0158,0.0024,21,7,12,4,19,2,21.4706,5.3333,2018,2,V,3,0,5,3,4.25577,3.58523,0.571,0.571
2018-02-24 15:00:00,2017,1,1,Burnley,Southampton,1.28178,0.65898,0.5855,0.2987,0.1158,9,13,3,6,4,3,8.8421,12.4615,2018,2,N,1,1,2,0,1.94076,0.6227999999999999,0.333,0.462
2018-02-24 17:30:00,2017,1,0,Watford,Everton,0.606929,0.665127,0.2653,0.3994,0.3353,13,5,5,1,4,4,7.1071,5.4839,2018,2,V,3,0,1,1,1.272056,-0.05819799999999997,0.385,0.2
2018-02-25 00:00:00,2017,0,1,Crystal Palace,Tottenham,0.184958,1.65074,0.0263,0.1618,0.8119,5,14,3,4,5,7,4.15,15.0,2018,2,D,0,3,1,-1,1.835698,-1.4657820000000001,0.6,0.286
2018-02-25 14:05:00,2017,2,1,Manchester United,Chelsea,1.30036,1.68958,0.2532,0.2698,0.477,10,14,5,7,7,8,9.6667,10.2258,2018,2,V,3,0,3,1,2.98994,-0.3892200000000001,0.5,0.5
2018-03-01 19:45:00,2017,0,3,Arsenal,Manchester City,1.30172,1.92605,0.1891,0.2652,0.5457,10,9,5,5,7,7,21.0714,10.6923,2018,3,D,0,3,3,-3,3.22777,-0.62433,0.5,0.556
2018-03-03 12:30:00,2017,2,1,Burnley,Everton,2.33524,1.79993,0.5068,0.2262,0.267,21,10,8,4,9,5,10.1667,9.3529,2018,3,V,3,0,3,1,4.1351700000000005,0.5353100000000002,0.381,0.4
2018-03-03 15:00:00,2017,1,1,Leicester,Bournemouth,2.97799,1.4035,0.7672,0.1577,0.0751,22,9,4,3,10,1,19.8889,6.25,2018,3,N,1,1,2,0,4.38149,1.5744900000000002,0.182,0.333
2018-03-03 15:00:00,2017,0,0,Southampton,Stoke,0.982895,0.385303,0.5143,0.3512,0.1345,18,12,6,3,6,7,11.2222,4.087,2018,3,N,1,1,0,0,1.368198,0.5975919999999999,0.333,0.25
2018-03-03 15:00:00,2017,4,1,Swansea,West Ham,2.30838,0.497211,0.8677,0.1064,0.0259,9,7,8,2,2,4,10.0,14.1739,2018,3,V,3,0,5,3,2.805591,1.811169,0.889,0.286
2018-03-03 15:00:00,2017,2,0,Tottenham,Huddersfield,1.63794,0.138106,0.8351,0.1484,0.0165,15,3,7,3,7,0,24.9524,5.5,2018,3,V,3,0,2,2,1.776046,1.499834,0.467,1.0
2018-03-03 15:00:00,2017,1,0,Watford,West Bromwich Albion,1.23526,1.09115,0.3838,0.2983,0.3179,15,9,4,2,4,3,5.6765,8.3,2018,3,V,3,0,1,1,2.32641,0.14410999999999996,0.267,0.222
2018-03-03 17:30:00,2017,2,0,Liverpool,Newcastle United,1.56935,0.255322,0.7452,0.2103,0.0445,14,7,3,2,13,4,27.855400000000003,4.6667,2018,3,V,3,0,2,2,1.824672,1.314028,0.214,0.286
2018-03-04 13:30:00,2017,2,1,Brighton,Arsenal,1.48498,0.801513,0.5623,0.2677,0.17,13,15,6,7,9,11,5.36,12.6522,2018,3,V,3,0,3,1,2.286493,0.6834669999999999,0.462,0.467
2018-03-04 16:00:00,2017,1,0,Manchester City,Chelsea,0.953312,0.118301,0.6024,0.3551,0.0425,13,3,3,0,9,3,27.855400000000003,8.7241,2018,3,V,3,0,1,1,1.0716130000000001,0.8350110000000001,0.231,0.0
2018-03-05 20:00:00,2017,2,3,Crystal Palace,Manchester United,0.74138,1.25439,0.1996,0.2928,0.5076,10,17,4,8,4,13,6.4118,15.2273,2018,3,D,0,3,5,-1,1.9957699999999998,-0.5130099999999999,0.4,0.471
2018-03-10 12:30:00,2017,2,1,Manchester United,Liverpool,0.845051,0.777089,0.3475,0.3696,0.2829,5,14,2,2,3,9,5.8261,16.0588,2018,3,V,3,0,3,1,1.62214,0.06796199999999997,0.4,0.143
2018-03-10 15:00:00,2017,2,0,Everton,Brighton,1.68868,0.321797,0.7959,0.1676,0.0365,13,10,3,4,6,3,12.3529,7.6111,2018,3,V,3,0,2,2,2.010477,1.366883,0.231,0.4
2018-03-10 15:00:00,2017,0,0,Huddersfield,Swansea,1.39381,0.0,0.7666,0.2334,0.0,28,0,4,0,9,0,27.855400000000003,4.3125,2018,3,N,1,1,0,0,1.39381,1.39381,0.143,0.0
2018-03-10 15:00:00,2017,3,0,Newcastle United,Southampton,1.35847,0.496723,0.6429,0.2705,0.0866,7,6,5,2,5,2,5.6,10.7083,2018,3,V,3,0,3,3,1.855193,0.861747,0.714,0.333
2018-03-10 15:00:00,2017,1,4,West Bromwich Albion,Leicester,0.360925,1.86524,0.049,0.1583,0.7927,6,15,2,6,4,7,11.875,10.4,2018,3,D,0,3,5,-3,2.226165,-1.504315,0.333,0.4
2018-03-10 15:00:00,2017,0,3,West Ham,Burnley,0.72673,1.41929,0.1405,0.2841,0.5754,13,7,4,4,6,7,15.2,10.5,2018,3,D,0,3,3,-3,2.14602,-0.69256,0.308,0.571
2018-03-10 17:30:00,2017,2,1,Chelsea,Crystal Palace,3.87829,1.13893,0.897,0.0693,0.0337,27,9,11,2,20,11,12.6522,7.625,2018,3,V,3,0,3,1,5.01722,2.7393599999999996,0.407,0.222
2018-03-11 13:30:00,2017,3,0,Arsenal,Watford,2.38263,1.54676,0.5928,0.233,0.1742,11,11,7,4,8,7,16.7059,7.55,2018,3,V,3,0,3,3,3.9293899999999997,0.8358699999999999,0.636,0.364
2018-03-11 16:00:00,2017,1,4,Bournemouth,Tottenham,1.17387,2.53124,0.0758,0.1822,0.742,14,12,3,8,5,9,8.45,11.5926,2018,3,D,0,3,5,-3,3.70511,-1.35737,0.214,0.667
2018-03-12 20:00:00,2017,0,2,Stoke,Manchester City,0.157023,1.64562,0.0252,0.185,0.7898,3,17,0,6,3,12,5.1739,24.328687499999997,2018,3,D,0,3,2,-2,1.802643,-1.4885970000000002,0.0,0.353
2018-03-17 15:00:00,2017,2,1,Bournemouth,West Bromwich Albion,0.685329,1.74488,0.1,0.2141,0.6859,17,11,5,6,6,8,16.2941,8.6,2018,3,V,3,0,3,1,2.430209,-1.059551,0.294,0.545
2018-03-17 15:00:00,2017,0,2,Huddersfield,Crystal Palace,0.220381,2.74705,0.0034,0.0393,0.9573,6,17,2,6,2,6,10.381,4.7436,2018,3,D,0,3,2,-2,2.9674310000000004,-2.526669,0.333,0.353
2018-03-17 15:00:00,2017,1,2,Stoke,Everton,0.894266,2.97881,0.024,0.0988,0.8772,9,17,4,9,8,4,7.6087,11.5714,2018,3,D,0,3,3,-1,3.873076,-2.084544,0.444,0.529
2018-03-17 17:30:00,2017,5,0,Liverpool,Watford,1.81208,0.35476,0.7774,0.1736,0.049,13,4,10,1,14,2,19.5263,11.7895,2018,3,V,3,0,5,5,2.16684,1.45732,0.769,0.25
2018-03-31 12:30:00,2017,1,2,Crystal Palace,Liverpool,1.90868,1.72037,0.4192,0.2714,0.3094,6,16,3,6,4,12,6.3333,17.2727,2018,3,D,0,3,3,-1,3.62905,0.18830999999999998,0.5,0.375
2018-03-31 15:00:00,2017,0,2,Brighton,Leicester,1.60322,1.26582,0.4208,0.3811,0.1981,15,6,3,4,4,6,9.3182,9.2174,2018,3,D,0,3,2,-2,2.86904,0.33740000000000014,0.2,0.667
2018-03-31 15:00:00,2017,3,0,West Ham,Southampton,1.44971,0.446641,0.679,0.2334,0.0876,12,9,5,0,3,4,6.8846,8.25,2018,3,V,3,0,3,3,1.8963510000000001,1.003069,0.417,0.0
2018-03-31 15:00:00,2017,2,0,Manchester United,Swansea,2.14368,0.138813,0.9014,0.088,0.0106,11,3,5,2,16,4,25.0,8.68,2018,3,V,3,0,2,2,2.2824929999999997,2.004867,0.455,0.667
2018-03-31 15:00:00,2017,1,0,Newcastle United,Huddersfield,2.53617,0.280847,0.9211,0.0679,0.011,18,4,3,0,5,1,13.8077,5.8696,2018,3,V,3,0,1,1,2.817017,2.2553229999999997,0.167,0.0
2018-03-31 15:00:00,2017,2,2,Watford,Bournemouth,0.76133,2.1146,0.0861,0.1658,0.7481,16,13,5,6,15,7,17.6,7.1471,2018,3,N,1,1,4,0,2.87593,-1.3532699999999998,0.312,0.462
2018-03-31 15:00:00,2017,1,2,West Bromwich Albion,Burnley,0.394723,1.41534,0.0539,0.2105,0.7356,8,11,3,4,5,1,13.25,14.7059,2018,3,D,0,3,3,-1,1.810063,-1.020617,0.375,0.364
2018-03-31 17:30:00,2017,1,3,Everton,Manchester City,0.859628,1.91312,0.118,0.2269,0.6551,6,18,2,4,1,22,6.6154,24.328687499999997,2018,3,D,0,3,4,-2,2.772748,-1.0534919999999999,0.333,0.222
2018-04-01 13:30:00,2017,3,0,Arsenal,Stoke,3.56649,0.342516,0.98,0.0173,0.0027,24,8,11,2,13,4,19.0476,5.4737,2018,4,V,3,0,3,3,3.9090059999999998,3.223974,0.458,0.25
2018-04-01 16:00:00,2017,1,3,Chelsea,Tottenham,1.209,1.3895,0.2883,0.3084,0.4033,14,12,4,6,12,2,8.4194,11.48,2018,4,D,0,3,4,-2,2.5985,-0.18049999999999988,0.286,0.5
2018-04-07 11:30:00,2017,0,0,Everton,Liverpool,0.723427,0.947321,0.2392,0.3722,0.3886,6,10,1,3,5,6,13.7273,14.2609,2018,4,N,1,1,0,0,1.6707480000000001,-0.22389399999999993,0.167,0.3
2018-04-07 14:00:00,2017,2,2,Bournemouth,Crystal Palace,2.09227,1.14558,0.6258,0.2273,0.1469,21,13,5,6,8,12,17.375,14.1333,2018,4,N,1,1,4,0,3.23785,0.94669,0.238,0.462
2018-04-07 14:00:00,2017,1,1,Brighton,Huddersfield,1.53244,1.48964,0.3612,0.2921,0.3467,13,15,4,5,5,3,7.7619,18.4667,2018,4,N,1,1,2,0,3.02208,0.04279999999999995,0.308,0.333
2018-04-07 14:00:00,2017,1,2,Leicester,Newcastle United,1.09224,0.285116,0.6972,0.2476,0.0552,8,8,1,4,4,1,17.625,7.7333,2018,4,D,0,3,3,-1,1.377356,0.8071240000000002,0.125,0.5
2018-04-07 14:00:00,2017,1,2,Stoke,Tottenham,1.40115,1.79894,0.2774,0.2613,0.4613,10,15,4,4,4,7,6.0,9.8065,2018,4,D,0,3,3,-1,3.20009,-0.3977900000000001,0.4,0.267
2018-04-07 14:00:00,2017,1,2,Watford,Burnley,1.36685,1.38319,0.3407,0.2938,0.3655,14,7,5,4,10,1,7.1429,5.6957,2018,4,D,0,3,3,-1,2.75004,-0.01634000000000002,0.357,0.571
2018-04-07 14:00:00,2017,1,1,West Bromwich Albion,Swansea,1.22912,0.655729,0.5244,0.3142,0.1614,15,7,3,1,10,2,17.4375,9.3929,2018,4,N,1,1,2,0,1.884849,0.573391,0.2,0.143
2018-04-07 16:30:00,2017,2,3,Manchester City,Manchester United,3.42967,1.21683,0.8461,0.1056,0.0483,20,5,6,4,17,3,12.5517,7.0833,2018,4,D,0,3,5,-1,4.6465000000000005,2.21284,0.3,0.8
2018-04-08 13:15:00,2017,3,2,Arsenal,Southampton,1.58895,2.16699,0.2136,0.265,0.5214,13,15,7,8,7,7,23.2,11.3333,2018,4,V,3,0,5,1,3.7559400000000003,-0.5780400000000001,0.538,0.533
2018-04-08 15:30:00,2017,1,1,Chelsea,West Ham,2.12073,0.302554,0.8447,0.1265,0.0288,23,5,6,2,20,4,15.4211,10.125,2018,4,N,1,1,2,0,2.4232839999999998,1.818176,0.261,0.4
2018-04-14 11:30:00,2017,2,3,Southampton,Chelsea,1.2922,0.663817,0.5388,0.2885,0.1727,10,17,7,5,1,8,8.4348,11.1364,2018,4,D,0,3,5,-1,1.9560170000000001,0.628383,0.7,0.294
2018-04-14 14:00:00,2017,2,1,Burnley,Leicester,1.05951,1.99812,0.1538,0.237,0.6092,8,15,3,6,4,8,9.7692,13.0,2018,4,V,3,0,3,1,3.0576299999999996,-0.9386099999999999,0.375,0.4
2018-04-14 14:00:00,2017,3,2,Crystal Palace,Brighton,2.49925,1.54485,0.6578,0.2385,0.1037,15,12,8,3,6,2,6.9167,7.4348,2018,4,V,3,0,5,1,4.0441,0.9543999999999999,0.533,0.25
2018-04-14 14:00:00,2017,1,0,Huddersfield,Watford,0.929512,0.306273,0.555,0.3468,0.0982,9,4,1,2,7,7,9.0625,8.16,2018,4,V,3,0,1,1,1.235785,0.623239,0.111,0.5
2018-04-14 14:00:00,2017,1,1,Swansea,Everton,1.19751,1.61456,0.239,0.272,0.489,17,12,7,3,12,8,14.7333,7.8387,2018,4,N,1,1,2,0,2.8120700000000003,-0.4170499999999999,0.412,0.25
2018-04-14 16:30:00,2017,3,0,Liverpool,Bournemouth,2.6402,0.540593,0.8795,0.0977,0.0228,20,6,7,1,19,3,27.855400000000003,7.84,2018,4,V,3,0,3,3,3.180793,2.0996070000000002,0.35,0.167
2018-04-14 18:45:00,2017,1,3,Tottenham,Manchester City,0.445014,3.61987,0.0027,0.0186,0.9787,8,17,3,6,6,7,10.7727,12.4483,2018,4,D,0,3,4,-2,4.064884,-3.174856,0.375,0.353
2018-04-15 12:30:00,2017,2,1,Newcastle United,Arsenal,0.888452,1.41538,0.217,0.284,0.499,8,15,4,3,6,10,4.8889,15.6296,2018,4,V,3,0,3,1,2.303832,-0.5269280000000001,0.5,0.2
2018-04-15 15:00:00,2017,0,1,Manchester United,West Bromwich Albion,0.639748,0.824508,0.2422,0.3744,0.3834,14,10,4,4,11,1,19.7895,5.7778,2018,4,D,0,3,1,-1,1.464256,-0.18476000000000004,0.286,0.4
2018-04-16 19:00:00,2017,1,1,West Ham,Stoke,0.807456,1.41085,0.1795,0.277,0.5435,18,11,6,7,19,10,8.96,5.4783,2018,4,N,1,1,2,0,2.218306,-0.603394,0.333,0.636
2018-04-17 18:45:00,2017,1,1,Brighton,Tottenham,0.988099,1.36248,0.2274,0.3273,0.4453,8,16,5,6,1,10,8.6957,14.7391,2018,4,N,1,1,2,0,2.3505789999999998,-0.37438099999999996,0.625,0.375
2018-04-18 18:45:00,2017,0,2,Bournemouth,Manchester United,1.18301,1.61597,0.2262,0.2957,0.4781,13,13,2,4,1,12,8.7778,20.9333,2018,4,D,0,3,2,-2,2.79898,-0.43296,0.154,0.308
2018-04-19 18:45:00,2017,1,2,Burnley,Chelsea,0.221642,1.7717,0.0274,0.1481,0.8245,5,16,2,5,1,13,13.1176,19.7,2018,4,D,0,3,3,-1,1.9933420000000002,-1.550058,0.4,0.312
2018-04-19 18:45:00,2017,0,0,Leicester,Southampton,0.515248,0.651171,0.2144,0.4168,0.3688,11,6,3,2,7,4,9.4348,6.7143,2018,4,N,1,1,0,0,1.166419,-0.13592300000000002,0.273,0.333
2018-04-21 00:00:00,2017,2,2,West Bromwich Albion,Liverpool,1.39669,1.6393,0.284,0.304,0.412,13,9,6,3,4,8,12.2667,17.5714,2018,4,N,1,1,4,0,3.03599,-0.24261,0.462,0.333
2018-04-21 14:00:00,2017,0,0,Watford,Crystal Palace,0.59455,0.182325,0.4065,0.5004,0.0931,14,6,4,1,2,6,8.6667,3.9545,2018,4,N,1,1,0,0,0.776875,0.41222500000000006,0.286,0.167
2018-04-22 12:30:00,2017,4,1,Arsenal,West Ham,2.07299,0.623161,0.7544,0.1697,0.0759,20,11,8,4,18,5,27.855400000000003,8.3684,2018,4,V,3,0,5,3,2.696151,1.4498289999999998,0.4,0.364
2018-04-22 12:30:00,2017,1,1,Stoke,Burnley,0.356095,1.61309,0.0401,0.1688,0.7911,8,16,3,7,5,3,13.2222,11.375,2018,4,N,1,1,2,0,1.969185,-1.2569949999999999,0.375,0.438
2018-04-22 15:30:00,2017,5,0,Manchester City,Swansea,3.41675,0.297493,0.9824,0.016,0.0016,19,4,12,1,21,1,27.855400000000003,4.1379,2018,4,V,3,0,5,5,3.7142429999999997,3.119257,0.632,0.25
2018-04-23 19:00:00,2017,1,0,Everton,Newcastle United,0.948534,0.480957,0.4792,0.3547,0.1661,9,10,1,2,7,9,10.7037,6.1429,2018,4,V,3,0,1,1,1.429491,0.46757699999999996,0.111,0.2
2018-04-28 11:30:00,2017,0,0,Liverpool,Stoke,2.11658,0.777827,0.7207,0.1979,0.0814,20,5,2,1,20,2,15.75,8.5455,2018,4,N,1,1,0,0,2.894407,1.3387529999999999,0.1,0.2
2018-04-28 14:00:00,2017,0,0,Burnley,Brighton,1.54596,0.378409,0.7472,0.1922,0.0606,10,9,4,1,3,6,9.9375,24.328687499999997,2018,4,N,1,1,0,0,1.924369,1.167551,0.4,0.111
2018-04-28 14:00:00,2017,5,0,Crystal Palace,Leicester,2.7876,0.941395,0.834,0.1232,0.0428,15,6,9,1,10,2,21.1111,9.5417,2018,4,V,3,0,5,5,3.728995,1.8462049999999999,0.6,0.167
2018-04-28 14:00:00,2017,0,2,Huddersfield,Everton,0.56538,0.943754,0.1959,0.3537,0.4504,9,7,2,5,6,4,10.5,7.9643,2018,4,D,0,3,2,-2,1.509134,-0.378374,0.222,0.714
2018-04-28 14:00:00,2017,0,1,Newcastle United,West Bromwich Albion,1.58397,0.703096,0.6131,0.2555,0.1314,17,9,2,2,11,5,14.0952,8.3333,2018,4,D,0,3,1,-1,2.2870660000000003,0.880874,0.118,0.222
2018-04-28 14:00:00,2017,2,1,Southampton,Bournemouth,1.72584,1.01741,0.5558,0.2504,0.1938,14,14,6,7,6,7,7.04,13.381,2018,4,V,3,0,3,1,2.7432499999999997,0.7084300000000001,0.429,0.5
2018-04-28 16:30:00,2017,0,1,Swansea,Chelsea,0.502964,1.45426,0.1109,0.2583,0.6308,10,11,3,3,3,14,27.855400000000003,12.5333,2018,4,D,0,3,1,-1,1.957224,-0.9512960000000001,0.3,0.273
2018-04-29 13:15:00,2017,1,4,West Ham,Manchester City,0.228917,2.29076,0.0183,0.0931,0.8886,4,19,1,7,2,23,5.8148,24.328687499999997,2018,4,D,0,3,5,-3,2.519677,-2.061843,0.25,0.368
2018-04-29 15:30:00,2017,2,1,Manchester United,Arsenal,1.54667,0.651541,0.6335,0.2606,0.1059,17,8,3,3,8,5,17.4762,8.7188,2018,4,V,3,0,3,1,2.198211,0.895129,0.176,0.375
2018-04-30 19:00:00,2017,2,0,Tottenham,Watford,1.76757,1.36928,0.4674,0.2681,0.2645,13,13,3,5,13,5,14.9545,5.6774,2018,4,V,3,0,2,2,3.13685,0.39829000000000003,0.231,0.385
2018-05-04 20:00:00,2017,1,0,Brighton,Manchester United,0.922771,0.652444,0.4308,0.3451,0.2241,11,16,4,3,3,11,8.4211,22.2353,2018,5,V,3,0,1,1,1.575215,0.270327,0.364,0.188
2018-05-05 12:30:00,2017,1,2,Stoke,Crystal Palace,0.750175,1.31471,0.1972,0.2941,0.5087,7,13,2,2,5,9,9.2143,6.5667,2018,5,D,0,3,3,-1,2.0648850000000003,-0.564535,0.286,0.154
2018-05-05 15:00:00,2017,0,2,Leicester,West Ham,0.391738,1.43027,0.0765,0.2404,0.6831,11,13,1,3,2,7,9.2083,7.4783,2018,5,D,0,3,2,-2,1.8220079999999998,-1.038532,0.091,0.231
2018-05-05 15:00:00,2017,2,1,Watford,Newcastle United,2.81246,0.613901,0.9131,0.0677,0.0192,11,8,8,1,2,6,15.3571,17.6667,2018,5,V,3,0,3,1,3.426361,2.1985590000000004,0.727,0.125
2018-05-05 15:00:00,2017,1,0,West Bromwich Albion,Tottenham,1.21792,0.969481,0.4274,0.3592,0.2134,6,15,1,5,0,11,4.5909,19.8333,2018,5,V,3,0,1,1,2.187401,0.24843899999999985,0.167,0.333
2018-05-05 15:00:00,2017,1,0,Bournemouth,Swansea,1.69618,1.0138,0.5596,0.2576,0.1828,12,12,5,3,8,10,11.375,24.0,2018,5,V,3,0,1,1,2.70998,0.68238,0.417,0.25
2018-05-05 17:30:00,2017,1,1,Everton,Southampton,0.420891,0.634996,0.2047,0.4342,0.3611,9,10,3,5,4,2,12.1667,7.7917,2018,5,N,1,1,2,0,1.055887,-0.214105,0.333,0.5
2018-05-06 13:30:00,2017,0,0,Manchester City,Huddersfield,0.78641,0.54565,0.3661,0.4011,0.2328,15,5,2,3,9,2,23.2308,3.4118,2018,5,N,1,1,0,0,1.33206,0.24076000000000009,0.133,0.6
2018-05-06 16:30:00,2017,1,0,Chelsea,Liverpool,0.806168,0.427002,0.4299,0.3931,0.177,12,10,4,5,8,16,6.037,21.9,2018,5,V,3,0,1,1,1.2331699999999999,0.379166,0.333,0.5
2018-05-06 16:30:00,2017,5,0,Arsenal,Burnley,2.92408,0.21671,0.9736,0.0236,0.0028,16,6,8,2,12,3,26.4667,11.0476,2018,5,V,3,0,5,5,3.14079,2.70737,0.5,0.333
2018-05-08 19:45:00,2017,0,1,Swansea,Southampton,0.389621,1.48865,0.0672,0.215,0.7178,11,13,3,8,7,7,12.6875,15.8182,2018,5,D,0,3,1,-1,1.878271,-1.099029,0.273,0.615
2018-05-09 19:45:00,2017,3,1,Leicester,Arsenal,2.19801,1.54443,0.5355,0.2479,0.2166,19,14,10,7,9,10,8.4706,11.7826,2018,5,V,3,0,4,2,3.74244,0.65358,0.526,0.5
2018-05-09 19:45:00,2017,1,1,Chelsea,Huddersfield,2.25256,0.631021,0.7775,0.1733,0.0492,22,3,5,2,26,1,18.8571,7.7857,2018,5,N,1,1,2,0,2.883581,1.6215389999999998,0.227,0.667
2018-05-09 20:00:00,2017,3,1,Manchester City,Brighton,1.64765,1.00939,0.5282,0.2791,0.1927,19,6,7,3,19,0,27.855400000000003,9.3333,2018,5,V,3,0,4,2,2.6570400000000003,0.63826,0.368,0.5
2018-05-09 20:00:00,2017,1,0,Tottenham,Newcastle United,0.835241,0.829699,0.3279,0.3463,0.3258,11,14,7,3,12,6,19.1333,4.8276,2018,5,V,3,0,1,1,1.66494,0.005542000000000047,0.636,0.214
2018-05-10 19:45:00,2017,0,0,West Ham,Manchester United,0.783043,0.596075,0.3689,0.3839,0.2472,9,16,2,6,5,6,9.8214,9.6129,2018,5,N,1,1,0,0,1.379118,0.18696800000000002,0.222,0.375
2018-05-13 15:00:00,2017,3,1,West Ham,Everton,1.18299,1.67867,0.2409,0.2673,0.4918,15,14,4,7,9,4,14.125,12.5333,2018,5,V,3,0,4,2,2.86166,-0.4956800000000001,0.267,0.5
2018-05-13 15:00:00,2017,5,4,Tottenham,Leicester,1.83248,1.27359,0.5297,0.2511,0.2192,14,16,6,9,9,14,9.3103,5.5714,2018,5,V,3,0,9,1,3.10607,0.5588900000000001,0.429,0.562
2018-05-13 15:00:00,2017,1,2,Swansea,Stoke,1.70936,1.75436,0.3376,0.2527,0.4097,25,8,11,5,18,2,21.2308,9.6071,2018,5,D,0,3,3,-1,3.46372,-0.04499999999999993,0.44,0.625
2018-05-13 15:00:00,2017,1,2,Burnley,Bournemouth,1.16179,1.38551,0.2801,0.3166,0.4033,12,16,4,5,7,7,14.2308,8.44,2018,5,D,0,3,3,-1,2.5473,-0.22371999999999992,0.333,0.312
2018-05-13 15:00:00,2017,2,0,Crystal Palace,West Bromwich Albion,2.36491,0.216004,0.9305,0.061,0.0085,11,7,5,1,12,0,9.5,6.1389,2018,5,V,3,0,2,2,2.580914,2.148906,0.455,0.143
2018-05-13 15:00:00,2017,0,1,Huddersfield,Arsenal,1.31031,2.3322,0.1362,0.2034,0.6604,18,9,3,4,4,8,16.4167,9.6563,2018,5,D,0,3,1,-1,3.6425099999999997,-1.0218899999999997,0.167,0.444
2018-05-13 15:00:00,2017,4,0,Liverpool,Brighton,3.50981,0.0408165,0.9844,0.0143,0.0013,22,2,11,1,19,2,27.855400000000003,7.8571,2018,5,V,3,0,4,4,3.5506265,3.4689935,0.5,0.5
2018-05-13 15:00:00,2017,1,0,Manchester United,Watford,0.45805,0.654288,0.217,0.4319,0.3511,7,7,1,3,5,5,9.2593,18.7143,2018,5,V,3,0,1,1,1.112338,-0.19623799999999997,0.143,0.429
2018-05-13 15:00:00,2017,3,0,Newcastle United,Chelsea,2.24197,0.843284,0.7887,0.1677,0.0436,16,6,6,2,4,3,8.5652,10.3548,2018,5,V,3,0,3,3,3.085254,1.3986859999999997,0.375,0.333
2018-05-13 15:00:00,2017,0,1,Southampton,Manchester City,0.506624,0.765614,0.2136,0.396,0.3904,8,13,3,2,2,9,10.3,17.75,2018,5,D,0,3,1,-1,1.272238,-0.25899000000000005,0.375,0.154
2018-08-10 22:00:00,2018,2,1,Manchester United,Leicester,1.5137,1.73813,0.2812,0.3275,0.3913,8,13,6,4,3,10,11.4615,15.8333,2018,8,V,3,0,3,1,3.25183,-0.2244299999999999,0.75,0.308
2018-08-11 14:30:00,2018,1,2,Newcastle United,Tottenham,0.974497,2.58097,0.08,0.1479,0.7721,15,15,2,5,8,3,5.6571,17.45,2018,8,D,0,3,3,-1,3.555467,-1.6064730000000003,0.133,0.333
2018-08-11 17:00:00,2018,2,0,Watford,Brighton,1.42372,0.45504,0.6438,0.2574,0.0988,19,6,5,0,8,2,14.25,8.7037,2018,8,V,3,0,2,2,1.8787600000000002,0.9686800000000001,0.263,0.0
2018-08-11 17:00:00,2018,0,3,Huddersfield,Chelsea,0.396115,2.31427,0.0214,0.1011,0.8775,6,13,1,4,2,4,12.6667,11.5455,2018,8,D,0,3,3,-3,2.710385,-1.918155,0.167,0.308
2018-08-11 17:00:00,2018,0,2,Fulham,Crystal Palace,0.638076,1.07816,0.2004,0.3242,0.4754,15,12,6,10,3,8,22.7895,4.5349,2018,8,D,0,3,2,-2,1.7162359999999999,-0.44008400000000003,0.4,0.833
2018-08-11 17:00:00,2018,2,0,Bournemouth,Cardiff,2.60022,1.50693,0.6773,0.2104,0.1123,12,10,4,1,12,5,15.8235,5.6316,2018,8,V,3,0,2,2,4.107150000000001,1.09329,0.333,0.1
2018-08-11 19:30:00,2018,2,2,Wolverhampton Wanderers,Everton,0.891038,0.715382,0.3582,0.3775,0.2643,11,6,4,5,4,2,15.6,24.328687499999997,2018,8,N,1,1,4,0,1.60642,0.17565600000000003,0.364,0.833
2018-08-12 15:30:00,2018,0,0,Southampton,Burnley,1.01994,1.40827,0.2552,0.2792,0.4656,18,16,3,6,3,7,7.8095,16.5833,2018,8,N,1,1,0,0,2.42821,-0.38832999999999984,0.167,0.375
2018-08-12 15:30:00,2018,4,0,Liverpool,West Ham,4.34421,0.404253,0.9893,0.0092,0.0015,18,5,8,2,16,3,25.1875,8.0323,2018,8,V,3,0,4,4,4.748463,3.9399570000000006,0.444,0.4
2018-08-12 18:00:00,2018,0,2,Arsenal,Manchester City,0.445187,2.0178,0.0451,0.1428,0.8121,9,17,3,8,8,8,10.9545,13.56,2018,8,D,0,3,2,-2,2.462987,-1.5726129999999998,0.333,0.471
2018-08-18 14:30:00,2018,0,0,Cardiff,Newcastle United,1.15521,1.55405,0.2369,0.2926,0.4705,12,12,1,6,3,3,6.2941,5.0333,2018,8,N,1,1,0,0,2.70926,-0.39883999999999986,0.083,0.5
2018-08-18 17:00:00,2018,1,2,West Ham,Bournemouth,1.10275,1.69077,0.1961,0.2942,0.5097,11,12,5,5,9,10,15.4118,6.7692,2018,8,D,0,3,3,-1,2.79352,-0.5880200000000002,0.455,0.417
2018-08-18 17:00:00,2018,3,1,Tottenham,Fulham,3.26713,1.44253,0.7814,0.1358,0.0828,25,10,11,3,20,4,27.855400000000003,8.3824,2018,8,V,3,0,4,2,4.7096599999999995,1.8245999999999998,0.44,0.3
2018-08-18 17:00:00,2018,2,0,Leicester,Wolverhampton Wanderers,0.222843,1.09349,0.0571,0.292,0.6509,6,11,2,3,4,6,7.129,15.3889,2018,8,V,3,0,2,2,1.3163330000000002,-0.8706470000000001,0.333,0.273
2018-08-18 17:00:00,2018,2,1,Everton,Southampton,2.02004,1.77471,0.4316,0.2692,0.2992,13,15,7,4,4,7,9.8182,5.0741,2018,8,V,3,0,3,1,3.7947499999999996,0.24532999999999983,0.538,0.267
2018-08-18 19:30:00,2018,3,2,Chelsea,Arsenal,1.71799,2.45798,0.231,0.2035,0.5655,24,15,11,6,10,7,18.1364,10.76,2018,8,V,3,0,5,1,4.1759699999999995,-0.7399900000000001,0.458,0.4
2018-08-19 15:30:00,2018,6,1,Manchester City,Huddersfield,4.60356,0.663731,0.9792,0.0183,0.0025,32,5,14,1,17,4,27.855400000000003,9.1818,2018,8,V,3,0,7,5,5.267291,3.939829,0.438,0.2
2018-08-19 15:30:00,2018,1,3,Burnley,Watford,0.392642,1.9171,0.03,0.123,0.847,8,9,3,6,4,9,8.7308,7.8421,2018,8,D,0,3,4,-2,2.309742,-1.524458,0.375,0.667
2018-08-19 18:00:00,2018,3,2,Brighton,Manchester United,1.63672,1.56579,0.3538,0.3473,0.2989,6,9,3,3,2,5,9.3571,11.0278,2018,8,V,3,0,5,1,3.20251,0.07092999999999994,0.5,0.333
2018-08-20 22:00:00,2018,0,2,Crystal Palace,Liverpool,0.368608,2.82183,0.0111,0.0563,0.9326,8,16,2,6,3,17,7.4286,24.328687499999997,2018,8,D,0,3,2,-2,3.190438,-2.453222,0.25,0.375
2018-08-25 14:30:00,2018,1,1,Wolverhampton Wanderers,Manchester City,1.26376,1.84293,0.22,0.2638,0.5162,11,18,2,6,2,10,6.8333,22.875,2018,8,N,1,1,2,0,3.10669,-0.57917,0.182,0.333
2018-08-25 17:00:00,2018,1,2,Southampton,Leicester,0.542494,0.517935,0.276,0.4481,0.2759,12,8,5,5,7,2,13.2941,7.7742,2018,8,D,0,3,3,-1,1.060429,0.024558999999999997,0.417,0.625
2018-08-25 17:00:00,2018,0,0,Huddersfield,Cardiff,0.203453,1.06351,0.0611,0.3185,0.6204,5,14,1,4,1,5,8.4783,8.8333,2018,8,N,1,1,0,0,1.266963,-0.860057,0.2,0.286
2018-08-25 17:00:00,2018,2,2,Bournemouth,Everton,2.5887,0.543665,0.876,0.0937,0.0303,17,11,5,3,11,4,9.4545,9.35,2018,8,N,1,1,4,0,3.1323649999999996,2.045035,0.294,0.273
2018-08-25 17:00:00,2018,3,1,Arsenal,West Ham,1.7852,1.17924,0.5255,0.2474,0.2271,17,13,10,5,8,10,17.7222,5.0303,2018,8,V,3,0,4,2,2.9644399999999997,0.6059599999999998,0.588,0.385
2018-08-25 19:30:00,2018,1,0,Liverpool,Brighton,1.81412,0.535616,0.7125,0.2072,0.0803,22,6,8,2,13,2,19.6364,6.6923,2018,8,V,3,0,1,1,2.349736,1.2785039999999999,0.364,0.333
2018-08-26 15:30:00,2018,2,1,Watford,Crystal Palace,1.14596,1.21905,0.3208,0.3146,0.3646,13,9,5,3,7,5,6.6,9.5909,2018,8,V,3,0,3,1,2.36501,-0.07308999999999988,0.385,0.333
2018-08-26 17:00:00,2018,4,2,Fulham,Burnley,1.92459,1.56882,0.4467,0.2621,0.2912,25,12,12,2,10,5,18.5789,11.7143,2018,8,V,3,0,6,2,3.49341,0.3557699999999999,0.48,0.167
2018-08-26 18:00:00,2018,1,2,Newcastle United,Chelsea,0.209337,1.49669,0.0288,0.176,0.7952,6,15,2,3,3,13,4.4444,24.1429,2018,8,D,0,3,3,-1,1.7060270000000002,-1.287353,0.333,0.2
2018-08-27 22:00:00,2018,0,3,Manchester United,Tottenham,1.40321,1.80811,0.269,0.2436,0.4874,23,9,5,5,7,6,8.4063,9.4286,2018,8,D,0,3,3,-3,3.21132,-0.40490000000000004,0.217,0.556
2018-09-01 11:30:00,2018,1,2,Leicester,Liverpool,0.981217,1.22722,0.2629,0.3246,0.4125,12,10,5,4,5,5,9.8889,13.0,2018,9,D,0,3,3,-1,2.208437,-0.24600299999999997,0.417,0.4
2018-09-01 14:00:00,2018,0,1,West Ham,Wolverhampton Wanderers,0.888887,1.22301,0.2413,0.3045,0.4542,13,15,3,6,7,4,10.3462,14.3333,2018,9,D,0,3,1,-1,2.111897,-0.33412299999999995,0.231,0.4
2018-09-01 14:00:00,2018,1,1,Everton,Huddersfield,0.616013,0.660035,0.272,0.4062,0.3218,11,9,1,6,2,1,9.3448,8.5238,2018,9,N,1,1,2,0,1.276048,-0.044022000000000006,0.091,0.667
2018-09-01 14:00:00,2018,0,2,Crystal Palace,Southampton,2.35193,3.13612,0.228,0.2078,0.5642,20,19,6,6,5,3,10.087,11.9444,2018,9,D,0,3,2,-2,5.488049999999999,-0.7841900000000002,0.3,0.316
2018-09-01 14:00:00,2018,2,0,Chelsea,Bournemouth,1.16408,0.950959,0.387,0.3123,0.3007,24,8,6,1,15,3,21.2353,8.2143,2018,9,V,3,0,2,2,2.115039,0.213121,0.25,0.125
2018-09-01 14:00:00,2018,2,2,Brighton,Fulham,2.68216,1.51555,0.6739,0.1942,0.1319,15,10,5,5,3,3,13.6429,11.4828,2018,9,N,1,1,4,0,4.19771,1.1666100000000001,0.333,0.5
2018-09-01 16:30:00,2018,2,1,Manchester City,Newcastle United,2.46904,0.554763,0.8343,0.1322,0.0335,24,3,8,2,9,2,27.855400000000003,8.8182,2018,9,V,3,0,3,1,3.023803,1.9142770000000002,0.333,0.667
2018-09-02 12:30:00,2018,2,3,Cardiff,Arsenal,0.77426,1.41005,0.1947,0.2698,0.5355,14,17,3,11,5,15,4.5,16.3636,2018,9,D,0,3,5,-1,2.18431,-0.6357900000000001,0.214,0.647
2018-09-02 15:00:00,2018,0,2,Burnley,Manchester United,1.09923,2.90359,0.0644,0.1378,0.7978,9,21,2,9,2,13,10.75,21.0,2018,9,D,0,3,2,-2,4.00282,-1.80436,0.222,0.429
2018-09-02 15:00:00,2018,2,1,Watford,Tottenham,0.454309,0.582521,0.2195,0.4474,0.3331,7,11,3,2,3,5,5.0833,11.24,2018,9,V,3,0,3,1,1.03683,-0.12821199999999994,0.429,0.182
2018-09-15 11:30:00,2018,1,2,Tottenham,Liverpool,0.788168,3.01015,0.0318,0.0857,0.8825,11,17,3,10,8,7,19.7895,10.3333,2018,9,D,0,3,3,-1,3.798318,-2.2219819999999997,0.273,0.588
2018-09-15 14:00:00,2018,1,2,Newcastle United,Arsenal,0.412121,0.90461,0.159,0.3722,0.4688,4,12,2,2,3,10,7.0952,14.75,2018,9,D,0,3,3,-1,1.316731,-0.492489,0.5,0.167
2018-09-15 14:00:00,2018,3,0,Manchester City,Fulham,4.91621,0.342698,0.9962,0.0033,0.0005,28,9,9,3,22,3,27.855400000000003,10.8571,2018,9,V,3,0,3,3,5.258908000000001,4.573512,0.321,0.333
2018-09-15 14:00:00,2018,0,1,Huddersfield,Crystal Palace,0.87744,0.746631,0.366,0.3492,0.2848,15,7,2,2,5,2,15.9412,11.8421,2018,9,D,0,3,1,-1,1.624071,0.13080899999999995,0.133,0.286
2018-09-15 14:00:00,2018,4,1,Chelsea,Cardiff,2.67145,0.8276,0.8241,0.1326,0.0433,18,6,7,2,13,3,18.3636,4.0,2018,9,V,3,0,5,3,3.49905,1.8438500000000002,0.389,0.333
2018-09-15 14:00:00,2018,4,2,Bournemouth,Leicester,2.22726,1.82502,0.4797,0.2532,0.2671,10,14,5,8,6,8,7.0,16.9167,2018,9,V,3,0,6,2,4.05228,0.4022399999999997,0.5,0.571
2018-09-15 16:30:00,2018,1,2,Watford,Manchester United,1.17523,1.64902,0.218,0.2734,0.5086,14,9,5,6,7,6,10.0556,12.7727,2018,9,D,0,3,3,-1,2.82425,-0.47378999999999993,0.357,0.667
2018-09-16 12:30:00,2018,1,0,Wolverhampton Wanderers,Burnley,3.3916,0.208994,0.965,0.0311,0.0039,30,7,7,2,11,3,17.9375,17.3846,2018,9,V,3,0,1,1,3.600594,3.182606,0.233,0.286
2018-09-16 15:00:00,2018,1,3,Everton,West Ham,1.26774,1.52437,0.2789,0.2847,0.4364,16,9,4,4,5,7,11.0909,6.6296,2018,9,D,0,3,4,-2,2.79211,-0.2566299999999999,0.25,0.444
2018-09-17 19:00:00,2018,2,2,Southampton,Brighton,2.19521,1.97094,0.4184,0.2929,0.2887,14,12,5,4,6,7,16.0,9.3462,2018,9,N,1,1,4,0,4.16615,0.22426999999999997,0.357,0.333
2018-09-22 11:30:00,2018,1,1,Fulham,Watford,1.77245,1.76133,0.3766,0.2572,0.3662,15,11,3,6,4,5,12.08,8.2941,2018,9,N,1,1,2,0,3.53378,0.011120000000000019,0.2,0.545
2018-09-22 14:00:00,2018,1,1,Manchester United,Wolverhampton Wanderers,0.62283,1.1185,0.1789,0.3122,0.5089,15,11,6,8,12,7,17.8636,16.5833,2018,9,N,1,1,2,0,1.74133,-0.49567000000000005,0.4,0.727
2018-09-22 14:00:00,2018,3,0,Liverpool,Southampton,1.77893,0.310467,0.8579,0.1225,0.0196,12,7,4,1,13,5,24.3684,17.4,2018,9,V,3,0,3,3,2.089397,1.4684629999999999,0.333,0.143
2018-09-22 14:00:00,2018,3,1,Leicester,Huddersfield,1.80404,0.688176,0.676,0.2164,0.1076,18,9,8,2,2,2,17.6842,6.9615,2018,9,V,3,0,4,2,2.492216,1.1158640000000002,0.444,0.222
2018-09-22 14:00:00,2018,0,0,Crystal Palace,Newcastle United,0.930793,0.229309,0.5398,0.374,0.0862,16,6,4,3,9,1,9.3448,7.35,2018,9,N,1,1,0,0,1.160102,0.701484,0.25,0.5
2018-09-22 14:00:00,2018,0,5,Cardiff,Manchester City,0.0980726,3.08415,0.0029,0.0352,0.9619,2,21,2,10,2,18,7.6429,24.328687499999997,2018,9,D,0,3,5,-5,3.1822226000000002,-2.9860774,1.0,0.476
2018-09-22 14:00:00,2018,4,0,Burnley,Bournemouth,2.29417,0.976413,0.737,0.1749,0.0881,12,19,5,5,10,10,17.3333,10.3125,2018,9,V,3,0,4,4,3.270583,1.3177569999999998,0.417,0.263
2018-09-22 16:30:00,2018,1,2,Brighton,Tottenham,0.817174,2.11655,0.0836,0.1882,0.7282,8,16,4,7,2,4,4.5758,16.6667,2018,9,D,0,3,3,-1,2.933724,-1.299376,0.5,0.438
2018-09-23 12:30:00,2018,0,0,West Ham,Chelsea,1.0177,1.88344,0.161,0.2497,0.5893,6,17,1,6,4,12,5.6923,24.328687499999997,2018,9,N,1,1,0,0,2.90114,-0.86574,0.167,0.353
2018-09-23 15:00:00,2018,2,0,Arsenal,Everton,0.930544,1.06523,0.287,0.3282,0.3848,9,10,5,6,15,5,17.1667,4.871,2018,9,V,3,0,2,2,1.995774,-0.13468599999999986,0.556,0.6
2018-09-29 11:30:00,2018,3,1,West Ham,Manchester United,1.3029,0.865739,0.4851,0.3156,0.1993,8,9,3,4,9,2,11.3333,13.0526,2018,9,V,3,0,4,2,2.1686389999999998,0.4371609999999999,0.375,0.444
2018-09-29 14:00:00,2018,2,0,Wolverhampton Wanderers,Southampton,1.42507,0.679627,0.5683,0.2728,0.1589,14,17,6,6,5,9,12.2381,10.52,2018,9,V,3,0,2,2,2.104697,0.7454430000000001,0.429,0.353
2018-09-29 14:00:00,2018,0,2,Newcastle United,Leicester,0.397301,1.34341,0.0701,0.2432,0.6867,6,12,1,5,3,3,9.0952,11.6667,2018,9,D,0,3,2,-2,1.7407110000000001,-0.946109,0.167,0.417
2018-09-29 14:00:00,2018,2,0,Manchester City,Brighton,2.90697,0.23023,0.9482,0.0453,0.0065,28,4,8,1,21,0,27.855400000000003,6.0526,2018,9,V,3,0,2,2,3.1372,2.6767399999999997,0.286,0.25
2018-09-29 14:00:00,2018,0,2,Huddersfield,Tottenham,0.339245,2.33733,0.0173,0.0862,0.8965,9,10,5,6,3,1,14.2667,6.1429,2018,9,D,0,3,2,-2,2.676575,-1.998085,0.556,0.6
2018-09-29 14:00:00,2018,3,0,Everton,Fulham,2.31538,0.536317,0.8411,0.1257,0.0332,19,6,6,0,7,6,10.0,8.3077,2018,9,V,3,0,3,3,2.851697,1.7790630000000003,0.316,0.0
2018-09-29 14:00:00,2018,2,0,Arsenal,Watford,1.57061,2.62141,0.1664,0.199,0.6346,9,14,2,5,9,4,10.2963,9.0,2018,9,V,3,0,2,2,4.19202,-1.0508,0.222,0.357
2018-09-29 16:30:00,2018,1,1,Chelsea,Liverpool,1.77638,1.74071,0.3755,0.2542,0.3703,10,13,4,6,4,8,15.3043,24.328687499999997,2018,9,N,1,1,2,0,3.51709,0.03567000000000009,0.4,0.462
2018-09-30 15:00:00,2018,1,2,Cardiff,Burnley,1.56707,0.111527,0.8015,0.18,0.0185,20,3,5,2,14,6,6.9231,6.1765,2018,9,D,0,3,3,-1,1.678597,1.455543,0.25,0.667
2018-10-01 19:00:00,2018,2,1,Bournemouth,Crystal Palace,1.97143,0.385841,0.8371,0.1266,0.0363,11,10,5,2,4,11,13.0,15.05,2018,10,V,3,0,3,1,2.357271,1.5855890000000001,0.455,0.2
2018-10-05 19:00:00,2018,1,0,Brighton,West Ham,1.02566,1.43652,0.245,0.2935,0.4615,9,17,4,4,2,15,8.8667,12.9524,2018,10,V,3,0,1,1,2.46218,-0.41086,0.444,0.235
2018-10-06 14:00:00,2018,0,4,Watford,Bournemouth,1.06613,3.28471,0.0276,0.0738,0.8986,14,10,2,7,6,5,15.3077,11.4762,2018,10,D,0,3,4,-4,4.35084,-2.21858,0.143,0.7
2018-10-06 14:00:00,2018,1,0,Tottenham,Cardiff,2.6517,1.13843,0.7439,0.168,0.0881,19,8,7,6,17,2,17.85,9.0,2018,10,V,3,0,1,1,3.79013,1.51327,0.368,0.75
2018-10-06 14:00:00,2018,1,2,Leicester,Everton,1.10472,1.14952,0.3366,0.3105,0.3529,8,17,2,8,2,6,13.15,12.4706,2018,10,D,0,3,3,-1,2.2542400000000002,-0.04480000000000017,0.25,0.471
2018-10-06 14:00:00,2018,0,1,Crystal Palace,Wolverhampton Wanderers,1.03714,0.755654,0.4233,0.3577,0.219,11,7,4,2,6,4,18.381,5.92,2018,10,D,0,3,1,-1,1.792794,0.2814859999999999,0.364,0.286
2018-10-06 14:00:00,2018,1,1,Burnley,Huddersfield,0.353128,1.02549,0.1117,0.3418,0.5465,6,19,3,2,1,1,6.4118,14.4348,2018,10,N,1,1,2,0,1.378618,-0.672362,0.5,0.105
2018-10-06 16:30:00,2018,3,2,Manchester United,Newcastle United,2.40631,1.55962,0.5878,0.2054,0.2068,18,13,10,8,12,5,13.44,5.0,2018,10,V,3,0,5,1,3.96593,0.8466899999999999,0.556,0.615
2018-10-07 11:00:00,2018,1,5,Fulham,Arsenal,1.31588,1.13706,0.4029,0.2875,0.3096,21,9,4,7,5,12,15.3333,11.9615,2018,10,D,0,3,6,-4,2.45294,0.17881999999999998,0.19,0.778
2018-10-07 13:15:00,2018,0,3,Southampton,Chelsea,1.487,3.54699,0.0646,0.1134,0.822,15,21,6,6,5,15,11.3529,14.1304,2018,10,D,0,3,3,-3,5.03399,-2.05999,0.4,0.286
2018-10-07 15:30:00,2018,0,0,Liverpool,Manchester City,0.433994,1.07481,0.1026,0.3057,0.5917,7,6,2,2,3,4,15.1364,23.1333,2018,10,N,1,1,0,0,1.508804,-0.640816,0.286,0.333
2018-10-20 11:30:00,2018,2,2,Chelsea,Manchester United,2.21163,1.11454,0.668,0.2173,0.1147,21,7,6,4,9,4,11.5862,9.4762,2018,10,N,1,1,4,0,3.3261700000000003,1.09709,0.286,0.571
2018-10-20 14:00:00,2018,0,2,Wolverhampton Wanderers,Watford,0.47391,1.0684,0.1458,0.3238,0.5304,10,9,1,3,8,4,13.6471,10.2,2018,10,D,0,3,2,-2,1.54231,-0.59449,0.1,0.333
2018-10-20 14:00:00,2018,0,1,West Ham,Tottenham,0.544268,1.11777,0.165,0.3148,0.5202,13,10,4,2,3,4,11.9412,7.85,2018,10,D,0,3,1,-1,1.662038,-0.573502,0.308,0.2
2018-10-20 14:00:00,2018,0,1,Newcastle United,Brighton,1.71169,0.675798,0.6389,0.2337,0.1274,27,8,6,2,6,6,10.6522,4.2273,2018,10,D,0,3,1,-1,2.387488,1.035892,0.222,0.25
2018-10-20 14:00:00,2018,5,0,Manchester City,Burnley,4.48577,0.370236,0.9845,0.0129,0.0026,24,5,10,0,18,1,27.855400000000003,9.4211,2018,10,V,3,0,5,5,4.856006,4.115533999999999,0.417,0.0
2018-10-20 14:00:00,2018,4,2,Cardiff,Fulham,1.7562,0.947712,0.5644,0.2533,0.1823,22,9,5,4,4,6,4.2174,10.4,2018,10,V,3,0,6,2,2.703912,0.808488,0.227,0.444
2018-10-20 14:00:00,2018,0,0,Bournemouth,Southampton,0.840403,0.589633,0.4011,0.3847,0.2142,9,8,2,4,4,4,9.963,14.0,2018,10,N,1,1,0,0,1.4300359999999999,0.25077000000000005,0.222,0.5
2018-10-20 16:30:00,2018,0,1,Huddersfield,Liverpool,0.638341,0.663819,0.286,0.401,0.313,13,11,1,2,0,10,18.9444,13.75,2018,10,D,0,3,1,-1,1.3021600000000002,-0.025478,0.077,0.182
2018-10-21 15:00:00,2018,2,0,Everton,Crystal Palace,1.92794,1.50174,0.4635,0.2749,0.2616,20,7,4,3,10,5,8.8667,8.8,2018,10,V,3,0,2,2,3.4296800000000003,0.4261999999999999,0.2,0.429
2018-10-22 19:00:00,2018,3,1,Arsenal,Leicester,2.91637,0.932491,0.8504,0.1068,0.0428,19,8,6,2,14,2,18.3478,6.0,2018,10,V,3,0,4,2,3.8488610000000003,1.9838790000000002,0.316,0.25
2018-10-27 14:00:00,2018,4,1,Liverpool,Cardiff,2.30176,0.643117,0.8332,0.1399,0.0269,19,2,7,1,16,1,27.855400000000003,6.75,2018,10,V,3,0,5,3,2.944877,1.6586429999999996,0.368,0.5
2018-10-27 14:00:00,2018,0,3,Fulham,Bournemouth,0.383833,2.10555,0.0288,0.1127,0.8585,11,12,1,5,1,12,27.855400000000003,16.1765,2018,10,D,0,3,3,-3,2.489383,-1.721717,0.091,0.417
2018-10-27 14:00:00,2018,1,0,Brighton,Wolverhampton Wanderers,1.01337,1.38027,0.259,0.3006,0.4404,7,25,1,7,6,4,5.5278,15.8125,2018,10,V,3,0,1,1,2.3936400000000004,-0.3669,0.143,0.28
2018-10-27 14:00:00,2018,3,0,Watford,Huddersfield,2.29622,0.479655,0.8433,0.1184,0.0383,12,13,6,7,6,6,8.0667,11.8,2018,10,V,3,0,3,3,2.775875,1.816565,0.5,0.538
2018-10-27 14:00:00,2018,0,0,Southampton,Newcastle United,1.19216,0.297646,0.6131,0.3083,0.0786,22,6,4,0,7,3,8.3636,13.4375,2018,10,N,1,1,0,0,1.4898060000000002,0.894514,0.182,0.0
2018-10-27 16:30:00,2018,1,1,Leicester,West Ham,1.95344,1.56009,0.4553,0.288,0.2567,21,11,7,3,5,7,10.8,4.1538,2018,10,N,1,1,2,0,3.5135300000000003,0.3933500000000001,0.333,0.273
2018-10-28 12:30:00,2018,2,2,Crystal Palace,Arsenal,2.38115,0.845197,0.7997,0.1472,0.0531,16,7,3,2,6,2,7.4667,15.5455,2018,10,N,1,1,4,0,3.2263469999999996,1.535953,0.188,0.286
2018-10-28 12:30:00,2018,0,4,Burnley,Chelsea,0.269828,3.01621,0.0087,0.0547,0.9366,7,24,1,8,1,8,13.0667,15.9394,2018,10,D,0,3,4,-4,3.286038,-2.746382,0.143,0.333
2018-10-28 15:00:00,2018,2,1,Manchester United,Everton,2.51393,1.67348,0.5995,0.2332,0.1673,14,14,10,6,5,6,10.72,8.8519,2018,10,V,3,0,3,1,4.18741,0.8404500000000001,0.714,0.429
2018-10-29 19:00:00,2018,0,1,Tottenham,Manchester City,0.442436,1.93588,0.0444,0.1683,0.7873,4,13,1,6,4,15,13.1818,10.6538,2018,10,D,0,3,1,-1,2.378316,-1.493444,0.25,0.462
2018-11-03 12:30:00,2018,1,2,Bournemouth,Manchester United,1.928,3.29249,0.1416,0.1615,0.6969,18,18,7,8,14,15,9.6818,15.0625,2018,11,D,0,3,3,-1,5.22049,-1.36449,0.389,0.444
2018-11-03 15:00:00,2018,4,2,West Ham,Burnley,2.55739,0.882514,0.775,0.1514,0.0736,22,6,10,3,14,3,12.6,9.6,2018,11,V,3,0,6,2,3.439904,1.6748759999999998,0.455,0.5
2018-11-03 15:00:00,2018,1,0,Newcastle United,Watford,0.691575,2.5452,0.0503,0.1282,0.8215,10,16,2,1,1,18,10.6,11.0,2018,11,V,3,0,1,1,3.2367749999999997,-1.8536249999999999,0.2,0.062
2018-11-03 15:00:00,2018,3,1,Everton,Brighton,2.59305,0.676348,0.8542,0.1165,0.0293,14,5,3,3,10,0,11.0,6.3571,2018,11,V,3,0,4,2,3.269398,1.916702,0.214,0.6
2018-11-03 15:00:00,2018,0,1,Cardiff,Leicester,0.922262,2.18288,0.0824,0.1815,0.7361,11,13,2,5,7,6,6.5714,10.5,2018,11,D,0,3,1,-1,3.105142,-1.260618,0.182,0.385
2018-11-03 17:30:00,2018,1,1,Arsenal,Liverpool,1.62321,1.19558,0.4906,0.2623,0.2471,12,13,4,4,9,8,24.6,8.2083,2018,11,N,1,1,2,0,2.81879,0.42762999999999995,0.333,0.308
2018-11-03 19:45:00,2018,2,3,Wolverhampton Wanderers,Tottenham,2.40643,1.63123,0.5801,0.2511,0.1688,16,10,7,8,4,4,14.2222,10.2,2018,11,D,0,3,5,-1,4.03766,0.7751999999999999,0.438,0.8
2018-11-04 15:00:00,2018,6,1,Manchester City,Southampton,2.76272,1.81466,0.604,0.2039,0.1921,18,13,8,6,35,4,27.855400000000003,8.95,2018,11,V,3,0,7,5,4.57738,0.9480599999999999,0.444,0.462
2018-11-04 16:00:00,2018,3,1,Chelsea,Crystal Palace,1.88741,0.454547,0.7673,0.1725,0.0602,15,7,6,2,9,4,19.7407,10.0556,2018,11,V,3,0,4,2,2.341957,1.432863,0.4,0.286
2018-11-05 20:00:00,2018,1,0,Huddersfield,Fulham,0.51433,0.354166,0.3159,0.4903,0.1938,10,8,2,1,4,1,10.2,4.7959,2018,11,V,3,0,1,1,0.8684959999999999,0.16016399999999997,0.2,0.125
2018-11-10 12:30:00,2018,2,1,Cardiff,Brighton,1.94297,0.767044,0.7218,0.2012,0.077,20,7,6,3,4,3,8.44,8.2,2018,11,V,3,0,3,1,2.710014,1.175926,0.3,0.429
2018-11-10 15:00:00,2018,1,1,Southampton,Watford,1.20211,1.07573,0.387,0.2997,0.3133,14,12,4,6,5,11,6.9,8.08,2018,11,N,1,1,2,0,2.2778400000000003,0.12637999999999994,0.286,0.5
2018-11-10 15:00:00,2018,2,1,Newcastle United,Bournemouth,2.57545,1.91687,0.5428,0.2322,0.225,18,14,6,4,4,5,6.2727,15.2105,2018,11,V,3,0,3,1,4.49232,0.6585799999999999,0.333,0.286
2018-11-10 15:00:00,2018,0,0,Leicester,Burnley,1.5091,0.368393,0.691,0.2309,0.0781,22,6,5,1,6,0,12.75,7.8824,2018,11,N,1,1,0,0,1.877493,1.1407070000000001,0.227,0.167
2018-11-10 15:00:00,2018,1,1,Huddersfield,West Ham,1.17524,1.44113,0.2674,0.3001,0.4325,15,12,7,5,4,5,8.6471,10.1154,2018,11,N,1,1,2,0,2.61637,-0.26588999999999996,0.467,0.417
2018-11-10 17:30:00,2018,0,1,Crystal Palace,Tottenham,0.688016,1.55381,0.1216,0.255,0.6234,11,11,5,2,6,1,7.2,12.7037,2018,11,D,0,3,1,-1,2.2418259999999997,-0.865794,0.455,0.182
2018-11-11 12:00:00,2018,2,0,Liverpool,Fulham,2.22417,0.571301,0.7944,0.1514,0.0542,21,8,7,3,12,1,27.855400000000003,4.5714,2018,11,V,3,0,2,2,2.795471,1.652869,0.333,0.375
2018-11-11 14:15:00,2018,0,0,Chelsea,Everton,1.16298,0.198027,0.6687,0.2783,0.053,15,6,4,1,7,0,17.24,6.84,2018,11,N,1,1,0,0,1.3610069999999999,0.964953,0.267,0.167
2018-11-11 16:30:00,2018,3,1,Manchester City,Manchester United,2.02764,0.97089,0.6656,0.2351,0.0993,17,6,5,1,16,5,20.2105,12.6316,2018,11,V,3,0,4,2,2.9985299999999997,1.0567499999999999,0.294,0.167
2018-11-11 16:30:00,2018,1,1,Arsenal,Wolverhampton Wanderers,0.965843,1.86549,0.1382,0.2372,0.6246,10,13,3,5,11,8,20.9,6.1304,2018,11,N,1,1,2,0,2.831333,-0.8996470000000001,0.3,0.385
2018-11-24 15:00:00,2018,0,4,West Ham,Manchester City,0.829504,2.95852,0.016,0.0745,0.9095,9,9,1,6,6,11,14.6154,24.328687499999997,2018,11,D,0,3,4,-4,3.788024,-2.129016,0.111,0.667
2018-11-24 15:00:00,2018,0,3,Watford,Liverpool,0.673382,1.45314,0.116,0.2791,0.6049,5,10,1,7,3,7,6.5769,15.0417,2018,11,D,0,3,3,-3,2.126522,-0.7797580000000001,0.2,0.7
2018-11-24 15:00:00,2018,0,0,Manchester United,Crystal Palace,1.34245,1.05292,0.4361,0.2893,0.2746,12,13,5,2,12,4,17.4667,5.1852,2018,11,N,1,1,0,0,2.3953699999999998,0.28952999999999984,0.417,0.154
2018-11-24 15:00:00,2018,3,2,Fulham,Southampton,1.3875,1.67163,0.2909,0.2721,0.437,10,19,5,8,8,8,8.0455,19.1176,2018,11,V,3,0,5,1,3.0591299999999997,-0.28413,0.5,0.421
2018-11-24 15:00:00,2018,1,0,Everton,Cardiff,2.48066,0.879108,0.7864,0.1558,0.0578,16,7,8,1,5,1,20.1429,4.5,2018,11,V,3,0,1,1,3.359768,1.6015519999999999,0.5,0.143
2018-11-24 15:00:00,2018,1,1,Brighton,Leicester,0.862315,1.12521,0.2362,0.3257,0.4381,14,8,3,3,3,5,9.7917,9.6,2018,11,N,1,1,2,0,1.9875250000000002,-0.262895,0.214,0.375
2018-11-24 17:30:00,2018,3,1,Tottenham,Chelsea,3.34649,0.962804,0.867,0.0913,0.0417,18,13,9,2,7,8,6.2963,10.8,2018,11,V,3,0,4,2,4.309294,2.383686,0.5,0.154
2018-11-25 13:30:00,2018,1,2,Bournemouth,Arsenal,0.650884,1.71044,0.1067,0.2207,0.6726,11,20,5,4,6,16,9.1818,19.7333,2018,11,D,0,3,3,-1,2.3613239999999998,-1.059556,0.455,0.2
2018-11-25 16:00:00,2018,0,2,Wolverhampton Wanderers,Huddersfield,0.701036,0.627281,0.3227,0.3892,0.2881,12,14,3,6,5,5,8.3103,15.1,2018,11,D,0,3,2,-2,1.328317,0.07375500000000001,0.25,0.429
2018-11-26 20:00:00,2018,1,2,Burnley,Newcastle United,1.49487,1.67701,0.2938,0.2962,0.41,14,17,4,3,10,3,11.9677,14.5789,2018,11,D,0,3,3,-1,3.17188,-0.18213999999999997,0.286,0.176
2018-11-30 20:00:00,2018,2,1,Cardiff,Wolverhampton Wanderers,1.09264,0.987623,0.3693,0.3331,0.2976,17,15,3,4,5,7,5.6818,9.1111,2018,11,V,3,0,3,1,2.080263,0.10501700000000003,0.176,0.267
2018-12-01 15:00:00,2018,0,3,Newcastle United,West Ham,1.12583,2.62697,0.0892,0.1511,0.7597,16,7,4,4,9,3,17.625,9.5789,2018,12,D,0,3,3,-3,3.7528,-1.50114,0.25,0.571
2018-12-01 15:00:00,2018,3,1,Manchester City,Bournemouth,2.83557,0.715009,0.8811,0.0946,0.0243,16,4,6,1,10,6,27.855400000000003,6.2083,2018,12,V,3,0,4,2,3.550579,2.1205610000000004,0.375,0.25
2018-12-01 15:00:00,2018,2,0,Leicester,Watford,1.41758,1.19923,0.4217,0.3121,0.2662,7,8,3,0,1,9,6.5238,17.1875,2018,12,V,3,0,2,2,2.61681,0.21835000000000004,0.429,0.0
2018-12-01 15:00:00,2018,1,2,Huddersfield,Brighton,0.558083,1.67998,0.0821,0.2179,0.7,7,14,2,6,0,6,7.4286,16.7,2018,12,D,0,3,3,-1,2.238063,-1.1218970000000001,0.286,0.429
2018-12-01 15:00:00,2018,2,0,Crystal Palace,Burnley,2.03785,0.302477,0.7991,0.1644,0.0365,29,4,9,0,10,2,11.1304,13.6923,2018,12,V,3,0,2,2,2.3403270000000003,1.735373,0.31,0.0
2018-12-01 17:30:00,2018,2,2,Southampton,Manchester United,0.623954,0.904803,0.2378,0.3472,0.415,16,11,6,5,6,5,7.9474,12.1379,2018,12,N,1,1,4,0,1.5287570000000001,-0.280849,0.375,0.455
2018-12-02 12:00:00,2018,2,0,Chelsea,Fulham,2.17105,0.285256,0.8578,0.1156,0.0266,16,9,9,4,5,3,13.7353,6.1,2018,12,V,3,0,2,2,2.456306,1.8857940000000002,0.562,0.444
2018-12-02 14:05:00,2018,4,2,Arsenal,Tottenham,2.71421,1.0926,0.7844,0.1577,0.0579,22,11,7,6,9,1,9.5161,6.5926,2018,12,V,3,0,6,2,3.80681,1.62161,0.318,0.545
2018-12-02 16:15:00,2018,1,0,Liverpool,Everton,3.07574,1.23014,0.8327,0.1232,0.0441,16,9,3,3,8,5,16.9444,6.1176,2018,12,V,3,0,1,1,4.30588,1.8456000000000001,0.188,0.333
2018-12-04 19:45:00,2018,3,1,Brighton,Crystal Palace,1.2521,1.5329,0.2553,0.3291,0.4156,9,18,3,5,2,11,7.3158,15.3158,2018,12,V,3,0,4,2,2.785,-0.28079999999999994,0.333,0.278
2018-12-04 19:45:00,2018,2,1,Bournemouth,Huddersfield,1.07393,1.5631,0.2537,0.2673,0.479,6,23,2,6,3,9,4.9333,17.0625,2018,12,V,3,0,3,1,2.63703,-0.4891699999999999,0.333,0.261
2018-12-04 19:45:00,2018,3,1,West Ham,Cardiff,1.57488,1.93448,0.25,0.261,0.489,17,9,11,5,10,2,10.28,6.2,2018,12,V,3,0,4,2,3.50936,-0.3595999999999999,0.647,0.556
2018-12-04 20:00:00,2018,1,2,Watford,Manchester City,1.672,2.51933,0.1896,0.2258,0.5846,11,15,7,7,7,14,6.9524,24.328687499999997,2018,12,D,0,3,3,-1,4.19133,-0.8473300000000001,0.636,0.467
2018-12-05 19:45:00,2018,2,1,Wolverhampton Wanderers,Chelsea,0.682893,1.10702,0.2113,0.3358,0.4529,6,17,2,3,3,5,7.1364,12.0,2018,12,V,3,0,3,1,1.7899129999999999,-0.4241269999999999,0.333,0.176
2018-12-05 19:45:00,2018,1,1,Fulham,Leicester,1.47593,1.21575,0.426,0.2754,0.2986,25,13,7,5,7,2,8.1538,12.5,2018,12,N,1,1,2,0,2.69168,0.26017999999999986,0.28,0.385
2018-12-05 19:45:00,2018,1,3,Burnley,Liverpool,1.05809,2.73897,0.0244,0.1313,0.8443,10,18,6,12,7,14,9.6667,22.25,2018,12,D,0,3,4,-2,3.79706,-1.6808800000000002,0.6,0.667
2018-12-05 19:45:00,2018,1,1,Everton,Newcastle United,2.10943,1.52214,0.5162,0.2609,0.2229,19,8,3,5,5,4,12.2963,6.375,2018,12,N,1,1,2,0,3.63157,0.5872900000000001,0.158,0.625
2018-12-05 20:00:00,2018,2,2,Manchester United,Arsenal,1.33679,1.73226,0.2426,0.2908,0.4666,10,9,7,4,4,10,18.1429,7.6923,2018,12,N,1,1,4,0,3.06905,-0.39547,0.7,0.444
2018-12-05 20:00:00,2018,3,1,Tottenham,Southampton,1.73642,1.82434,0.3475,0.2661,0.3864,13,18,8,5,5,7,15.95,17.2143,2018,12,V,3,0,4,2,3.56076,-0.08792,0.615,0.278
2018-12-08 12:30:00,2018,0,4,Bournemouth,Liverpool,0.279142,1.80619,0.016,0.1081,0.8759,8,10,2,4,4,9,10.8095,13.7083,2018,12,D,0,3,4,-4,2.085332,-1.527048,0.25,0.4
2018-12-08 15:00:00,2018,3,2,West Ham,Crystal Palace,1.53635,0.934613,0.5337,0.2817,0.1846,13,8,6,4,4,4,10.2857,12.3,2018,12,V,3,0,5,1,2.4709630000000002,0.6017370000000001,0.462,0.5
2018-12-08 15:00:00,2018,4,1,Manchester United,Fulham,3.15444,1.23251,0.8132,0.1297,0.0571,20,10,11,4,10,5,16.3043,6.2759,2018,12,V,3,0,5,3,4.386950000000001,1.9219300000000001,0.55,0.4
2018-12-08 15:00:00,2018,1,0,Cardiff,Southampton,1.55832,0.501128,0.6637,0.231,0.1053,13,12,4,1,7,1,3.8636,15.3333,2018,12,V,3,0,1,1,2.0594479999999997,1.057192,0.308,0.083
2018-12-08 15:00:00,2018,1,0,Burnley,Brighton,1.81251,0.951507,0.6084,0.2396,0.152,14,14,4,1,8,3,9.375,14.75,2018,12,V,3,0,1,1,2.764017,0.8610030000000001,0.286,0.071
2018-12-08 15:00:00,2018,1,0,Arsenal,Huddersfield,2.02156,0.308361,0.8359,0.1318,0.0323,14,6,2,0,8,2,10.6207,5.5833,2018,12,V,3,0,1,1,2.329921,1.713199,0.143,0.0
2018-12-08 17:30:00,2018,2,0,Chelsea,Manchester City,0.526329,0.740048,0.2289,0.4037,0.3674,8,14,5,4,3,11,8.3429,17.5652,2018,12,V,3,0,2,2,1.266377,-0.213719,0.625,0.286
2018-12-08 19:45:00,2018,0,2,Leicester,Tottenham,0.357742,0.917968,0.101,0.3388,0.5602,11,7,3,2,2,9,10.4091,15.1818,2018,12,D,0,3,2,-2,1.2757100000000001,-0.560226,0.273,0.286
2018-12-09 16:00:00,2018,1,2,Newcastle United,Wolverhampton Wanderers,0.4601,1.57799,0.0801,0.2073,0.7126,12,13,4,6,5,3,17.6,18.0,2018,12,D,0,3,3,-1,2.03809,-1.11789,0.333,0.462
2018-12-10 20:00:00,2018,2,2,Everton,Watford,1.72686,1.63043,0.3873,0.2781,0.3346,12,15,5,3,9,5,7.3571,7.15,2018,12,N,1,1,4,0,3.35729,0.09643000000000002,0.417,0.2
2018-12-15 12:30:00,2018,3,1,Manchester City,Everton,1.79848,1.6235,0.4129,0.2665,0.3206,13,9,5,2,6,4,24.1765,8.6667,2018,12,V,3,0,4,2,3.42198,0.17498000000000014,0.385,0.222
2018-12-15 15:00:00,2018,2,0,Wolverhampton Wanderers,Bournemouth,2.02223,0.52685,0.8068,0.1426,0.0506,10,13,4,3,3,4,20.0,15.2308,2018,12,V,3,0,2,2,2.54908,1.49538,0.4,0.231
2018-12-15 15:00:00,2018,3,2,Watford,Cardiff,1.64998,0.485768,0.6894,0.2197,0.0909,17,10,8,3,11,2,23.8,5.625,2018,12,V,3,0,5,1,2.135748,1.164212,0.471,0.3
2018-12-15 15:00:00,2018,1,0,Tottenham,Burnley,1.74625,0.451196,0.7347,0.1986,0.0667,15,4,3,0,11,4,18.1667,7.0714,2018,12,V,3,0,1,1,2.1974460000000002,1.2950540000000001,0.2,0.0
2018-12-15 15:00:00,2018,0,1,Huddersfield,Newcastle United,0.671382,0.931041,0.2285,0.3454,0.4261,15,8,5,5,7,3,18.75,4.2083,2018,12,D,0,3,1,-1,1.602423,-0.259659,0.333,0.625
2018-12-15 15:00:00,2018,1,0,Crystal Palace,Leicester,0.39698,0.895305,0.1453,0.367,0.4877,8,12,1,2,6,4,6.8621,8.2424,2018,12,V,3,0,1,1,1.2922850000000001,-0.498325,0.125,0.167
2018-12-15 17:30:00,2018,0,2,Fulham,West Ham,1.03424,0.75325,0.4155,0.3443,0.2402,16,6,4,3,4,7,11.8182,8.1304,2018,12,D,0,3,2,-2,1.78749,0.2809900000000001,0.25,0.5
2018-12-16 13:30:00,2018,3,2,Southampton,Arsenal,1.21163,1.85763,0.1931,0.2571,0.5498,12,13,7,4,2,7,8.8333,13.5161,2018,12,V,3,0,5,1,3.06926,-0.6459999999999999,0.583,0.308
2018-12-16 13:30:00,2018,1,2,Brighton,Chelsea,0.26126,1.6111,0.0305,0.1689,0.8006,6,10,2,3,2,3,15.05,13.7857,2018,12,D,0,3,3,-1,1.87236,-1.34984,0.333,0.3
2018-12-16 16:00:00,2018,3,1,Liverpool,Manchester United,2.60435,0.658049,0.8365,0.1248,0.0387,36,6,11,2,12,2,14.4706,8.5882,2018,12,V,3,0,4,2,3.2623990000000003,1.946301,0.306,0.333
2018-12-21 20:00:00,2018,0,2,Wolverhampton Wanderers,Liverpool,0.763821,2.16356,0.0939,0.1736,0.7325,11,15,5,6,3,10,15.2667,14.1538,2018,12,D,0,3,2,-2,2.927381,-1.3997389999999998,0.455,0.4
2018-12-22 12:30:00,2018,3,1,Arsenal,Burnley,1.4656,1.03237,0.4621,0.3058,0.2321,11,7,6,2,9,4,13.6,8.0,2018,12,V,3,0,4,2,2.49797,0.43323,0.545,0.286
2018-12-22 15:00:00,2018,0,2,West Ham,Watford,2.06507,2.32983,0.3177,0.2394,0.4429,18,11,7,5,6,9,8.0435,6.7917,2018,12,D,0,3,2,-2,4.3949,-0.2647599999999999,0.389,0.455
2018-12-22 15:00:00,2018,0,0,Newcastle United,Fulham,0.289508,0.245408,0.2016,0.6266,0.1718,9,4,0,2,7,5,17.625,8.875,2018,12,N,1,1,0,0,0.534916,0.0441,0.0,0.5
2018-12-22 15:00:00,2018,2,3,Manchester City,Crystal Palace,1.27118,1.14609,0.3514,0.3252,0.3234,19,5,5,3,16,0,24.25,4.4,2018,12,D,0,3,5,-1,2.4172700000000003,0.12508999999999992,0.263,0.6
2018-12-22 15:00:00,2018,1,3,Huddersfield,Southampton,1.0038,2.60172,0.0728,0.1483,0.7789,16,13,5,6,8,6,15.1053,4.2121,2018,12,D,0,3,4,-2,3.60552,-1.5979199999999998,0.312,0.462
2018-12-22 15:00:00,2018,0,1,Chelsea,Leicester,2.40458,0.456492,0.8557,0.1102,0.0341,17,8,5,3,10,5,16.55,4.6087,2018,12,D,0,3,1,-1,2.861072,1.9480880000000003,0.294,0.375
2018-12-22 15:00:00,2018,2,0,Bournemouth,Brighton,0.892502,0.825478,0.3478,0.3434,0.3088,14,10,3,5,10,6,10.5172,10.3684,2018,12,V,3,0,2,2,1.71798,0.06702399999999997,0.214,0.5
2018-12-22 17:30:00,2018,1,5,Cardiff,Manchester United,1.27173,2.72523,0.0866,0.1746,0.7388,9,17,3,9,1,10,4.1429,20.2778,2018,12,D,0,3,6,-4,3.9969599999999996,-1.4534999999999998,0.333,0.529
2018-12-23 16:00:00,2018,2,6,Everton,Tottenham,1.00121,2.55514,0.0787,0.1584,0.7629,10,17,3,8,3,5,10.65,14.8929,2018,12,D,0,3,8,-4,3.55635,-1.5539300000000003,0.3,0.471
2018-12-26 12:30:00,2018,1,1,Fulham,Wolverhampton Wanderers,1.2769,1.35896,0.304,0.3214,0.3746,11,14,5,5,4,2,7.8947,21.6,2018,12,N,1,1,2,0,2.63586,-0.08206000000000002,0.455,0.357
2018-12-26 15:00:00,2018,5,0,Tottenham,Bournemouth,2.23457,1.21736,0.6496,0.2215,0.1289,10,14,7,4,8,9,16.96,17.6667,2018,12,V,3,0,5,5,3.45193,1.0172100000000002,0.7,0.286
2018-12-26 15:00:00,2018,3,1,Manchester United,Huddersfield,1.79848,1.40594,0.4581,0.2864,0.2555,16,10,10,2,9,5,14.5217,6.9583,2018,12,V,3,0,4,2,3.20442,0.3925400000000001,0.625,0.2
2018-12-26 15:00:00,2018,4,0,Liverpool,Newcastle United,3.24988,0.456309,0.9522,0.039,0.0088,16,6,8,2,19,0,24.7778,4.6,2018,12,V,3,0,4,4,3.706189,2.793571,0.5,0.333
2018-12-26 15:00:00,2018,2,1,Leicester,Manchester City,1.55714,1.34781,0.4097,0.2791,0.3112,10,11,5,4,6,20,6.2,24.328687499999997,2018,12,V,3,0,3,1,2.90495,0.20933000000000002,0.5,0.364
2018-12-26 15:00:00,2018,0,0,Crystal Palace,Cardiff,2.43202,1.05926,0.6924,0.1858,0.1218,31,9,5,4,18,5,11.7,8.9167,2018,12,N,1,1,0,0,3.49128,1.37276,0.161,0.444
2018-12-26 15:00:00,2018,1,5,Burnley,Everton,1.88646,1.8875,0.3577,0.2966,0.3457,11,13,4,6,3,6,12.625,10.0435,2018,12,D,0,3,6,-4,3.7739599999999998,-0.0010399999999999299,0.364,0.462
2018-12-26 17:15:00,2018,1,1,Brighton,Arsenal,1.38502,0.789138,0.544,0.314,0.142,12,7,3,4,8,10,14.4545,19.7083,2018,12,N,1,1,2,0,2.174158,0.5958819999999999,0.25,0.571
2018-12-26 19:30:00,2018,1,2,Watford,Chelsea,1.24414,2.1956,0.1425,0.2192,0.6383,11,10,2,4,7,8,13.4,14.8846,2018,12,D,0,3,3,-1,3.4397400000000005,-0.9514600000000002,0.182,0.4
2018-12-27 19:45:00,2018,1,2,Southampton,West Ham,1.28665,1.26973,0.3432,0.3622,0.2946,11,16,5,5,6,6,8.1111,10.5,2018,12,D,0,3,3,-1,2.55638,0.016920000000000046,0.455,0.312
2018-12-29 15:00:00,2018,1,1,Watford,Newcastle United,1.05566,0.661713,0.4304,0.3561,0.2135,12,8,5,2,11,3,12.8077,6.8182,2018,12,N,1,1,2,0,1.717373,0.39394700000000005,0.417,0.25
2018-12-29 15:00:00,2018,1,3,Tottenham,Wolverhampton Wanderers,0.277704,1.20867,0.0684,0.2722,0.6594,10,11,3,4,3,5,27.855400000000003,9.0769,2018,12,D,0,3,4,-2,1.4863739999999999,-0.930966,0.3,0.364
2018-12-29 15:00:00,2018,0,1,Leicester,Cardiff,1.51648,0.493212,0.6872,0.2287,0.0841,16,12,7,3,9,3,9.0741,7.5385,2018,12,D,0,3,1,-1,2.0096920000000003,1.023268,0.438,0.25
2018-12-29 15:00:00,2018,1,0,Fulham,Huddersfield,1.72386,0.276791,0.8099,0.1524,0.0377,14,9,5,5,5,5,16.0833,18.3158,2018,12,V,3,0,1,1,2.000651,1.447069,0.357,0.556
2018-12-29 15:00:00,2018,1,0,Brighton,Everton,1.60311,0.655851,0.6497,0.2319,0.1184,11,13,3,4,4,5,13.0,9.2308,2018,12,V,3,0,1,1,2.258961,0.9472590000000001,0.273,0.308
2018-12-29 17:30:00,2018,5,1,Liverpool,Arsenal,3.7053,1.08186,0.9334,0.0538,0.0128,15,8,10,2,12,6,9.3871,13.7857,2018,12,V,3,0,6,4,4.78716,2.6234399999999996,0.667,0.25
2018-12-30 12:00:00,2018,0,1,Crystal Palace,Chelsea,0.199002,0.741471,0.0869,0.4294,0.4837,4,12,0,4,2,6,8.3704,24.328687499999997,2018,12,D,0,3,1,-1,0.940473,-0.542469,0.0,0.333
2018-12-30 14:15:00,2018,1,3,Southampton,Manchester City,0.221381,2.96802,0.0081,0.0472,0.9447,5,14,4,6,4,12,7.4375,24.328687499999997,2018,12,D,0,3,4,-2,3.189401,-2.746639,0.8,0.429
2018-12-30 14:15:00,2018,2,0,Burnley,West Ham,2.89884,0.656044,0.8832,0.0875,0.0293,17,11,5,4,9,3,10.8667,7.4375,2018,12,V,3,0,2,2,3.554884,2.242796,0.294,0.364
2018-12-30 16:30:00,2018,4,1,Manchester United,Bournemouth,3.41874,0.705549,0.9448,0.0434,0.0118,11,7,8,3,10,3,27.855400000000003,11.1053,2018,12,V,3,0,5,3,4.124289,2.713191,0.727,0.429
2019-01-01 12:30:00,2018,0,1,Everton,Leicester,0.871304,0.644144,0.3767,0.3704,0.2529,17,8,2,4,10,2,14.7222,5.6452,2019,1,D,0,3,1,-1,1.5154480000000001,0.22715999999999992,0.118,0.5
2019-01-01 15:00:00,2018,4,1,Arsenal,Fulham,4.43325,1.71312,0.8899,0.0727,0.0374,16,9,9,4,21,5,12.5417,10.75,2019,1,V,3,0,5,3,6.14637,2.72013,0.562,0.444
2019-01-01 17:30:00,2018,0,3,Cardiff,Tottenham,1.0789,1.38282,0.2456,0.3529,0.4015,5,13,3,4,4,4,12.5455,24.328687499999997,2019,1,D,0,3,3,-3,2.4617199999999997,-0.30391999999999997,0.6,0.308
2019-01-02 19:45:00,2018,0,2,Wolverhampton Wanderers,Crystal Palace,0.656255,1.94658,0.0669,0.1954,0.7377,9,17,1,4,2,3,14.2273,10.5,2019,1,D,0,3,2,-2,2.602835,-1.290325,0.111,0.235
2019-01-02 19:45:00,2018,2,2,West Ham,Brighton,0.639356,0.686806,0.2824,0.398,0.3196,13,13,6,6,4,2,10.4444,11.5263,2019,1,N,1,1,4,0,1.326162,-0.04744999999999999,0.462,0.462
2019-01-02 19:45:00,2018,1,2,Huddersfield,Burnley,0.621818,2.66309,0.0374,0.1019,0.8607,9,16,2,8,1,7,6.913,19.0,2019,1,D,0,3,3,-1,3.2849079999999997,-2.041272,0.222,0.5
2019-01-02 19:45:00,2018,0,0,Chelsea,Southampton,0.850791,0.158168,0.5363,0.4009,0.0628,17,6,6,2,7,0,13.0,7.4118,2019,1,N,1,1,0,0,1.008959,0.692623,0.353,0.333
2019-01-02 19:45:00,2018,3,3,Bournemouth,Watford,2.84828,0.977046,0.8085,0.1335,0.058,25,11,12,3,9,9,17.6667,11.2941,2019,1,N,1,1,6,0,3.825326,1.8712339999999998,0.48,0.273
2019-01-02 20:00:00,2018,0,2,Newcastle United,Manchester United,0.691878,2.6754,0.0437,0.1078,0.8485,14,16,3,7,6,10,10.7059,17.9583,2019,1,D,0,3,2,-2,3.3672779999999998,-1.9835219999999998,0.214,0.438
2019-01-03 20:00:00,2018,2,1,Manchester City,Liverpool,1.00357,1.3801,0.2479,0.2928,0.4593,9,7,4,5,9,8,25.9286,10.7576,2019,1,V,3,0,3,1,2.3836700000000004,-0.37653000000000003,0.444,0.714
2019-01-12 12:30:00,2018,1,0,West Ham,Arsenal,0.669394,0.685895,0.2969,0.3992,0.3039,11,11,3,2,7,8,9.95,13.5385,2019,1,V,3,0,1,1,1.355289,-0.016500999999999988,0.273,0.182
2019-01-12 15:00:00,2018,1,2,Leicester,Southampton,1.75983,1.41659,0.4491,0.2858,0.2651,23,8,6,3,12,3,10.3889,4.9444,2019,1,D,0,3,3,-1,3.1764200000000002,0.34324,0.261,0.375
2019-01-12 15:00:00,2018,1,2,Crystal Palace,Watford,1.1617,1.56262,0.263,0.2643,0.4727,15,16,6,2,8,4,9.8421,8.2,2019,1,D,0,3,3,-1,2.7243199999999996,-0.40091999999999994,0.4,0.125
2019-01-12 15:00:00,2018,0,0,Cardiff,Huddersfield,0.124558,0.39468,0.0799,0.6146,0.3055,3,14,0,2,0,7,5.0,7.0,2019,1,N,1,1,0,0,0.519238,-0.270122,0.0,0.143
2019-01-12 15:00:00,2018,2,1,Burnley,Fulham,0.809801,0.903255,0.2905,0.3669,0.3426,11,12,1,4,3,2,10.6316,13.28,2019,1,V,3,0,3,1,1.713056,-0.09345400000000004,0.091,0.333
2019-01-12 15:00:00,2018,0,1,Brighton,Liverpool,0.384198,2.2665,0.023,0.1003,0.8767,7,10,0,3,4,16,15.9,23.7895,2019,1,D,0,3,1,-1,2.650698,-1.8823020000000001,0.0,0.3
2019-01-12 17:30:00,2018,2,1,Chelsea,Newcastle United,1.32355,0.395148,0.6344,0.2725,0.0931,10,9,6,2,7,5,15.0,8.8636,2019,1,V,3,0,3,1,1.718698,0.928402,0.6,0.222
2019-01-13 14:15:00,2018,2,0,Everton,Bournemouth,1.7814,1.52828,0.4406,0.2567,0.3027,15,16,3,7,6,8,11.1111,6.1071,2019,1,V,3,0,2,2,3.30968,0.25312,0.2,0.438
2019-01-13 16:30:00,2018,0,1,Tottenham,Manchester United,1.80359,0.957777,0.5867,0.2316,0.1817,21,13,11,8,15,2,20.25,6.2759,2019,1,D,0,3,1,-1,2.761367,0.845813,0.524,0.615
2019-01-14 20:00:00,2018,3,0,Manchester City,Wolverhampton Wanderers,3.11947,0.0985446,0.981,0.0181,0.0009,24,3,9,0,21,1,27.855400000000003,6.0769,2019,1,V,3,0,3,3,3.2180146,3.0209254000000003,0.375,0.0
2019-01-19 12:30:00,2018,4,3,Wolverhampton Wanderers,Leicester,2.21719,1.33831,0.6009,0.2099,0.1892,12,16,7,6,8,9,8.9091,9.125,2019,1,V,3,0,7,1,3.5555000000000003,0.8788799999999999,0.583,0.375
2019-01-19 15:00:00,2018,0,0,Watford,Burnley,1.06981,1.97256,0.1581,0.2318,0.6101,9,12,4,3,7,8,12.5,6.7143,2019,1,N,1,1,0,0,3.04237,-0.9027500000000002,0.444,0.25
2019-01-19 15:00:00,2018,2,1,Southampton,Everton,1.06009,1.31169,0.2707,0.2944,0.4349,11,7,4,2,4,9,7.5,8.0,2019,1,V,3,0,3,1,2.37178,-0.25160000000000005,0.364,0.286
2019-01-19 15:00:00,2018,3,0,Newcastle United,Cardiff,2.518,0.255727,0.93,0.0597,0.0103,16,9,6,1,7,9,9.4,5.3913,2019,1,V,3,0,3,3,2.7737269999999996,2.262273,0.375,0.111
2019-01-19 15:00:00,2018,2,1,Manchester United,Brighton,2.64005,0.635111,0.8583,0.107,0.0347,20,7,5,3,5,2,17.2941,17.75,2019,1,V,3,0,3,1,3.2751609999999998,2.0049390000000002,0.25,0.429
2019-01-19 15:00:00,2018,4,3,Liverpool,Crystal Palace,2.8299,0.695213,0.8844,0.087,0.0286,19,9,9,3,14,3,27.855400000000003,6.2593,2019,1,V,3,0,7,1,3.5251129999999997,2.134687,0.474,0.333
2019-01-19 15:00:00,2018,2,0,Bournemouth,West Ham,1.24835,0.971813,0.4159,0.3387,0.2454,10,9,4,1,3,6,11.4706,15.85,2019,1,V,3,0,2,2,2.2201630000000003,0.27653700000000003,0.4,0.111
2019-01-19 17:30:00,2018,2,0,Arsenal,Chelsea,2.09412,0.755304,0.7194,0.1851,0.0955,13,13,5,1,5,19,6.3125,9.6176,2019,1,V,3,0,2,2,2.849424,1.3388160000000002,0.385,0.077
2019-01-20 13:30:00,2018,0,3,Huddersfield,Manchester City,0.764264,2.01376,0.0793,0.2075,0.7132,5,12,2,4,1,13,9.2778,21.2222,2019,1,D,0,3,3,-3,2.7780240000000003,-1.249496,0.4,0.333
2019-01-20 16:00:00,2018,1,2,Fulham,Tottenham,0.937902,1.93316,0.1402,0.2116,0.6482,12,14,4,5,5,13,6.1,21.0,2019,1,D,0,3,3,-1,2.8710620000000002,-0.995258,0.333,0.357
2019-01-29 19:45:00,2018,3,0,Wolverhampton Wanderers,West Ham,2.0363,0.130179,0.873,0.1141,0.0129,20,4,9,0,7,4,13.35,11.9444,2019,1,V,3,0,3,3,2.1664790000000003,1.9061210000000002,0.45,0.0
2019-01-29 19:45:00,2018,0,1,Huddersfield,Everton,0.73078,1.05995,0.2139,0.3407,0.4454,10,10,2,5,2,3,10.0357,9.8095,2019,1,D,0,3,1,-1,1.79073,-0.32916999999999996,0.2,0.5
2019-01-29 19:45:00,2018,4,2,Fulham,Brighton,3.46113,2.36867,0.6302,0.1896,0.1802,24,15,8,6,6,5,16.7273,9.8421,2019,1,V,3,0,6,2,5.8298,1.09246,0.333,0.4
2019-01-29 19:45:00,2018,2,1,Arsenal,Cardiff,2.69339,0.597893,0.8655,0.099,0.0355,15,19,4,2,21,2,27.855400000000003,7.3571,2019,1,V,3,0,3,1,3.291283,2.095497,0.267,0.105
2019-01-29 20:00:00,2018,2,2,Manchester United,Burnley,3.23417,0.934603,0.8756,0.0929,0.0315,28,6,9,4,16,2,17.95,7.3571,2019,1,N,1,1,4,0,4.168773,2.299567,0.321,0.667
2019-01-29 20:00:00,2018,2,1,Newcastle United,Manchester City,0.992326,1.33896,0.2475,0.3338,0.4187,7,12,2,4,2,11,4.4583,21.2632,2019,1,V,3,0,3,1,2.331286,-0.3466339999999999,0.286,0.333
2019-01-30 19:45:00,2018,4,0,Bournemouth,Chelsea,2.15094,0.718873,0.7485,0.1734,0.0781,12,11,7,7,10,13,9.5714,20.625,2019,1,V,3,0,4,4,2.8698129999999997,1.432067,0.583,0.636
2019-01-30 19:45:00,2018,1,1,Southampton,Crystal Palace,1.33257,1.53294,0.2951,0.284,0.4209,13,15,4,3,6,7,27.1818,5.9063,2019,1,N,1,1,2,0,2.86551,-0.20036999999999994,0.308,0.2
2019-01-30 20:00:00,2018,2,1,Tottenham,Watford,1.36248,0.479838,0.6509,0.2545,0.0946,17,9,3,1,11,3,16.6111,7.4706,2019,1,V,3,0,3,1,1.842318,0.8826419999999999,0.176,0.111
2019-01-30 20:00:00,2018,1,1,Liverpool,Leicester,0.576336,1.1272,0.1553,0.3129,0.5318,10,5,3,2,12,6,25.5625,4.3548,2019,1,N,1,1,2,0,1.703536,-0.550864,0.3,0.4
2019-02-02 12:30:00,2018,1,0,Tottenham,Newcastle United,3.10409,0.400152,0.9411,0.0473,0.0116,21,8,4,2,12,0,23.5714,8.7059,2019,2,V,3,0,1,1,3.5042419999999996,2.703938,0.19,0.25
2019-02-02 15:00:00,2018,1,3,Everton,Wolverhampton Wanderers,1.36252,1.85729,0.2284,0.2697,0.5019,13,8,4,4,6,2,12.4167,7.0952,2019,2,D,0,3,4,-2,3.21981,-0.49477000000000015,0.308,0.5
2019-02-02 15:00:00,2018,2,0,Crystal Palace,Fulham,2.19582,0.560836,0.8331,0.1324,0.0345,17,8,6,0,7,2,11.7143,14.2222,2019,2,V,3,0,2,2,2.756656,1.6349839999999998,0.353,0.0
2019-02-02 15:00:00,2018,5,0,Chelsea,Huddersfield,2.94236,0.260391,0.9474,0.0465,0.0061,23,5,7,2,19,1,21.5789,7.6061,2019,2,V,3,0,5,5,3.2027509999999997,2.681969,0.304,0.4
2019-02-02 15:00:00,2018,1,1,Burnley,Southampton,2.00175,0.787747,0.6988,0.2056,0.0956,15,10,6,4,9,4,7.7857,9.75,2019,2,N,1,1,2,0,2.789497,1.214003,0.4,0.4
2019-02-02 15:00:00,2018,0,0,Brighton,Watford,1.83528,0.279297,0.7904,0.17,0.0396,21,5,4,0,8,4,9.8,5.5882,2019,2,N,1,1,0,0,2.114577,1.555983,0.19,0.0
2019-02-02 17:30:00,2018,2,0,Cardiff,Bournemouth,2.53093,0.35199,0.9113,0.073,0.0157,12,9,5,2,5,9,4.6111,14.4545,2019,2,V,3,0,2,2,2.8829200000000004,2.17894,0.417,0.222
2019-02-03 14:05:00,2018,0,1,Leicester,Manchester United,1.40067,1.49717,0.3341,0.2808,0.3851,17,10,6,6,8,4,11.8125,11.4615,2019,2,D,0,3,1,-1,2.89784,-0.09649999999999981,0.353,0.6
2019-02-03 16:30:00,2018,3,1,Manchester City,Arsenal,3.03102,0.703542,0.9499,0.0446,0.0055,19,4,12,2,22,3,15.65,8.7,2019,2,V,3,0,4,2,3.734562,2.3274779999999997,0.632,0.5
2019-02-04 20:00:00,2018,1,1,West Ham,Liverpool,0.791319,1.12475,0.2378,0.3212,0.441,13,11,2,6,6,5,4.7826,17.0,2019,2,N,1,1,2,0,1.9160689999999998,-0.3334309999999999,0.154,0.545
2019-02-06 19:45:00,2018,0,2,Everton,Manchester City,0.111559,2.60922,0.0028,0.0398,0.9574,4,15,1,4,4,15,8.0,15.65,2019,2,D,0,3,2,-2,2.7207790000000003,-2.497661,0.25,0.267
2019-02-09 12:30:00,2018,0,3,Fulham,Manchester United,2.18741,2.13209,0.3899,0.256,0.3541,15,15,3,7,4,17,14.5556,7.7931,2019,2,D,0,3,3,-3,4.3195,0.055320000000000036,0.2,0.467
2019-02-09 15:00:00,2018,1,1,Crystal Palace,West Ham,2.68412,1.74711,0.5987,0.2197,0.1816,25,6,5,4,19,7,16.375,9.0526,2019,2,N,1,1,2,0,4.43123,0.9370100000000001,0.2,0.667
2019-02-09 15:00:00,2018,1,0,Watford,Everton,1.53311,0.641094,0.6611,0.2365,0.1024,7,9,2,4,7,3,5.6818,6.2703,2019,2,V,3,0,1,1,2.174204,0.8920159999999999,0.286,0.444
2019-02-09 15:00:00,2018,1,2,Southampton,Cardiff,1.70666,0.980673,0.5862,0.3001,0.1137,14,6,7,3,6,3,15.9412,3.7037,2019,2,D,0,3,3,-1,2.687333,0.725987,0.5,0.5
2019-02-09 15:00:00,2018,3,0,Liverpool,Bournemouth,2.53003,0.390995,0.8738,0.0978,0.0284,20,12,9,2,17,5,27.855400000000003,7.1034,2019,2,V,3,0,3,3,2.921025,2.139035,0.45,0.167
2019-02-09 15:00:00,2018,1,2,Huddersfield,Arsenal,1.96816,1.46751,0.5008,0.266,0.2332,16,9,7,4,6,10,9.9545,4.3273,2019,2,D,0,3,3,-1,3.43567,0.5006499999999998,0.438,0.444
2019-02-09 17:30:00,2018,1,3,Brighton,Burnley,1.31614,1.83041,0.2274,0.2599,0.5127,16,9,6,5,9,4,27.855400000000003,9.6364,2019,2,D,0,3,4,-2,3.1465500000000004,-0.51427,0.375,0.556
2019-02-10 13:30:00,2018,3,1,Tottenham,Leicester,1.21144,3.02164,0.0752,0.1331,0.7917,12,20,5,9,5,9,13.0455,9.5909,2019,2,V,3,0,4,2,4.23308,-1.8102,0.417,0.45
2019-02-10 16:00:00,2018,6,0,Manchester City,Chelsea,4.04218,0.901867,0.9439,0.0428,0.0133,15,12,9,4,11,8,22.8095,14.95,2019,2,V,3,0,6,6,4.944047,3.140313,0.6,0.333
2019-02-11 20:00:00,2018,1,1,Wolverhampton Wanderers,Newcastle United,2.30998,0.435263,0.8557,0.113,0.0313,22,9,6,3,6,3,15.0,9.8696,2019,2,N,1,1,2,0,2.745243,1.874717,0.273,0.333
2019-02-22 19:45:00,2018,3,1,West Ham,Fulham,2.72871,1.23555,0.7529,0.1775,0.0696,21,8,7,5,18,4,13.0455,7.0488,2019,2,V,3,0,4,2,3.96426,1.49316,0.333,0.625
2019-02-22 19:45:00,2018,1,5,Cardiff,Watford,1.90045,2.75798,0.1667,0.2325,0.6008,15,12,6,7,5,8,5.625,15.5,2019,2,D,0,3,6,-4,4.65843,-0.8575299999999999,0.4,0.583
2019-02-23 12:30:00,2018,2,1,Burnley,Tottenham,1.08514,0.845211,0.4136,0.3404,0.246,10,17,4,6,4,4,4.2353,11.1304,2019,2,V,3,0,3,1,1.930351,0.23992899999999995,0.4,0.353
2019-02-23 15:00:00,2018,2,0,Newcastle United,Huddersfield,3.03313,0.133934,0.9536,0.0412,0.0052,29,3,12,0,14,2,27.855400000000003,12.3913,2019,2,V,3,0,2,2,3.167064,2.899196,0.414,0.0
2019-02-23 15:00:00,2018,1,1,Bournemouth,Wolverhampton Wanderers,2.13291,1.20286,0.6443,0.2451,0.1106,10,10,3,2,6,3,6.2593,9.8333,2019,2,N,1,1,2,0,3.33577,0.9300499999999998,0.3,0.2
2019-02-23 17:30:00,2018,1,4,Leicester,Crystal Palace,0.946697,1.57739,0.1775,0.2585,0.564,27,7,5,5,8,3,15.1176,7.9048,2019,2,D,0,3,5,-3,2.524087,-0.6306930000000001,0.185,0.714
2019-02-24 14:05:00,2018,0,0,Manchester United,Liverpool,0.474869,0.380519,0.2798,0.5016,0.2186,6,7,3,1,5,10,5.9677,12.72,2019,2,N,1,1,0,0,0.855388,0.09434999999999999,0.5,0.143
2019-02-24 14:05:00,2018,2,0,Arsenal,Southampton,2.35088,0.613167,0.8272,0.1262,0.0466,12,10,4,4,19,2,11.7143,11.5385,2019,2,V,3,0,2,2,2.964047,1.737713,0.333,0.4
2019-02-26 19:45:00,2018,2,1,Leicester,Brighton,1.92171,1.20566,0.5573,0.236,0.2067,19,15,3,3,11,6,27.855400000000003,15.125,2019,2,V,3,0,3,1,3.12737,0.7160500000000001,0.158,0.2
2019-02-26 19:45:00,2018,1,0,Huddersfield,Wolverhampton Wanderers,1.46224,0.573166,0.6423,0.2569,0.1008,15,7,3,0,6,1,14.9375,8.1538,2019,2,V,3,0,1,1,2.035406,0.889074,0.2,0.0
2019-02-26 19:45:00,2018,0,3,Cardiff,Everton,0.219359,1.14212,0.0617,0.2932,0.6451,6,12,0,4,5,5,4.8889,8.3438,2019,2,D,0,3,3,-3,1.361479,-0.922761,0.0,0.333
2019-02-26 20:00:00,2018,2,0,Newcastle United,Burnley,1.70312,1.74201,0.3377,0.2839,0.3784,13,12,3,2,4,7,11.9474,11.3529,2019,2,V,3,0,2,2,3.44513,-0.03889000000000009,0.231,0.167
2019-02-27 19:45:00,2018,5,1,Arsenal,Bournemouth,3.18716,0.88618,0.8694,0.0909,0.0397,16,13,7,5,13,7,19.6316,12.9333,2019,2,V,3,0,6,4,4.07334,2.30098,0.438,0.385
2019-02-27 19:45:00,2018,2,0,Southampton,Fulham,1.15823,0.798715,0.4445,0.3206,0.2349,14,14,4,4,6,4,11.3333,11.3,2019,2,V,3,0,2,2,1.9569450000000002,0.35951500000000014,0.286,0.286
2019-02-27 20:00:00,2018,1,3,Crystal Palace,Manchester United,1.69334,1.54089,0.4075,0.2706,0.3219,17,13,2,4,2,5,9.2727,14.9444,2019,2,D,0,3,4,-2,3.23423,0.15244999999999997,0.118,0.308
2019-02-27 20:00:00,2018,2,0,Chelsea,Tottenham,0.625978,0.722229,0.2461,0.3949,0.359,11,9,1,0,5,6,7.6364,16.8421,2019,2,V,3,0,2,2,1.348207,-0.09625099999999998,0.091,0.0
2019-02-27 20:00:00,2018,1,0,Manchester City,West Ham,3.67741,0.400125,0.9834,0.0149,0.0017,20,2,7,1,24,3,27.855400000000003,9.5,2019,2,V,3,0,1,1,4.077535,3.277285,0.35,0.5
2019-02-27 20:00:00,2018,5,0,Liverpool,Watford,2.74266,0.630423,0.8634,0.1053,0.0313,19,5,10,3,11,3,25.0,11.65,2019,2,V,3,0,5,5,3.373083,2.112237,0.526,0.6
2019-03-02 12:30:00,2018,1,1,Tottenham,Arsenal,1.76818,3.45713,0.0559,0.1381,0.806,11,9,3,4,7,6,9.1613,6.619,2019,3,N,1,1,2,0,5.22531,-1.6889499999999997,0.273,0.444
2019-03-02 15:00:00,2018,2,0,Wolverhampton Wanderers,Cardiff,3.2075,0.702261,0.914,0.0672,0.0188,13,12,6,4,7,3,9.8276,8.8667,2019,3,V,3,0,2,2,3.909761,2.505239,0.462,0.333
2019-03-02 15:00:00,2018,3,2,Manchester United,Southampton,2.54216,0.578485,0.865,0.1002,0.0348,16,9,6,3,9,5,15.6,7.3333,2019,3,V,3,0,5,1,3.120645,1.9636749999999998,0.375,0.333
2019-03-02 15:00:00,2018,1,3,Burnley,Crystal Palace,1.90872,0.706284,0.692,0.203,0.105,18,10,4,4,12,5,14.7143,7.2381,2019,3,D,0,3,4,-2,2.615004,1.202436,0.222,0.4
2019-03-02 15:00:00,2018,1,0,Brighton,Huddersfield,1.39896,0.2014,0.7537,0.2094,0.0369,14,6,4,4,5,1,14.9412,11.0,2019,3,V,3,0,1,1,1.60036,1.19756,0.286,0.667
2019-03-02 15:00:00,2018,0,1,Bournemouth,Manchester City,0.0,1.59515,0.0,0.1722,0.8278,0,23,0,7,0,16,6.0714,24.328687499999997,2019,3,D,0,3,1,-1,1.59515,-1.59515,0.0,0.304
2019-03-02 17:30:00,2018,2,0,West Ham,Newcastle United,1.88895,1.18549,0.5637,0.2384,0.1979,10,17,4,2,5,12,11.5185,11.6316,2019,3,V,3,0,2,2,3.07444,0.70346,0.4,0.118
2019-03-03 12:00:00,2018,2,1,Watford,Leicester,1.36515,0.794683,0.5398,0.2847,0.1755,6,14,5,2,4,2,13.0,12.4,2019,3,V,3,0,3,1,2.159833,0.5704670000000001,0.833,0.143
2019-03-03 14:05:00,2018,1,2,Fulham,Chelsea,0.898469,1.53632,0.2077,0.266,0.5263,12,20,5,7,4,13,10.1304,20.381,2019,3,D,0,3,3,-1,2.434789,-0.637851,0.417,0.35
2019-03-03 16:15:00,2018,0,0,Everton,Liverpool,0.241879,0.811272,0.0907,0.3932,0.5161,7,10,3,3,1,11,6.913,14.5263,2019,3,N,1,1,0,0,1.053151,-0.569393,0.429,0.3
2019-03-09 12:30:00,2018,1,2,Crystal Palace,Brighton,1.44291,0.129312,0.8254,0.1596,0.015,15,4,3,3,12,2,11.3,8.1739,2019,3,D,0,3,3,-1,1.572222,1.3135979999999998,0.2,0.75
2019-03-09 15:00:00,2018,2,1,Southampton,Tottenham,2.07772,1.26876,0.5939,0.2267,0.1794,12,16,4,5,5,5,8.7143,8.3438,2019,3,V,3,0,3,1,3.3464799999999997,0.8089599999999997,0.333,0.312
2019-03-09 15:00:00,2018,3,2,Newcastle United,Everton,2.37896,1.15114,0.6959,0.1969,0.1072,19,7,7,3,7,10,6.5556,9.7826,2019,3,V,3,0,5,1,3.5301,1.2278200000000001,0.368,0.429
2019-03-09 15:00:00,2018,3,1,Leicester,Fulham,2.13494,0.15103,0.9007,0.0875,0.0118,18,6,8,3,8,2,13.9048,10.75,2019,3,V,3,0,4,2,2.28597,1.9839099999999998,0.444,0.5
2019-03-09 15:00:00,2018,0,2,Huddersfield,Bournemouth,0.339087,2.16389,0.0161,0.0822,0.9017,8,8,1,4,7,13,13.0588,6.2857,2019,3,D,0,3,2,-2,2.502977,-1.8248029999999997,0.125,0.5
2019-03-09 15:00:00,2018,2,0,Cardiff,West Ham,3.49275,0.295869,0.9874,0.0113,0.0013,16,9,7,2,4,6,4.1667,16.2632,2019,3,V,3,0,2,2,3.788619,3.196881,0.438,0.222
2019-03-09 17:30:00,2018,3,1,Manchester City,Watford,3.75714,0.407168,0.9836,0.0148,0.0016,19,2,9,1,22,4,27.855400000000003,8.2381,2019,3,V,3,0,4,2,4.164308,3.349972,0.474,0.5
2019-03-10 12:00:00,2018,4,2,Liverpool,Burnley,4.12341,0.471571,0.9967,0.0033,0.0,23,3,5,2,15,3,14.9091,8.5714,2019,3,V,3,0,6,2,4.594981,3.651839,0.217,0.667
2019-03-10 14:05:00,2018,1,1,Chelsea,Wolverhampton Wanderers,1.0471,0.609079,0.4281,0.369,0.2029,22,2,6,1,8,2,20.3333,5.913,2019,3,N,1,1,2,0,1.6561789999999998,0.4380209999999999,0.273,0.5
2019-03-10 16:30:00,2018,2,0,Arsenal,Manchester United,1.52723,2.3703,0.1667,0.227,0.6063,14,14,3,4,9,7,8.12,12.9048,2019,3,V,3,0,2,2,3.8975299999999997,-0.8430699999999998,0.214,0.286
2019-03-16 15:00:00,2018,4,3,West Ham,Huddersfield,1.88114,1.66909,0.4068,0.2786,0.3146,16,15,5,5,16,1,13.9545,6.8333,2019,3,V,3,0,7,1,3.55023,0.21205000000000007,0.312,0.333
2019-03-16 15:00:00,2018,1,2,Burnley,Leicester,1.17008,0.608954,0.5129,0.3132,0.1739,13,9,2,4,13,4,20.0,7.3529,2019,3,D,0,3,3,-1,1.779034,0.561126,0.154,0.444
2019-03-16 15:00:00,2018,2,2,Bournemouth,Newcastle United,1.61666,1.02847,0.5279,0.3036,0.1685,10,12,3,4,4,8,10.7,13.375,2019,3,N,1,1,4,0,2.64513,0.58819,0.3,0.333
2019-03-17 14:15:00,2018,1,2,Fulham,Liverpool,0.915765,2.73437,0.0355,0.1215,0.843,7,16,2,6,4,14,7.88,21.6154,2019,3,D,0,3,3,-1,3.650135,-1.8186050000000002,0.286,0.375
2019-03-17 16:30:00,2018,2,0,Everton,Chelsea,2.24031,1.24394,0.6548,0.2116,0.1336,15,16,8,5,3,12,8.381,13.3333,2019,3,V,3,0,2,2,3.4842500000000003,0.99637,0.533,0.312
2019-03-30 12:30:00,2018,0,2,Fulham,Manchester City,0.661491,2.31513,0.0577,0.158,0.7843,5,24,0,7,3,14,8.5,24.328687499999997,2019,3,D,0,3,2,-2,2.9766209999999997,-1.6536389999999999,0.0,0.292
2019-03-30 15:00:00,2018,2,1,Manchester United,Watford,1.98052,1.35208,0.5605,0.2633,0.1762,8,20,5,8,12,19,11.7059,10.7059,2019,3,V,3,0,3,1,3.3326000000000002,0.6284400000000001,0.625,0.4
2019-03-30 15:00:00,2018,2,0,Leicester,Bournemouth,1.8935,0.790333,0.6519,0.2348,0.1133,18,8,4,2,8,5,11.8571,14.0,2019,3,V,3,0,2,2,2.683833,1.103167,0.222,0.25
2019-03-30 15:00:00,2018,2,0,Crystal Palace,Huddersfield,2.84701,0.926991,0.8279,0.1139,0.0582,19,15,5,5,9,5,10.8182,13.4706,2019,3,V,3,0,2,2,3.774001,1.920019,0.263,0.333
2019-03-30 15:00:00,2018,2,0,Burnley,Wolverhampton Wanderers,0.572695,0.397928,0.3443,0.4586,0.1971,5,8,1,1,2,4,10.6429,12.8696,2019,3,V,3,0,2,2,0.970623,0.17476699999999995,0.2,0.125
2019-03-30 15:00:00,2018,0,1,Brighton,Southampton,0.560521,0.857436,0.2085,0.3653,0.4262,14,8,1,2,8,12,10.64,5.625,2019,3,D,0,3,1,-1,1.417957,-0.29691499999999993,0.071,0.25
2019-03-30 17:30:00,2018,0,2,West Ham,Everton,0.0891639,2.65983,0.0026,0.0401,0.9573,3,17,1,9,2,12,7.5588,11.9474,2019,3,D,0,3,2,-2,2.7489939,-2.5706661,0.333,0.529
2019-03-31 13:05:00,2018,1,2,Cardiff,Chelsea,0.446122,2.07834,0.0499,0.144,0.8061,8,21,3,3,3,10,3.44,12.6,2019,3,D,0,3,3,-1,2.5244619999999998,-1.632218,0.375,0.143
2019-03-31 15:30:00,2018,2,1,Liverpool,Tottenham,1.0931,1.04822,0.3417,0.3214,0.3369,14,11,3,2,8,4,19.1538,18.0,2019,3,V,3,0,3,1,2.14132,0.04488000000000003,0.214,0.182
2019-04-01 20:00:00,2018,2,0,Arsenal,Newcastle United,1.04458,0.0441445,0.6851,0.3017,0.0132,7,3,4,1,17,2,16.5652,6.2609,2019,4,V,3,0,2,2,1.0887245,1.0004355,0.571,0.333
2019-04-02 19:45:00,2018,2,1,Wolverhampton Wanderers,Manchester United,1.65044,2.03847,0.2727,0.2555,0.4718,9,18,2,4,5,7,11.7308,22.0,2019,4,V,3,0,3,1,3.68891,-0.3880299999999999,0.222,0.222
2019-04-02 19:45:00,2018,4,1,Watford,Fulham,1.59338,1.90917,0.2969,0.2448,0.4583,15,17,7,7,4,6,12.5,12.3571,2019,4,V,3,0,5,3,3.5025500000000003,-0.31579,0.467,0.412
2019-04-03 19:45:00,2018,3,0,Chelsea,Brighton,3.12416,0.440898,0.9375,0.0515,0.011,17,3,4,1,12,2,23.8667,8.3846,2019,4,V,3,0,3,3,3.5650579999999996,2.683262,0.235,0.333
2019-04-03 19:45:00,2018,2,0,Tottenham,Crystal Palace,2.57376,0.564317,0.8421,0.1228,0.0351,26,5,10,1,12,2,25.5625,8.5926,2019,4,V,3,0,2,2,3.138077,2.009443,0.385,0.2
2019-04-03 19:45:00,2018,2,0,Manchester City,Cardiff,3.53913,0.135788,0.9821,0.0166,0.0013,27,4,11,1,17,2,27.855400000000003,5.1875,2019,4,V,3,0,2,2,3.674918,3.4033420000000003,0.407,0.25
2019-04-05 20:00:00,2018,1,3,Southampton,Liverpool,0.718394,2.00654,0.0808,0.1986,0.7206,11,17,1,5,5,12,9.1667,16.8889,2019,4,D,0,3,4,-2,2.724934,-1.2881460000000002,0.091,0.294
2019-04-06 15:00:00,2018,0,1,Newcastle United,Crystal Palace,0.943175,0.907988,0.2979,0.355,0.3471,18,3,5,1,9,4,14.0625,8.4,2019,4,D,0,3,1,-1,1.8511630000000001,0.03518699999999997,0.278,0.333
2019-04-06 15:00:00,2018,1,4,Huddersfield,Leicester,1.62301,3.61876,0.0574,0.1266,0.816,10,18,4,9,2,2,8.2381,9.6,2019,4,D,0,3,5,-3,5.24177,-1.99575,0.4,0.5
2019-04-06 15:00:00,2018,1,3,Bournemouth,Burnley,1.20888,1.38919,0.2917,0.3019,0.4064,10,10,2,3,9,4,11.2381,9.5714,2019,4,D,0,3,4,-2,2.59807,-0.18030999999999997,0.2,0.3
2019-04-07 14:05:00,2018,1,0,Everton,Arsenal,2.69396,0.201885,0.9313,0.0611,0.0076,23,7,6,2,6,3,11.1875,9.7097,2019,4,V,3,0,1,1,2.895845,2.4920750000000003,0.261,0.286
2019-04-08 20:00:00,2018,2,0,Chelsea,West Ham,2.23287,0.471195,0.813,0.1357,0.0513,16,9,7,2,16,7,12.7895,17.7692,2019,4,V,3,0,2,2,2.704065,1.761675,0.438,0.222
2019-04-12 20:00:00,2018,0,1,Leicester,Newcastle United,0.877377,0.945804,0.3063,0.338,0.3557,12,11,5,5,5,4,20.1818,7.3,2019,4,D,0,3,1,-1,1.823181,-0.06842700000000002,0.417,0.455
2019-04-13 12:30:00,2018,4,0,Tottenham,Huddersfield,2.78596,0.983527,0.8091,0.1362,0.0547,22,7,5,1,14,5,19.3333,8.2632,2019,4,V,3,0,4,4,3.7694870000000003,1.8024330000000002,0.227,0.143
2019-04-13 15:00:00,2018,3,1,Southampton,Wolverhampton Wanderers,3.80842,0.642825,0.9621,0.0287,0.0092,13,17,6,2,4,4,6.2273,13.9286,2019,4,V,3,0,4,2,4.451245,3.1655949999999997,0.462,0.118
2019-04-13 15:00:00,2018,2,0,Fulham,Everton,1.66303,1.29107,0.454,0.2794,0.2666,12,8,5,1,6,7,5.3889,12.7619,2019,4,V,3,0,2,2,2.9541,0.37196000000000007,0.417,0.125
2019-04-13 15:00:00,2018,2,0,Burnley,Cardiff,2.84358,0.872224,0.8572,0.1076,0.0352,14,14,7,2,5,3,8.5385,8.2857,2019,4,V,3,0,2,2,3.7158040000000003,1.971356,0.5,0.143
2019-04-13 15:00:00,2018,0,5,Brighton,Bournemouth,0.206731,2.76885,0.0061,0.0463,0.9476,8,14,1,7,5,19,13.9412,11.44,2019,4,D,0,3,5,-5,2.975581,-2.562119,0.125,0.5
2019-04-13 17:30:00,2018,2,1,Manchester United,West Ham,2.65125,1.42817,0.6925,0.1864,0.1211,14,18,4,4,15,10,11.5,9.2581,2019,4,V,3,0,3,1,4.07942,1.2230800000000002,0.286,0.222
2019-04-14 14:05:00,2018,1,3,Crystal Palace,Manchester City,0.318169,2.86236,0.0105,0.0577,0.9318,7,20,3,6,5,18,4.8148,24.328687499999997,2019,4,D,0,3,4,-2,3.180529,-2.5441909999999996,0.429,0.3
2019-04-14 16:30:00,2018,2,0,Liverpool,Chelsea,1.30839,0.873177,0.4666,0.3108,0.2226,15,6,7,3,18,5,16.15,8.1538,2019,4,V,3,0,2,2,2.181567,0.43521299999999996,0.467,0.5
2019-04-15 20:00:00,2018,0,1,Watford,Arsenal,1.12595,2.2668,0.1151,0.2079,0.677,11,19,3,6,7,16,8.1,15.8696,2019,4,D,0,3,1,-1,3.39275,-1.14085,0.273,0.316
2019-04-16 19:45:00,2018,0,2,Brighton,Cardiff,0.588539,0.819472,0.2287,0.3782,0.3931,14,10,2,3,11,1,10.5172,5.6667,2019,4,D,0,3,2,-2,1.4080110000000001,-0.23093299999999994,0.143,0.3
2019-04-20 12:30:00,2018,1,0,Manchester City,Tottenham,2.06185,1.19894,0.5969,0.2346,0.1685,15,10,4,4,12,4,16.1429,6.2647,2019,4,V,3,0,1,1,3.26079,0.8629100000000003,0.267,0.4
2019-04-20 15:00:00,2018,0,0,Wolverhampton Wanderers,Brighton,2.60447,0.115051,0.9436,0.0507,0.0057,22,5,5,0,7,0,20.625,24.328687499999997,2019,4,N,1,1,0,0,2.719521,2.4894190000000003,0.227,0.0
2019-04-20 15:00:00,2018,2,2,West Ham,Leicester,1.36558,0.8065,0.5116,0.2912,0.1972,11,11,3,5,10,5,6.2333,9.9565,2019,4,N,1,1,4,0,2.1720800000000002,0.55908,0.273,0.455
2019-04-20 15:00:00,2018,1,2,Huddersfield,Watford,1.09072,1.08462,0.3513,0.3152,0.3335,13,11,3,6,3,8,11.0,13.4545,2019,4,D,0,3,3,-1,2.17534,0.006099999999999994,0.231,0.545
2019-04-20 15:00:00,2018,0,1,Bournemouth,Fulham,2.83739,2.61689,0.4288,0.2357,0.3355,15,17,5,5,8,6,13.0,13.0,2019,4,D,0,3,1,-1,5.454280000000001,0.22049999999999992,0.333,0.294
2019-04-20 17:30:00,2018,3,1,Newcastle United,Southampton,1.23033,1.27102,0.3524,0.2857,0.3619,14,15,6,3,3,8,5.0714,11.4211,2019,4,V,3,0,4,2,2.50135,-0.040690000000000115,0.429,0.2
2019-04-21 13:30:00,2018,4,0,Everton,Manchester United,1.5204,0.305982,0.7363,0.2125,0.0512,15,7,8,1,1,5,24.1111,16.6,2019,4,V,3,0,4,4,1.826382,1.214418,0.533,0.143
2019-04-21 16:00:00,2018,0,2,Cardiff,Liverpool,1.1187,2.42404,0.0928,0.1958,0.7114,7,17,2,6,0,13,3.65,24.328687499999997,2019,4,D,0,3,2,-2,3.5427400000000002,-1.3053400000000002,0.286,0.353
2019-04-21 16:00:00,2018,2,3,Arsenal,Crystal Palace,1.54245,2.56216,0.1677,0.2032,0.6291,12,16,5,7,13,10,13.087,4.1739,2019,4,D,0,3,5,-1,4.10461,-1.01971,0.417,0.438
2019-04-22 20:00:00,2018,2,2,Chelsea,Burnley,1.28197,0.788788,0.4701,0.323,0.2069,22,6,9,3,20,3,21.6875,5.5,2019,4,N,1,1,4,0,2.070758,0.493182,0.409,0.5
2019-04-23 19:45:00,2018,1,1,Watford,Southampton,1.27253,2.11999,0.1779,0.2217,0.6004,15,8,4,4,11,2,10.0625,6.9583,2019,4,N,1,1,2,0,3.39252,-0.8474600000000001,0.267,0.5
2019-04-23 19:45:00,2018,1,0,Tottenham,Brighton,1.0032,0.143138,0.605,0.3466,0.0484,29,6,5,1,11,1,24.3,6.0,2019,4,V,3,0,1,1,1.146338,0.8600620000000001,0.172,0.167
2019-04-24 19:45:00,2018,3,1,Wolverhampton Wanderers,Arsenal,0.982018,0.939754,0.3351,0.3347,0.3302,11,11,3,1,5,8,13.1818,18.8947,2019,4,V,3,0,4,2,1.9217719999999998,0.04226399999999997,0.273,0.091
2019-04-24 20:00:00,2018,0,2,Manchester United,Manchester City,0.514509,0.530481,0.2632,0.4551,0.2817,12,8,1,5,5,14,8.9615,19.7727,2019,4,D,0,3,2,-2,1.0449899999999999,-0.015971999999999986,0.083,0.625
2019-04-26 20:00:00,2018,5,0,Liverpool,Huddersfield,3.58922,0.1624,0.9787,0.0188,0.0025,21,5,7,1,13,2,21.6522,7.3333,2019,4,V,3,0,5,5,3.75162,3.42682,0.333,0.2
2019-04-27 12:30:00,2018,0,1,Tottenham,West Ham,1.35378,0.991558,0.454,0.2832,0.2628,14,16,4,7,9,2,13.1429,13.5385,2019,4,D,0,3,1,-1,2.345338,0.36222199999999993,0.286,0.438
2019-04-27 15:00:00,2018,1,2,Watford,Wolverhampton Wanderers,0.896093,2.44357,0.0542,0.1501,0.7957,10,11,1,4,3,7,13.4348,11.5294,2019,4,D,0,3,3,-1,3.339663,-1.5474769999999998,0.1,0.364
2019-04-27 15:00:00,2018,3,3,Southampton,Bournemouth,2.73537,2.62214,0.3977,0.2459,0.3564,22,9,7,5,9,4,12.5,7.8,2019,4,N,1,1,6,0,5.3575099999999996,0.11323000000000016,0.318,0.556
2019-04-27 15:00:00,2018,1,0,Fulham,Cardiff,0.519072,1.11322,0.1533,0.3232,0.5235,8,13,2,8,6,3,15.4286,3.875,2019,4,V,3,0,1,1,1.632292,-0.5941480000000001,0.25,0.615
2019-04-27 15:00:00,2018,0,0,Crystal Palace,Everton,0.261344,1.15217,0.0838,0.3091,0.6071,8,22,0,3,5,8,4.8929,12.7273,2019,4,N,1,1,0,0,1.413514,-0.8908259999999999,0.0,0.136
2019-04-27 17:30:00,2018,1,1,Brighton,Newcastle United,1.20482,0.43797,0.6085,0.2805,0.111,9,9,2,1,6,5,15.2941,23.0,2019,4,N,1,1,2,0,1.64279,0.76685,0.222,0.111
2019-04-28 12:00:00,2018,3,0,Leicester,Arsenal,3.6797,0.600697,0.9466,0.042,0.0114,24,6,12,1,8,4,21.9375,5.96,2019,4,V,3,0,3,3,4.280397,3.079003,0.5,0.167
2019-04-28 14:05:00,2018,0,1,Burnley,Manchester City,0.0899809,2.34878,0.0065,0.0734,0.9201,2,25,0,7,4,10,7.3571,20.125,2019,4,D,0,3,1,-1,2.4387609,-2.2587991,0.0,0.28
2019-04-28 16:30:00,2018,1,1,Manchester United,Chelsea,1.12483,1.6298,0.2291,0.2701,0.5008,7,16,5,3,6,9,10.0417,11.5556,2019,4,N,1,1,2,0,2.7546299999999997,-0.5049699999999999,0.714,0.188
2019-05-03 19:00:00,2018,2,0,Everton,Burnley,1.76461,0.473292,0.7564,0.1879,0.0557,20,5,6,1,7,3,13.5,7.3846,2019,5,V,3,0,2,2,2.237902,1.291318,0.3,0.2
2019-05-04 11:30:00,2018,1,0,Bournemouth,Tottenham,2.22622,0.713362,0.7519,0.168,0.0801,20,11,6,5,11,3,10.2,9.8636,2019,5,V,3,0,1,1,2.939582,1.512858,0.3,0.455
2019-05-04 14:00:00,2018,1,0,Wolverhampton Wanderers,Fulham,2.09397,0.512477,0.7987,0.1543,0.047,19,6,6,2,7,2,8.3636,18.25,2019,5,V,3,0,1,1,2.606447,1.581493,0.316,0.333
2019-05-04 14:00:00,2018,3,0,West Ham,Southampton,1.99866,0.443686,0.8315,0.1316,0.0369,17,11,6,1,4,11,8.9355,18.5,2019,5,V,3,0,3,3,2.442346,1.554974,0.353,0.091
2019-05-04 16:30:00,2018,2,3,Cardiff,Crystal Palace,1.4996,1.80991,0.3133,0.2434,0.4433,18,21,8,7,8,15,7.5,6.9444,2019,5,D,0,3,5,-1,3.30951,-0.31030999999999986,0.444,0.333
2019-05-04 18:45:00,2018,2,3,Newcastle United,Liverpool,1.29707,1.48081,0.3094,0.2944,0.3962,14,11,7,4,4,9,13.5455,21.7,2019,5,D,0,3,5,-1,2.7778799999999997,-0.18374000000000001,0.5,0.364
2019-05-05 13:00:00,2018,1,1,Huddersfield,Manchester United,0.73663,1.88049,0.127,0.2193,0.6537,7,23,3,7,6,19,7.65,13.32,2019,5,N,1,1,2,0,2.61712,-1.14386,0.429,0.304
2019-05-05 13:00:00,2018,3,0,Chelsea,Watford,2.96478,1.2712,0.7586,0.1427,0.0987,19,15,9,3,15,13,12.5714,7.56,2019,5,V,3,0,3,3,4.2359800000000005,1.69358,0.474,0.2
2019-05-05 15:30:00,2018,1,1,Arsenal,Brighton,2.36178,1.90585,0.4761,0.2596,0.2643,20,11,8,5,14,8,14.1579,6.25,2019,5,N,1,1,2,0,4.2676300000000005,0.45592999999999995,0.4,0.455
2019-05-06 19:00:00,2018,1,0,Manchester City,Leicester,1.08617,0.537307,0.5021,0.3276,0.1703,19,7,5,2,14,4,27.855400000000003,8.303,2019,5,V,3,0,1,1,1.623477,0.5488630000000001,0.263,0.286
2019-05-12 14:00:00,2018,1,4,Watford,West Ham,2.06986,3.20094,0.1565,0.1899,0.6536,17,16,8,9,7,6,10.3478,12.7273,2019,5,D,0,3,5,-3,5.2707999999999995,-1.1310800000000003,0.471,0.562
2019-05-12 14:00:00,2018,2,2,Tottenham,Everton,0.882608,2.06851,0.0779,0.2088,0.7133,11,17,3,9,5,7,14.625,14.6111,2019,5,N,1,1,4,0,2.9511179999999997,-1.185902,0.273,0.529
2019-05-12 14:00:00,2018,1,1,Southampton,Huddersfield,0.941018,0.857152,0.3533,0.3511,0.2956,10,10,3,3,9,1,11.8333,9.1765,2019,5,N,1,1,2,0,1.79817,0.083866,0.3,0.3
2019-05-12 14:00:00,2018,0,2,Manchester United,Cardiff,1.89555,1.71095,0.4048,0.2589,0.3363,26,13,10,4,13,2,23.6667,3.6957,2019,5,D,0,3,2,-2,3.6065,0.1846000000000001,0.385,0.308
2019-05-12 14:00:00,2018,2,0,Liverpool,Wolverhampton Wanderers,1.70197,0.883861,0.5894,0.2449,0.1657,13,7,5,2,6,8,27.855400000000003,13.3684,2019,5,V,3,0,2,2,2.5858309999999998,0.818109,0.385,0.286
2019-05-12 14:00:00,2018,0,0,Leicester,Chelsea,0.345306,1.26735,0.0796,0.2696,0.6508,9,14,3,4,5,11,16.3684,10.9231,2019,5,N,1,1,0,0,1.6126559999999999,-0.922044,0.333,0.286
2019-05-12 14:00:00,2018,0,4,Fulham,Newcastle United,0.569845,1.95921,0.0613,0.1596,0.7791,16,13,2,6,12,7,27.855400000000003,13.3333,2019,5,D,0,3,4,-4,2.529055,-1.3893649999999997,0.125,0.462
2019-05-12 14:00:00,2018,5,3,Crystal Palace,Bournemouth,2.85899,1.8981,0.6162,0.1984,0.1854,17,16,8,8,12,9,9.6522,13.55,2019,5,V,3,0,8,2,4.75709,0.96089,0.471,0.5
2019-05-12 14:00:00,2018,1,3,Burnley,Arsenal,1.72939,2.87276,0.1514,0.1901,0.6585,14,17,5,6,10,15,16.6364,17.6842,2019,5,D,0,3,4,-2,4.60215,-1.14337,0.357,0.353
2019-05-12 14:00:00,2018,1,4,Brighton,Manchester City,0.595313,2.22234,0.0571,0.1626,0.7803,6,20,2,9,0,26,6.0909,24.328687499999997,2019,5,D,0,3,5,-3,2.817653,-1.627027,0.333,0.45
2019-08-09 20:00:00,2019,4,1,Liverpool,Norwich,2.23456,0.842407,0.7377,0.1732,0.0891,15,12,7,5,11,5,21.4545,5.9429,2019,8,V,3,0,5,3,3.0769670000000002,1.392153,0.467,0.417
2019-08-10 12:30:00,2019,0,5,West Ham,Manchester City,1.2003,3.18377,0.0452,0.1166,0.8382,5,14,3,9,1,9,6.9355,16.4,2019,8,D,0,3,5,-5,4.3840699999999995,-1.98347,0.6,0.643
2019-08-10 15:00:00,2019,1,1,Bournemouth,Sheffield United,1.34099,1.59864,0.2083,0.3923,0.3994,13,8,3,3,4,6,9.1333,13.6,2019,8,N,1,1,2,0,2.93963,-0.25765000000000016,0.231,0.375
2019-08-10 15:00:00,2019,3,0,Burnley,Southampton,0.909241,1.08752,0.266,0.3442,0.3898,10,11,4,3,0,9,5.5,9.2778,2019,8,V,3,0,3,3,1.996761,-0.17827900000000008,0.4,0.273
2019-08-10 15:00:00,2019,0,0,Crystal Palace,Everton,0.87159,1.2246,0.2427,0.3231,0.4342,6,10,2,3,5,5,4.0741,11.3077,2019,8,N,1,1,0,0,2.09619,-0.35300999999999993,0.333,0.3
2019-08-10 15:00:00,2019,0,3,Watford,Brighton,0.670022,0.855516,0.2434,0.362,0.3946,11,5,3,3,7,5,11.5,9.7857,2019,8,D,0,3,3,-3,1.525538,-0.18549400000000005,0.273,0.6
2019-08-10 17:30:00,2019,3,1,Tottenham,Aston Villa,2.57262,0.639599,0.822,0.1273,0.0507,31,7,7,4,15,2,13.4211,5.25,2019,8,V,3,0,4,2,3.212219,1.933021,0.226,0.571
2019-08-11 14:00:00,2019,0,1,Newcastle United,Arsenal,0.380551,1.13309,0.1052,0.3057,0.5891,9,8,2,2,1,10,11.0526,13.2069,2019,8,D,0,3,1,-1,1.5136409999999998,-0.752539,0.222,0.25
2019-08-11 14:00:00,2019,0,0,Leicester,Wolverhampton Wanderers,0.543759,0.812949,0.2174,0.3819,0.4007,16,8,1,2,7,3,18.6667,6.4348,2019,8,N,1,1,0,0,1.356708,-0.26919000000000004,0.062,0.25
2019-08-11 16:30:00,2019,4,0,Manchester United,Chelsea,2.37442,1.09534,0.7148,0.1782,0.107,11,18,5,7,8,4,6.4524,9.0645,2019,8,V,3,0,4,4,3.46976,1.2790800000000002,0.455,0.389
2019-08-17 12:30:00,2019,2,1,Arsenal,Burnley,1.1644,1.39172,0.2899,0.2836,0.4265,15,18,9,5,8,4,11.3846,5.3125,2019,8,V,3,0,3,1,2.55612,-0.22731999999999997,0.6,0.278
2019-08-17 15:00:00,2019,1,2,Aston Villa,Bournemouth,1.65069,1.62777,0.3658,0.2724,0.3618,22,12,7,4,12,9,10.72,13.0,2019,8,D,0,3,3,-1,3.27846,0.02292000000000005,0.318,0.333
2019-08-17 15:00:00,2019,1,1,Brighton,West Ham,2.40461,1.00856,0.7183,0.179,0.1027,16,8,4,3,8,4,8.871,5.4857,2019,8,N,1,1,2,0,3.41317,1.39605,0.25,0.375
2019-08-17 15:00:00,2019,1,0,Everton,Watford,0.832913,1.17279,0.231,0.322,0.447,12,8,2,2,4,3,3.925,8.8636,2019,8,V,3,0,1,1,2.005703,-0.339877,0.167,0.25
2019-08-17 15:00:00,2019,3,1,Norwich,Newcastle United,2.09572,0.920429,0.68,0.1975,0.1225,15,12,8,4,9,6,17.5,13.9286,2019,8,V,3,0,4,2,3.016149,1.175291,0.533,0.333
2019-08-17 15:00:00,2019,1,2,Southampton,Liverpool,2.14047,1.52022,0.5327,0.2278,0.2395,14,15,3,6,1,6,9.4286,12.0,2019,8,D,0,3,3,-1,3.6606899999999998,0.6202500000000002,0.214,0.4
2019-08-17 17:30:00,2019,2,2,Manchester City,Tottenham,3.20076,0.074542,0.9674,0.0301,0.0025,30,3,10,2,10,2,27.855400000000003,8.9767,2019,8,N,1,1,4,0,3.275302,3.1262179999999997,0.333,0.667
2019-08-18 14:00:00,2019,1,0,Sheffield United,Crystal Palace,1.84778,0.241912,0.8326,0.1408,0.0266,15,6,3,4,2,5,11.6,11.12,2019,8,V,3,0,1,1,2.089692,1.605868,0.2,0.667
2019-08-18 16:30:00,2019,1,1,Chelsea,Leicester,1.22629,0.947941,0.4391,0.3008,0.2601,14,12,5,3,4,5,6.2973,10.5769,2019,8,N,1,1,2,0,2.1742310000000002,0.27834900000000007,0.357,0.25
2019-08-19 20:00:00,2019,1,1,Wolverhampton Wanderers,Manchester United,0.307356,1.14332,0.0594,0.2597,0.6809,6,9,2,2,5,9,8.3636,19.95,2019,8,N,1,1,2,0,1.4506759999999999,-0.8359639999999999,0.333,0.222
2019-08-23 20:00:00,2019,2,0,Aston Villa,Everton,0.855926,1.25668,0.2213,0.3058,0.4729,7,12,3,1,6,12,5.4074,13.25,2019,8,V,3,0,2,2,2.112606,-0.40075400000000005,0.429,0.083
2019-08-24 12:30:00,2019,2,3,Norwich,Chelsea,1.07904,1.89428,0.1759,0.2595,0.5646,6,23,5,8,5,12,13.7273,10.0,2019,8,D,0,3,5,-1,2.97332,-0.81524,0.833,0.348
2019-08-24 15:00:00,2019,1,2,Sheffield United,Leicester,0.654318,0.704879,0.2916,0.4017,0.3067,8,10,3,2,4,9,8.9412,11.3913,2019,8,D,0,3,3,-1,1.359197,-0.05056100000000008,0.375,0.2
2019-08-24 15:00:00,2019,0,2,Brighton,Southampton,0.997711,2.07795,0.1192,0.2115,0.6693,12,12,3,4,6,6,10.75,9.1739,2019,8,D,0,3,2,-2,3.075661,-1.080239,0.25,0.333
2019-08-24 15:00:00,2019,1,3,Watford,West Ham,2.29348,3.45768,0.1537,0.1778,0.6685,23,16,3,10,20,10,12.9474,9.2857,2019,8,D,0,3,4,-2,5.7511600000000005,-1.1641999999999997,0.13,0.625
2019-08-24 15:00:00,2019,1,2,Manchester United,Crystal Palace,2.23561,0.676993,0.7755,0.1616,0.0629,22,5,3,3,7,2,15.2778,6.8571,2019,8,D,0,3,3,-1,2.912603,1.558617,0.136,0.6
2019-08-24 17:30:00,2019,3,1,Liverpool,Arsenal,2.78821,0.985542,0.7948,0.1361,0.0691,25,9,5,3,9,7,27.855400000000003,9.7838,2019,8,V,3,0,4,2,3.773752,1.8026679999999997,0.2,0.333
2019-08-25 14:00:00,2019,1,3,Bournemouth,Manchester City,1.89345,3.12856,0.1625,0.1736,0.6639,10,19,7,5,3,17,5.1739,22.9,2019,8,D,0,3,4,-2,5.02201,-1.2351099999999997,0.7,0.263
2019-08-25 16:30:00,2019,1,1,Wolverhampton Wanderers,Burnley,1.32793,1.22762,0.3879,0.307,0.3051,17,13,2,4,4,4,14.619,11.8333,2019,8,N,1,1,2,0,2.55555,0.10031000000000012,0.118,0.308
2019-08-25 16:30:00,2019,0,1,Tottenham,Newcastle United,1.25927,0.51428,0.5898,0.2775,0.1327,17,8,2,3,8,5,27.855400000000003,4.8421,2019,8,D,0,3,1,-1,1.7735499999999997,0.7449899999999999,0.118,0.375
2019-08-31 12:30:00,2019,1,1,Southampton,Manchester United,0.769616,1.90356,0.1186,0.2211,0.6603,10,21,2,8,6,13,13.5714,6.6667,2019,8,N,1,1,2,0,2.6731759999999998,-1.133944,0.2,0.381
2019-08-31 15:00:00,2019,2,0,West Ham,Norwich,2.20657,1.1674,0.6298,0.2265,0.1437,18,8,8,3,12,5,8.7407,7.8421,2019,8,V,3,0,2,2,3.37397,1.0391700000000001,0.444,0.375
2019-08-31 15:00:00,2019,2,2,Chelsea,Sheffield United,2.30579,1.04649,0.6944,0.1949,0.1107,13,8,5,2,4,5,20.9167,14.8824,2019,8,N,1,1,4,0,3.35228,1.2593,0.385,0.25
2019-08-31 15:00:00,2019,1,0,Crystal Palace,Aston Villa,1.41394,0.30354,0.6771,0.2444,0.0785,22,10,5,2,13,5,9.04,9.0,2019,8,V,3,0,1,1,1.71748,1.1104,0.227,0.2
2019-08-31 15:00:00,2019,3,1,Leicester,Bournemouth,2.23766,0.554726,0.8226,0.1353,0.0421,15,8,6,2,10,7,10.0,6.9143,2019,8,V,3,0,4,2,2.792386,1.682934,0.4,0.25
2019-08-31 15:00:00,2019,4,0,Manchester City,Brighton,2.30818,0.861035,0.7359,0.1772,0.0869,15,6,6,2,16,7,21.625,11.4375,2019,8,V,3,0,4,4,3.1692150000000003,1.4471450000000001,0.4,0.333
2019-08-31 15:00:00,2019,1,1,Newcastle United,Watford,1.04131,1.1068,0.3299,0.3121,0.358,13,13,5,3,2,6,12.0,19.6,2019,8,N,1,1,2,0,2.14811,-0.06549000000000005,0.385,0.231
2019-08-31 17:30:00,2019,0,3,Burnley,Liverpool,0.61739,1.20057,0.1772,0.3171,0.5057,7,15,2,7,0,11,6.2083,16.2632,2019,8,D,0,3,3,-3,1.8179599999999998,-0.5831799999999999,0.286,0.467
2019-09-01 14:00:00,2019,3,2,Everton,Wolverhampton Wanderers,1.48842,2.00172,0.2455,0.2459,0.5086,15,8,6,5,4,5,20.1667,5.3333,2019,9,V,3,0,5,1,3.4901400000000002,-0.5133000000000001,0.4,0.625
2019-09-01 16:30:00,2019,2,2,Arsenal,Tottenham,1.92509,1.95514,0.3461,0.2536,0.4003,26,13,8,9,12,6,12.1765,6.7879,2019,9,N,1,1,4,0,3.88023,-0.030050000000000132,0.308,0.692
2019-09-14 11:30:00,2019,3,1,Liverpool,Newcastle United,2.93281,0.291073,0.9452,0.0464,0.0084,21,8,9,1,19,4,27.855400000000003,6.9583,2019,9,V,3,0,4,2,3.223883,2.641737,0.429,0.125
2019-09-14 14:00:00,2019,1,0,Manchester United,Leicester,1.10019,0.459141,0.5865,0.3062,0.1073,10,9,5,3,4,4,4.7714,9.72,2019,9,V,3,0,1,1,1.559331,0.641049,0.5,0.333
2019-09-14 14:00:00,2019,1,1,Brighton,Burnley,1.68545,0.341654,0.7641,0.1893,0.0466,14,7,5,1,13,4,12.1,3.9643,2019,9,N,1,1,2,0,2.027104,1.3437959999999998,0.357,0.143
2019-09-14 14:00:00,2019,0,1,Sheffield United,Southampton,1.88034,1.57659,0.4428,0.2527,0.3045,17,11,4,7,8,7,12.8235,12.5238,2019,9,D,0,3,1,-1,3.45693,0.30374999999999996,0.235,0.636
2019-09-14 14:00:00,2019,4,0,Tottenham,Crystal Palace,1.04944,0.577323,0.4879,0.3328,0.1793,13,11,5,6,8,5,17.0833,6.5455,2019,9,V,3,0,4,4,1.626763,0.4721169999999999,0.385,0.545
2019-09-14 14:00:00,2019,2,5,Wolverhampton Wanderers,Chelsea,1.49359,3.06799,0.0809,0.1625,0.7566,11,15,4,6,5,6,7.1,13.1071,2019,9,D,0,3,7,-3,4.56158,-1.5744,0.364,0.4
2019-09-14 16:30:00,2019,3,2,Norwich,Manchester City,1.7413,2.34436,0.2487,0.2462,0.5051,7,25,3,8,6,14,7.9583,18.4286,2019,9,V,3,0,5,1,4.08566,-0.6030599999999999,0.429,0.32
2019-09-15 13:00:00,2019,3,1,Bournemouth,Everton,1.41542,1.50641,0.3385,0.2793,0.3822,13,14,6,5,3,9,5.5161,12.0909,2019,9,V,3,0,4,2,2.92183,-0.09099000000000013,0.462,0.357
2019-09-15 15:30:00,2019,2,2,Watford,Arsenal,2.83209,1.00616,0.8062,0.1365,0.0573,31,7,10,4,12,7,21.4167,9.0714,2019,9,N,1,1,4,0,3.83825,1.82593,0.323,0.571
2019-09-16 19:00:00,2019,0,0,Aston Villa,West Ham,1.40502,0.535279,0.6373,0.2496,0.1131,10,13,5,1,4,9,10.0909,9.6818,2019,9,N,1,1,0,0,1.940299,0.869741,0.5,0.077
2019-09-20 19:00:00,2019,1,3,Southampton,Bournemouth,2.18021,1.29773,0.5961,0.2395,0.1644,25,6,6,3,6,2,17.9375,4.0857,2019,9,D,0,3,4,-2,3.4779400000000003,0.8824800000000002,0.24,0.5
2019-09-21 11:30:00,2019,2,1,Leicester,Tottenham,1.28752,1.33735,0.3433,0.2798,0.3769,16,11,7,4,7,9,5.6176,10.6364,2019,9,V,3,0,3,1,2.62487,-0.04983000000000004,0.438,0.364
2019-09-21 14:00:00,2019,8,0,Manchester City,Watford,6.63049,0.344718,0.9996,0.0004,0.0,28,5,11,4,13,1,27.855400000000003,11.3333,2019,9,V,3,0,8,8,6.975208,6.285772,0.393,0.8
2019-09-21 14:00:00,2019,2,0,Burnley,Norwich,2.39312,0.801428,0.7897,0.1472,0.0631,13,11,6,2,7,9,14.9,11.68,2019,9,V,3,0,2,2,3.194548,1.591692,0.462,0.182
2019-09-21 14:00:00,2019,0,2,Everton,Sheffield United,1.26041,0.508011,0.5598,0.3092,0.131,16,2,3,1,9,2,13.15,5.6471,2019,9,D,0,3,2,-2,1.768421,0.752399,0.188,0.5
2019-09-21 16:30:00,2019,0,0,Newcastle United,Brighton,1.09807,1.21592,0.3232,0.3006,0.3762,11,16,4,3,4,6,6.0952,22.9,2019,9,N,1,1,0,0,2.31399,-0.11784999999999979,0.364,0.188
2019-09-22 13:00:00,2019,1,1,Crystal Palace,Wolverhampton Wanderers,0.984777,1.75572,0.1739,0.2419,0.5842,13,13,4,4,6,5,12.5238,13.9474,2019,9,N,1,1,2,0,2.740497,-0.7709429999999999,0.308,0.308
2019-09-22 13:00:00,2019,2,0,West Ham,Manchester United,0.51376,1.27826,0.1197,0.2714,0.6089,8,9,6,3,4,5,17.1818,14.9474,2019,9,V,3,0,2,2,1.79202,-0.7645,0.75,0.333
2019-09-22 15:30:00,2019,1,2,Chelsea,Liverpool,1.23321,1.03003,0.4027,0.311,0.2863,13,6,2,3,5,5,7.9143,11.625,2019,9,D,0,3,3,-1,2.2632399999999997,0.20317999999999992,0.154,0.5
2019-09-22 15:30:00,2019,3,2,Arsenal,Aston Villa,2.53209,1.71546,0.5722,0.2195,0.2083,21,14,6,9,12,8,11.0,9.1,2019,9,V,3,0,5,1,4.24755,0.8166300000000002,0.286,0.643
2019-09-28 11:30:00,2019,0,1,Sheffield United,Liverpool,1.17022,1.97079,0.18,0.2402,0.5798,12,16,2,4,1,11,11.2727,24.2353,2019,9,D,0,3,1,-1,3.14101,-0.80057,0.167,0.25
2019-09-28 14:00:00,2019,2,1,Tottenham,Southampton,1.19008,1.16256,0.3564,0.3113,0.3323,9,14,4,6,7,8,5.6486,24.328687499999997,2019,9,V,3,0,3,1,2.35264,0.02751999999999999,0.444,0.429
2019-09-28 14:00:00,2019,2,0,Wolverhampton Wanderers,Watford,1.16363,1.06615,0.3492,0.3828,0.268,6,14,2,5,5,10,11.381,22.9375,2019,9,V,3,0,2,2,2.22978,0.09748000000000001,0.333,0.357
2019-09-28 14:00:00,2019,2,2,Aston Villa,Burnley,0.914266,1.66919,0.1745,0.2428,0.5827,16,10,3,3,3,2,9.0455,6.05,2019,9,N,1,1,4,0,2.583456,-0.7549239999999999,0.188,0.3
2019-09-28 14:00:00,2019,2,2,Bournemouth,West Ham,2.31957,1.29546,0.6247,0.2012,0.1741,13,17,5,6,8,17,13.1,11.25,2019,9,N,1,1,4,0,3.61503,1.02411,0.385,0.353
2019-09-28 14:00:00,2019,2,0,Chelsea,Brighton,4.26443,0.616263,0.9712,0.0225,0.0063,24,8,10,1,9,0,12.7692,14.5417,2019,9,V,3,0,2,2,4.880693,3.648167,0.417,0.125
2019-09-28 14:00:00,2019,2,0,Crystal Palace,Norwich,1.80497,0.712129,0.6775,0.2208,0.1017,15,10,3,3,11,10,9.1111,12.7826,2019,9,V,3,0,2,2,2.517099,1.092841,0.2,0.3
2019-09-28 16:30:00,2019,1,3,Everton,Manchester City,2.35854,3.1082,0.2424,0.2121,0.5455,12,20,8,9,6,13,9.7143,24.328687499999997,2019,9,D,0,3,4,-2,5.46674,-0.74966,0.667,0.45
2019-09-29 15:30:00,2019,5,0,Leicester,Newcastle United,1.82438,0.054134,0.8912,0.1032,0.0056,13,3,5,0,13,1,27.855400000000003,5.5588,2019,9,V,3,0,5,5,1.8785139999999998,1.770246,0.385,0.0
2019-09-30 19:00:00,2019,1,1,Manchester United,Arsenal,1.1335,1.70399,0.2214,0.2554,0.5232,16,10,4,5,5,7,10.125,5.9259,2019,9,N,1,1,2,0,2.83749,-0.5704899999999999,0.25,0.5
2019-10-05 12:30:00,2019,3,0,Brighton,Tottenham,2.60017,0.478504,0.9194,0.067,0.0136,17,8,6,3,12,4,15.2353,8.1351,2019,10,V,3,0,3,3,3.078674,2.121666,0.353,0.375
2019-10-05 15:00:00,2019,1,0,Burnley,Everton,0.558912,1.30723,0.1354,0.2707,0.5939,9,11,3,2,6,4,7.8,19.5,2019,10,V,3,0,1,1,1.866142,-0.7483179999999999,0.333,0.182
2019-10-05 15:00:00,2019,2,1,Liverpool,Leicester,3.74867,0.0982107,0.9902,0.009,0.0008,18,2,8,1,12,4,9.25,7.7813,2019,10,V,3,0,3,1,3.8468807000000003,3.6504593,0.444,0.5
2019-10-05 15:00:00,2019,1,5,Norwich,Aston Villa,1.84838,3.67827,0.0918,0.1263,0.7819,21,22,5,12,13,9,8.8,6.0417,2019,10,D,0,3,6,-4,5.52665,-1.82989,0.238,0.545
2019-10-05 15:00:00,2019,0,0,Watford,Sheffield United,1.44318,0.353724,0.7252,0.212,0.0628,8,9,2,3,2,5,6.7273,19.375,2019,10,N,1,1,0,0,1.7969039999999998,1.089456,0.25,0.333
2019-10-05 17:30:00,2019,1,2,West Ham,Crystal Palace,1.23577,2.0682,0.1412,0.2336,0.6252,9,7,4,4,7,7,20.0714,14.7895,2019,10,D,0,3,3,-1,3.30397,-0.83243,0.444,0.571
2019-10-06 14:00:00,2019,0,2,Manchester City,Wolverhampton Wanderers,1.61884,1.18825,0.4735,0.2691,0.2574,18,7,2,2,13,1,19.6875,4.1154,2019,10,D,0,3,2,-2,2.80709,0.43059000000000003,0.111,0.286
2019-10-06 14:00:00,2019,1,4,Southampton,Chelsea,1.27044,2.15201,0.1721,0.2325,0.5954,10,13,3,7,5,10,11.1053,10.8846,2019,10,D,0,3,5,-3,3.4224500000000004,-0.8815700000000002,0.3,0.538
2019-10-06 14:00:00,2019,1,0,Arsenal,Bournemouth,1.24109,0.683967,0.5216,0.3114,0.167,12,10,2,2,10,7,10.2174,7.0286,2019,10,V,3,0,1,1,1.925057,0.557123,0.167,0.2
2019-10-06 16:30:00,2019,1,0,Newcastle United,Manchester United,0.650296,0.969204,0.2281,0.346,0.4259,12,12,2,3,1,5,6.8182,24.328687499999997,2019,10,V,3,0,1,1,1.6195,-0.31890799999999997,0.167,0.25
2019-10-19 12:30:00,2019,2,0,Everton,West Ham,2.23324,0.459112,0.8303,0.1277,0.042,19,8,10,4,11,3,10.0526,5.7188,2019,10,V,3,0,2,2,2.692352,1.774128,0.526,0.5
2019-10-19 15:00:00,2019,2,1,Aston Villa,Brighton,2.96692,1.32184,0.7539,0.1481,0.098,24,20,8,5,7,10,9.5238,15.0556,2019,10,V,3,0,3,1,4.28876,1.64508,0.333,0.25
2019-10-19 15:00:00,2019,0,0,Bournemouth,Norwich,0.675554,0.402873,0.3837,0.4302,0.1861,11,10,2,1,7,5,11.8333,12.7,2019,10,N,1,1,0,0,1.078427,0.272681,0.182,0.1
2019-10-19 15:00:00,2019,1,0,Chelsea,Newcastle United,2.30068,0.197082,0.8936,0.0932,0.0132,16,5,8,0,12,1,23.5,4.6522,2019,10,V,3,0,1,1,2.497762,2.103598,0.5,0.0
2019-10-19 15:00:00,2019,2,1,Leicester,Burnley,0.8291,1.79569,0.1307,0.2209,0.6484,19,13,3,4,6,3,15.2,7.6,2019,10,V,3,0,3,1,2.62479,-0.9665900000000001,0.158,0.308
2019-10-19 15:00:00,2019,1,1,Tottenham,Watford,0.891617,0.846851,0.3498,0.3494,0.3008,12,7,2,2,10,2,18.8947,7.4348,2019,10,N,1,1,2,0,1.7384680000000001,0.04476599999999997,0.167,0.286
2019-10-19 15:00:00,2019,1,1,Wolverhampton Wanderers,Southampton,0.887495,1.37695,0.2018,0.3345,0.4637,4,14,1,5,3,5,12.0417,14.6667,2019,10,N,1,1,2,0,2.264445,-0.48945499999999986,0.25,0.357
2019-10-19 17:30:00,2019,0,2,Crystal Palace,Manchester City,0.616864,4.02104,0.007,0.0293,0.9637,7,21,2,10,5,21,6.7368,18.5789,2019,10,D,0,3,2,-2,4.637904,-3.404176,0.286,0.476
2019-10-20 16:30:00,2019,1,1,Manchester United,Liverpool,0.791862,1.03212,0.2391,0.3812,0.3797,7,10,2,4,1,7,5.1724,24.328687499999997,2019,10,N,1,1,2,0,1.823982,-0.24025799999999997,0.286,0.4
2019-10-21 20:00:00,2019,1,0,Sheffield United,Arsenal,0.895722,0.949735,0.2926,0.3964,0.311,8,9,2,3,6,8,5.9444,12.2143,2019,10,V,3,0,1,1,1.8454570000000001,-0.05401299999999998,0.25,0.333
2019-10-25 20:00:00,2019,0,9,Southampton,Leicester,0.457334,4.38046,0.0032,0.0132,0.9836,6,25,3,15,1,9,3.1892,17.0476,2019,10,D,0,3,9,-9,4.837794000000001,-3.9231260000000003,0.5,0.6
2019-10-26 12:30:00,2019,3,0,Manchester City,Aston Villa,3.19004,0.980145,0.8517,0.1,0.0483,25,11,9,5,18,3,26.7,8.0833,2019,10,V,3,0,3,3,4.170185,2.2098950000000004,0.36,0.455
2019-10-26 15:00:00,2019,3,2,Brighton,Everton,1.15279,1.04723,0.3737,0.3492,0.2771,8,10,4,6,4,7,11.6786,8.4643,2019,10,V,3,0,5,1,2.2000200000000003,0.10555999999999988,0.5,0.6
2019-10-26 15:00:00,2019,0,0,Watford,Bournemouth,0.674903,0.899526,0.2583,0.3633,0.3784,7,15,3,5,5,3,9.3684,13.1538,2019,10,N,1,1,0,0,1.574429,-0.22462300000000002,0.429,0.333
2019-10-26 15:00:00,2019,1,1,West Ham,Sheffield United,2.33891,1.16171,0.7017,0.1979,0.1004,12,10,4,4,9,7,14.4286,10.125,2019,10,N,1,1,2,0,3.5006199999999996,1.1771999999999998,0.333,0.4
2019-10-26 17:30:00,2019,2,4,Burnley,Chelsea,2.23494,0.988321,0.7194,0.1734,0.1072,13,16,5,7,8,6,10.4737,15.96,2019,10,D,0,3,6,-2,3.223261,1.246619,0.385,0.438
2019-10-27 14:00:00,2019,1,1,Newcastle United,Wolverhampton Wanderers,0.603104,1.93255,0.0764,0.1803,0.7433,13,13,2,5,3,6,9.6,24.328687499999997,2019,10,N,1,1,2,0,2.535654,-1.329446,0.154,0.385
2019-10-27 16:30:00,2019,2,2,Arsenal,Crystal Palace,1.54014,1.77892,0.2675,0.2977,0.4348,15,10,6,4,8,1,26.3,7.6667,2019,10,N,1,1,4,0,3.3190600000000003,-0.23878,0.4,0.4
2019-10-27 16:30:00,2019,2,1,Liverpool,Tottenham,2.18851,1.35143,0.5907,0.2368,0.1725,21,11,13,4,13,4,27.855400000000003,5.069,2019,10,V,3,0,3,1,3.5399399999999996,0.83708,0.619,0.364
2019-10-27 16:30:00,2019,1,3,Norwich,Manchester United,0.8924,4.51232,0.0079,0.0224,0.9697,10,21,3,11,6,6,9.5,8.6538,2019,10,D,0,3,4,-2,5.40472,-3.61992,0.3,0.524
2019-11-02 12:30:00,2019,1,0,Bournemouth,Manchester United,1.86862,0.641129,0.7315,0.1875,0.081,12,15,6,4,3,4,8.5,8.2593,2019,11,V,3,0,1,1,2.509749,1.227491,0.5,0.267
2019-11-02 15:00:00,2019,1,1,Arsenal,Wolverhampton Wanderers,1.02552,1.5103,0.2334,0.281,0.4856,10,25,4,8,9,6,11.76,14.0714,2019,11,N,1,1,2,0,2.53582,-0.48478,0.4,0.32
2019-11-02 15:00:00,2019,1,2,Aston Villa,Liverpool,0.741615,2.38824,0.0731,0.1563,0.7706,5,25,2,6,2,16,4.4,20.9286,2019,11,D,0,3,3,-1,3.129855,-1.6466250000000002,0.4,0.24
2019-11-02 15:00:00,2019,2,0,Brighton,Norwich,2.65496,0.455082,0.8783,0.094,0.0277,21,7,5,0,15,5,15.2105,6.9677,2019,11,V,3,0,2,2,3.110042,2.199878,0.238,0.0
2019-11-02 15:00:00,2019,2,1,Manchester City,Southampton,3.36132,0.893889,0.9119,0.074,0.0141,26,3,4,3,31,2,17.75,3.1923,2019,11,V,3,0,3,1,4.255209,2.467431,0.154,1.0
2019-11-02 15:00:00,2019,3,0,Sheffield United,Burnley,2.58392,0.716613,0.83,0.1251,0.0449,13,6,6,0,6,3,8.5,17.7143,2019,11,V,3,0,3,3,3.300533,1.8673069999999998,0.462,0.0
2019-11-02 15:00:00,2019,2,3,West Ham,Newcastle United,1.53597,1.93192,0.271,0.258,0.471,17,12,6,9,17,5,14.4706,4.1667,2019,11,D,0,3,5,-1,3.46789,-0.39595,0.353,0.75
2019-11-02 17:30:00,2019,1,2,Watford,Chelsea,1.4744,2.18313,0.2033,0.2538,0.5429,12,16,3,10,6,8,11.2632,20.2,2019,11,D,0,3,3,-1,3.6575299999999995,-0.7087299999999999,0.25,0.625
2019-11-03 14:00:00,2019,0,2,Crystal Palace,Leicester,0.44291,0.981167,0.155,0.3517,0.4933,12,14,3,5,5,5,6.4138,17.8,2019,11,D,0,3,2,-2,1.424077,-0.538257,0.25,0.357
2019-11-03 16:30:00,2019,1,1,Everton,Tottenham,1.15532,0.243393,0.6632,0.2752,0.0616,7,4,3,2,8,1,10.2222,11.24,2019,11,N,1,1,2,0,1.3987129999999999,0.9119269999999999,0.429,0.5
2019-11-08 20:00:00,2019,0,2,Norwich,Watford,0.62104,1.36017,0.1585,0.28,0.5615,17,12,5,2,11,3,15.5455,7.5789,2019,11,D,0,3,2,-2,1.9812100000000001,-0.7391300000000001,0.294,0.167
2019-11-09 12:30:00,2019,2,0,Chelsea,Crystal Palace,3.28903,0.479488,0.9423,0.0481,0.0096,23,3,5,1,11,3,13.913,7.75,2019,11,V,3,0,2,2,3.768518,2.809542,0.217,0.333
2019-11-09 15:00:00,2019,3,0,Burnley,West Ham,2.4158,0.474281,0.8586,0.1051,0.0363,14,7,12,4,5,5,5.7083,9.0833,2019,11,V,3,0,3,3,2.890081,1.941519,0.857,0.571
2019-11-09 15:00:00,2019,2,1,Newcastle United,Bournemouth,2.3306,1.9213,0.4754,0.2446,0.28,20,16,9,3,5,10,7.8235,18.8824,2019,11,V,3,0,3,1,4.2519,0.4093,0.45,0.188
2019-11-09 15:00:00,2019,1,2,Southampton,Everton,0.742281,2.08883,0.0761,0.2071,0.7168,4,24,3,5,1,6,6.5161,9.9412,2019,11,D,0,3,3,-1,2.831111,-1.3465490000000002,0.75,0.208
2019-11-09 15:00:00,2019,1,1,Tottenham,Sheffield United,1.5104,0.923443,0.5262,0.2654,0.2084,17,14,5,4,4,6,11.5172,9.5294,2019,11,N,1,1,2,0,2.433843,0.586957,0.294,0.286
2019-11-09 17:30:00,2019,2,0,Leicester,Arsenal,1.37055,0.961339,0.4439,0.3099,0.2462,19,8,7,1,14,10,17.1429,8.0882,2019,11,V,3,0,2,2,2.331889,0.4092109999999999,0.368,0.125
2019-11-10 14:00:00,2019,2,1,Wolverhampton Wanderers,Aston Villa,2.09891,0.473225,0.7939,0.1511,0.055,17,13,5,4,8,0,6.3,6.5938,2019,11,V,3,0,3,1,2.5721350000000003,1.625685,0.294,0.308
2019-11-10 14:00:00,2019,3,1,Manchester United,Brighton,3.65299,1.1342,0.8833,0.0828,0.0339,21,6,11,2,9,2,5.3143,11.9615,2019,11,V,3,0,4,2,4.78719,2.51879,0.524,0.333
2019-11-10 16:30:00,2019,3,1,Liverpool,Manchester City,1.3319,1.48104,0.3127,0.2881,0.3992,12,18,5,3,6,9,12.0476,20.4615,2019,11,V,3,0,4,2,2.81294,-0.14913999999999983,0.417,0.167
2019-11-23 12:30:00,2019,2,3,West Ham,Tottenham,0.661449,2.20681,0.0614,0.1533,0.7853,11,15,4,6,6,3,9.087,11.3333,2019,11,D,0,3,5,-1,2.868259,-1.545361,0.364,0.4
2019-11-23 15:00:00,2019,2,2,Arsenal,Southampton,1.60823,2.60312,0.1668,0.2108,0.6224,12,21,5,6,3,10,7.3429,6.0,2019,11,N,1,1,4,0,4.21135,-0.99489,0.417,0.286
2019-11-23 15:00:00,2019,1,2,Bournemouth,Wolverhampton Wanderers,0.849789,1.2765,0.2059,0.3272,0.4669,9,17,2,7,3,7,13.7,14.0435,2019,11,D,0,3,3,-1,2.126289,-0.42671099999999995,0.222,0.412
2019-11-23 15:00:00,2019,0,2,Brighton,Leicester,0.784706,3.50917,0.017,0.0549,0.9281,7,19,0,9,8,9,27.0,16.4667,2019,11,D,0,3,2,-2,4.293876,-2.724464,0.0,0.474
2019-11-23 15:00:00,2019,1,2,Crystal Palace,Liverpool,1.02306,1.64291,0.1967,0.2659,0.5374,16,12,6,4,8,11,10.1111,21.9231,2019,11,D,0,3,3,-1,2.66597,-0.61985,0.375,0.333
2019-11-23 15:00:00,2019,0,2,Everton,Norwich,0.812693,1.80849,0.1424,0.2108,0.6468,18,13,7,5,15,4,8.2174,5.9565,2019,11,D,0,3,2,-2,2.621183,-0.9957969999999999,0.389,0.385
2019-11-23 15:00:00,2019,0,3,Watford,Burnley,0.902384,2.66281,0.0541,0.1127,0.8332,13,11,3,5,5,2,11.625,5.9474,2019,11,D,0,3,3,-3,3.565194,-1.7604259999999998,0.231,0.455
2019-11-23 17:30:00,2019,2,1,Manchester City,Chelsea,1.23596,0.820474,0.4647,0.3041,0.2312,15,11,4,2,14,6,18.6316,16.3333,2019,11,V,3,0,3,1,2.056434,0.4154859999999999,0.267,0.182
2019-11-24 16:30:00,2019,3,3,Sheffield United,Manchester United,1.56025,1.33065,0.4198,0.3029,0.2773,12,11,8,5,3,6,8.6316,10.4839,2019,11,N,1,1,6,0,2.8909000000000002,0.2295999999999998,0.667,0.455
2019-11-25 20:00:00,2019,2,0,Aston Villa,Newcastle United,2.6985,0.69784,0.8515,0.1083,0.0402,17,11,8,5,14,3,17.6,7.3333,2019,11,V,3,0,2,2,3.3963400000000004,2.00066,0.471,0.455
2019-11-30 12:30:00,2019,2,2,Newcastle United,Manchester City,0.208252,2.44389,0.0129,0.0872,0.8999,6,24,3,9,2,12,4.1154,24.328687499999997,2019,11,N,1,1,4,0,2.652142,-2.2356380000000002,0.5,0.375
2019-11-30 15:00:00,2019,0,2,Burnley,Crystal Palace,1.8509,0.936732,0.617,0.2446,0.1384,15,7,4,2,5,6,7.2917,8.375,2019,11,D,0,3,2,-2,2.787632,0.914168,0.267,0.286
2019-11-30 15:00:00,2019,0,1,Chelsea,West Ham,2.73185,1.12034,0.7651,0.1557,0.0792,19,5,6,4,6,3,11.2059,11.3571,2019,11,D,0,3,1,-1,3.8521900000000002,1.6115100000000002,0.316,0.8
2019-11-30 15:00:00,2019,2,1,Liverpool,Brighton,1.36832,0.867601,0.5044,0.2797,0.2159,15,12,7,5,11,3,15.0556,14.9167,2019,11,V,3,0,3,1,2.235921,0.500719,0.467,0.417
2019-11-30 15:00:00,2019,3,2,Tottenham,Bournemouth,2.93189,1.02949,0.8068,0.1241,0.0691,15,20,5,6,9,6,8.5625,8.8889,2019,11,V,3,0,5,1,3.96138,1.9024,0.333,0.3
2019-11-30 17:30:00,2019,2,1,Southampton,Watford,1.9671,0.504005,0.826,0.1455,0.0285,11,6,6,3,8,5,14.2,7.5556,2019,11,V,3,0,3,1,2.471105,1.463095,0.545,0.5
2019-12-01 14:00:00,2019,1,1,Wolverhampton Wanderers,Sheffield United,1.27422,1.47296,0.3147,0.2737,0.4116,13,9,3,4,4,8,7.8919,7.5714,2019,12,N,1,1,2,0,2.74718,-0.19874000000000014,0.231,0.444
2019-12-01 14:00:00,2019,2,2,Norwich,Arsenal,0.810596,1.96157,0.1015,0.191,0.7075,15,16,7,7,2,10,7.8846,24.328687499999997,2019,12,N,1,1,4,0,2.772166,-1.1509740000000002,0.467,0.438
2019-12-01 16:30:00,2019,2,1,Leicester,Everton,2.24348,1.24986,0.6223,0.2153,0.1624,16,11,6,3,9,1,18.35,5.6087,2019,12,V,3,0,3,1,3.49334,0.99362,0.375,0.273
2019-12-01 16:30:00,2019,2,2,Manchester United,Aston Villa,1.84804,1.29701,0.5014,0.2793,0.2193,16,9,6,3,13,3,12.0,6.6522,2019,12,N,1,1,4,0,3.14505,0.5510299999999999,0.375,0.333
2019-12-03 19:30:00,2019,1,0,Crystal Palace,Bournemouth,0.383763,0.342799,0.2392,0.5482,0.2126,7,6,2,3,6,10,5.619,20.3333,2019,12,V,3,0,1,1,0.726562,0.040964,0.286,0.5
2019-12-03 20:15:00,2019,1,4,Burnley,Manchester City,0.486548,2.56057,0.025,0.0891,0.8859,4,17,2,8,3,13,11.2,24.328687499999997,2019,12,D,0,3,5,-3,3.0471179999999998,-2.074022,0.5,0.471
2019-12-04 19:30:00,2019,2,0,Leicester,Watford,2.28735,0.199733,0.9199,0.0706,0.0095,12,4,6,1,9,4,13.5417,7.1905,2019,12,V,3,0,2,2,2.487083,2.087617,0.5,0.25
2019-12-04 19:30:00,2019,2,0,Wolverhampton Wanderers,West Ham,1.82237,0.501977,0.735,0.1951,0.0699,13,6,7,3,5,4,9.8462,9.2581,2019,12,V,3,0,2,2,2.324347,1.3203930000000001,0.538,0.5
2019-12-04 19:30:00,2019,2,1,Manchester United,Tottenham,1.47683,0.542315,0.6568,0.2512,0.092,12,8,7,5,1,2,8.4815,7.3684,2019,12,V,3,0,3,1,2.019145,0.9345150000000001,0.583,0.625
2019-12-04 19:30:00,2019,2,1,Chelsea,Aston Villa,1.9774,0.86086,0.6494,0.2192,0.1314,25,9,9,3,14,2,13.8929,6.9615,2019,12,V,3,0,3,1,2.83826,1.11654,0.36,0.333
2019-12-04 19:30:00,2019,2,1,Southampton,Norwich,2.00232,0.896647,0.6864,0.2089,0.1047,14,10,5,3,9,3,13.8333,9.3056,2019,12,V,3,0,3,1,2.898967,1.1056730000000001,0.357,0.3
2019-12-04 20:15:00,2019,5,2,Liverpool,Everton,2.41397,1.76453,0.5327,0.2329,0.2344,11,12,5,4,10,6,9.0,9.6842,2019,12,V,3,0,7,3,4.1785,0.64944,0.455,0.333
2019-12-05 19:30:00,2019,0,2,Sheffield United,Newcastle United,1.09175,0.533775,0.5039,0.3343,0.1618,13,6,6,4,13,3,27.855400000000003,7.3125,2019,12,D,0,3,2,-2,1.625525,0.557975,0.462,0.667
2019-12-05 20:15:00,2019,1,2,Arsenal,Brighton,0.965377,1.53446,0.229,0.2568,0.5142,12,20,5,9,6,4,8.3929,13.9375,2019,12,D,0,3,3,-1,2.499837,-0.5690829999999999,0.417,0.45
2019-12-07 12:30:00,2019,3,1,Everton,Chelsea,2.03892,1.25734,0.5741,0.2352,0.1907,13,15,7,4,5,17,4.6111,8.9744,2019,12,V,3,0,4,2,3.29626,0.7815800000000002,0.538,0.267
2019-12-07 15:00:00,2019,0,3,Bournemouth,Liverpool,0.154608,3.04446,0.0046,0.0368,0.9586,3,22,0,9,2,19,9.3529,24.328687499999997,2019,12,D,0,3,3,-3,3.199068,-2.889852,0.0,0.409
2019-12-07 15:00:00,2019,5,0,Tottenham,Burnley,2.39684,1.08645,0.7218,0.1919,0.0863,13,7,7,1,3,1,11.2963,11.0,2019,12,V,3,0,5,5,3.48329,1.3103900000000002,0.538,0.143
2019-12-07 15:00:00,2019,0,0,Watford,Crystal Palace,1.57132,0.210746,0.7994,0.1733,0.0273,13,3,3,0,7,2,9.05,10.5,2019,12,N,1,1,0,0,1.782066,1.3605740000000002,0.231,0.0
2019-12-07 17:30:00,2019,1,2,Manchester City,Manchester United,2.07108,1.63385,0.4696,0.2472,0.2832,21,11,5,7,23,8,20.8462,3.7429,2019,12,D,0,3,3,-1,3.70493,0.4372299999999998,0.238,0.636
2019-12-08 14:00:00,2019,1,4,Aston Villa,Leicester,1.24141,4.03286,0.0239,0.0624,0.9137,15,23,2,8,12,17,4.2963,8.6667,2019,12,D,0,3,5,-3,5.2742700000000005,-2.79145,0.133,0.348
2019-12-08 14:00:00,2019,2,1,Newcastle United,Southampton,1.10449,1.89255,0.1687,0.2549,0.5764,12,19,6,4,3,6,4.8667,13.8,2019,12,V,3,0,3,1,2.99704,-0.78806,0.5,0.211
2019-12-08 14:00:00,2019,1,2,Norwich,Sheffield United,0.585805,0.712899,0.2498,0.4017,0.3485,14,9,4,3,7,2,11.12,12.375,2019,12,D,0,3,3,-1,1.2987039999999999,-0.12709399999999993,0.286,0.333
2019-12-08 16:30:00,2019,2,2,Brighton,Wolverhampton Wanderers,0.951621,1.87208,0.1487,0.2284,0.6229,13,13,4,5,6,11,23.1333,5.8667,2019,12,N,1,1,4,0,2.823701,-0.9204589999999999,0.308,0.385
2019-12-09 20:00:00,2019,1,3,West Ham,Arsenal,0.521847,1.79181,0.073,0.1861,0.7409,11,10,4,3,4,7,23.1667,12.1351,2019,12,D,0,3,4,-2,2.313657,-1.269963,0.364,0.3
2019-12-14 12:30:00,2019,2,0,Liverpool,Watford,1.56674,1.01166,0.518,0.2644,0.2176,16,8,6,2,10,7,17.7727,5.0385,2019,12,V,3,0,2,2,2.5784000000000002,0.55508,0.375,0.25
2019-12-14 15:00:00,2019,1,0,Burnley,Newcastle United,1.43602,1.08726,0.4421,0.3378,0.2201,7,9,4,0,2,2,10.45,7.1481,2019,12,V,3,0,1,1,2.5232799999999997,0.3487600000000002,0.571,0.0
2019-12-14 15:00:00,2019,0,1,Chelsea,Bournemouth,2.02119,1.20777,0.566,0.2294,0.2046,18,11,5,2,6,3,17.2105,4.5333,2019,12,D,0,3,1,-1,3.22896,0.8134199999999998,0.278,0.182
2019-12-14 15:00:00,2019,1,1,Leicester,Norwich,1.06421,1.16408,0.3044,0.3038,0.3918,18,10,5,3,5,7,11.5,7.0333,2019,12,N,1,1,2,0,2.2282900000000003,-0.0998699999999999,0.278,0.3
2019-12-14 15:00:00,2019,2,0,Sheffield United,Aston Villa,1.888,0.97258,0.632,0.2565,0.1115,7,8,3,0,13,1,10.85,8.0,2019,12,V,3,0,2,2,2.8605799999999997,0.9154199999999999,0.429,0.0
2019-12-14 17:30:00,2019,0,1,Southampton,West Ham,0.805884,0.90324,0.311,0.3452,0.3438,11,11,2,4,7,8,11.95,7.7222,2019,12,D,0,3,1,-1,1.709124,-0.097356,0.182,0.364
2019-12-15 14:00:00,2019,1,1,Manchester United,Everton,1.48327,0.276759,0.7171,0.2244,0.0585,24,8,8,3,4,2,11.25,8.9091,2019,12,N,1,1,2,0,1.760029,1.2065110000000001,0.333,0.375
2019-12-15 14:00:00,2019,1,2,Wolverhampton Wanderers,Tottenham,0.718669,0.989205,0.2404,0.3386,0.421,18,9,5,5,8,10,8.6923,6.6774,2019,12,D,0,3,3,-1,1.707874,-0.270536,0.278,0.556
2019-12-15 16:30:00,2019,0,3,Arsenal,Manchester City,0.28161,1.69553,0.042,0.1757,0.7823,6,14,1,7,1,6,8.5135,18.1304,2019,12,D,0,3,3,-3,1.97714,-1.41392,0.167,0.5
2019-12-16 19:45:00,2019,1,1,Crystal Palace,Brighton,0.484859,2.48355,0.0214,0.081,0.8976,11,15,4,10,5,11,5.25,19.3125,2019,12,N,1,1,2,0,2.9684090000000003,-1.9986910000000002,0.364,0.667
2019-12-21 12:30:00,2019,0,0,Everton,Arsenal,0.486523,0.881818,0.1606,0.3613,0.4781,9,6,0,2,8,1,8.0435,12.4231,2019,12,N,1,1,0,0,1.368341,-0.395295,0.0,0.333
2019-12-21 15:00:00,2019,1,3,Aston Villa,Southampton,0.921054,2.63444,0.0701,0.1332,0.7967,19,17,5,8,6,5,12.0,10.4375,2019,12,D,0,3,4,-2,3.5554940000000004,-1.713386,0.263,0.471
2019-12-21 15:00:00,2019,0,1,Bournemouth,Burnley,0.138532,0.144318,0.1153,0.7656,0.1191,3,2,0,1,6,0,8.3929,5.5556,2019,12,D,0,3,1,-1,0.28285,-0.005786000000000013,0.0,0.5
2019-12-21 15:00:00,2019,0,1,Brighton,Sheffield United,0.428371,1.65933,0.0649,0.1924,0.7427,9,7,2,2,9,1,20.2222,8.5333,2019,12,D,0,3,1,-1,2.087701,-1.230959,0.222,0.286
2019-12-21 15:00:00,2019,1,0,Newcastle United,Crystal Palace,0.714368,0.985368,0.2554,0.3549,0.3897,8,16,3,4,6,14,8.6522,12.5,2019,12,V,3,0,1,1,1.6997360000000001,-0.271,0.375,0.25
2019-12-21 15:00:00,2019,1,2,Norwich,Wolverhampton Wanderers,1.26536,1.65224,0.2615,0.2668,0.4717,13,14,7,4,4,2,9.4615,14.5882,2019,12,D,0,3,3,-1,2.9176,-0.3868799999999999,0.538,0.286
2019-12-21 17:30:00,2019,3,1,Manchester City,Leicester,3.59139,1.01388,0.9032,0.0714,0.0254,23,5,12,2,17,0,27.855400000000003,8.625,2019,12,V,3,0,4,2,4.60527,2.57751,0.522,0.4
2019-12-22 14:00:00,2019,2,0,Watford,Manchester United,1.59291,1.5309,0.3791,0.2811,0.3398,11,17,3,8,8,8,5.4167,8.875,2019,12,V,3,0,2,2,3.1238099999999998,0.06201000000000012,0.273,0.471
2019-12-22 16:30:00,2019,0,2,Tottenham,Chelsea,0.276667,1.49374,0.0406,0.1922,0.7672,5,13,1,3,7,8,10.4,12.7826,2019,12,D,0,3,2,-2,1.770407,-1.217073,0.2,0.231
2019-12-26 12:30:00,2019,2,1,Tottenham,Brighton,1.02645,1.09007,0.3168,0.3158,0.3674,11,11,5,5,7,2,9.6923,10.125,2019,12,V,3,0,3,1,2.1165200000000004,-0.06362000000000001,0.455,0.455
2019-12-26 15:00:00,2019,1,0,Aston Villa,Norwich,0.654194,1.45005,0.1589,0.2584,0.5827,11,16,2,6,4,3,9.2222,11.5217,2019,12,V,3,0,1,1,2.104244,-0.795856,0.182,0.375
2019-12-26 15:00:00,2019,1,1,Bournemouth,Arsenal,1.55463,1.42464,0.4082,0.2741,0.3177,12,17,4,2,9,13,7.6538,23.8,2019,12,N,1,1,2,0,2.9792699999999996,0.12999000000000005,0.333,0.118
2019-12-26 15:00:00,2019,0,2,Chelsea,Southampton,0.859973,0.981321,0.2827,0.3415,0.3758,10,5,3,3,10,2,12.5357,5.1111,2019,12,D,0,3,2,-2,1.841294,-0.12134800000000001,0.3,0.6
2019-12-26 15:00:00,2019,2,1,Crystal Palace,West Ham,2.14195,0.796338,0.7301,0.1812,0.0887,13,10,4,2,12,8,9.9091,9.9412,2019,12,V,3,0,3,1,2.938288,1.345612,0.308,0.2
2019-12-26 15:00:00,2019,1,0,Everton,Burnley,1.47521,0.565252,0.6218,0.2726,0.1056,21,6,5,0,2,1,13.0833,5.5263,2019,12,V,3,0,1,1,2.0404619999999998,0.9099579999999999,0.238,0.0
2019-12-26 15:00:00,2019,1,1,Sheffield United,Watford,2.04481,0.596611,0.7843,0.1616,0.0541,16,5,4,2,6,6,20.4286,13.2,2019,12,N,1,1,2,0,2.6414210000000002,1.448199,0.25,0.4
2019-12-26 17:30:00,2019,4,1,Manchester United,Newcastle United,1.99638,1.05018,0.612,0.2376,0.1504,22,7,10,2,6,4,27.855400000000003,5.5185,2019,12,V,3,0,5,3,3.04656,0.9462000000000002,0.455,0.286
2019-12-26 20:00:00,2019,0,4,Leicester,Liverpool,0.120994,3.76973,0.0003,0.0086,0.9911,3,15,0,6,3,6,11.4348,20.4706,2019,12,D,0,3,4,-4,3.890724,-3.648736,0.0,0.4
2019-12-27 19:45:00,2019,3,2,Wolverhampton Wanderers,Manchester City,2.39405,1.52044,0.6128,0.2356,0.1516,20,7,8,3,4,1,18.8,13.0588,2019,12,V,3,0,5,1,3.91449,0.87361,0.4,0.429
2019-12-28 12:30:00,2019,2,0,Brighton,Bournemouth,1.05876,0.500726,0.5128,0.3292,0.158,16,10,6,2,11,5,17.125,9.375,2019,12,V,3,0,2,2,1.559486,0.5580339999999999,0.375,0.2
2019-12-28 15:00:00,2019,1,2,Newcastle United,Everton,1.63211,2.82576,0.1581,0.1764,0.6655,20,22,5,9,6,6,8.5,14.7059,2019,12,D,0,3,3,-1,4.45787,-1.1936499999999999,0.25,0.409
2019-12-28 15:00:00,2019,1,1,Southampton,Crystal Palace,1.47937,0.137837,0.7755,0.1989,0.0256,14,5,5,2,4,2,19.3571,5.4118,2019,12,N,1,1,2,0,1.617207,1.341533,0.357,0.4
2019-12-28 15:00:00,2019,3,0,Watford,Aston Villa,3.25314,0.610997,0.9266,0.0573,0.0161,20,11,7,2,8,6,16.0,8.76,2019,12,V,3,0,3,3,3.8641370000000004,2.642143,0.35,0.182
2019-12-28 17:30:00,2019,2,2,Norwich,Tottenham,0.268052,1.82189,0.0263,0.141,0.8327,5,15,2,7,4,11,9.8,8.4667,2019,12,N,1,1,4,0,2.089942,-1.553838,0.4,0.467
2019-12-28 17:30:00,2019,1,2,West Ham,Leicester,0.782104,2.62349,0.0516,0.1144,0.834,14,13,4,8,7,8,7.5909,8.9412,2019,12,D,0,3,3,-1,3.405594,-1.841386,0.286,0.615
2019-12-28 19:45:00,2019,0,2,Burnley,Manchester United,0.386662,2.10542,0.0282,0.1155,0.8563,8,14,1,5,3,9,8.3333,13.5,2019,12,D,0,3,2,-2,2.492082,-1.718758,0.125,0.357
2019-12-29 14:00:00,2019,1,2,Arsenal,Chelsea,0.785214,1.49666,0.1634,0.2709,0.5657,7,13,2,4,7,8,6.8947,14.0435,2019,12,D,0,3,3,-1,2.281874,-0.7114460000000001,0.286,0.308
2019-12-29 16:30:00,2019,1,0,Liverpool,Wolverhampton Wanderers,1.49124,0.363764,0.7092,0.224,0.0668,10,10,3,2,14,3,21.3333,6.2667,2019,12,V,3,0,1,1,1.8550039999999999,1.127476,0.3,0.2
2019-12-29 18:00:00,2019,2,0,Manchester City,Sheffield United,1.08628,1.23346,0.3044,0.3003,0.3953,16,8,4,0,9,2,27.855400000000003,10.9231,2019,12,V,3,0,2,2,2.31974,-0.1471800000000001,0.25,0.0
2020-01-01 12:30:00,2019,1,1,Brighton,Chelsea,1.56978,1.57497,0.3583,0.2959,0.3458,16,16,5,5,10,7,8.5313,12.1481,2020,1,N,1,1,2,0,3.14475,-0.005190000000000028,0.312,0.312
2020-01-01 12:30:00,2019,1,2,Burnley,Aston Villa,2.34418,1.74824,0.532,0.2321,0.2359,20,11,1,6,9,5,26.5,7.9444,2020,1,D,0,3,3,-1,4.092420000000001,0.5959400000000001,0.05,0.545
2020-01-01 15:00:00,2019,0,3,Newcastle United,Leicester,0.780118,2.43642,0.0438,0.1446,0.8116,5,17,2,10,2,16,3.5882,24.328687499999997,2020,1,D,0,3,3,-3,3.216538,-1.6563020000000002,0.4,0.588
2020-01-01 15:00:00,2019,1,0,Southampton,Tottenham,1.51192,1.078,0.4731,0.2856,0.2413,12,11,3,5,4,4,6.4348,6.375,2020,1,V,3,0,1,1,2.58992,0.43391999999999986,0.25,0.455
2020-01-01 15:00:00,2019,2,1,Watford,Wolverhampton Wanderers,1.07053,1.23252,0.3114,0.298,0.3906,9,16,3,4,7,7,8.45,20.1176,2020,1,V,3,0,3,1,2.30305,-0.16199000000000008,0.333,0.25
2020-01-01 17:30:00,2019,4,0,West Ham,Bournemouth,2.32825,0.720709,0.8034,0.1575,0.0391,14,3,7,2,8,4,15.9333,22.5263,2020,1,V,3,0,4,4,3.048959,1.607541,0.5,0.667
2020-01-01 17:30:00,2019,2,1,Manchester City,Everton,1.79757,0.848942,0.6084,0.2598,0.1318,16,7,7,2,9,2,22.5217,10.28,2020,1,V,3,0,3,1,2.646512,0.9486279999999999,0.438,0.286
2020-01-01 17:30:00,2019,1,1,Norwich,Crystal Palace,1.66454,1.29896,0.4478,0.2915,0.2607,15,12,4,3,7,7,8.0,11.2727,2020,1,N,1,1,2,0,2.9635,0.36558,0.267,0.25
2020-01-01 20:00:00,2019,2,0,Arsenal,Manchester United,1.90747,0.715563,0.7141,0.2018,0.0841,10,10,4,4,8,5,11.2414,13.5652,2020,1,V,3,0,2,2,2.623033,1.191907,0.4,0.4
2020-01-02 20:00:00,2019,2,0,Liverpool,Sheffield United,3.0465,0.634607,0.9328,0.0591,0.0081,19,3,7,2,16,7,27.855400000000003,14.5833,2020,1,V,3,0,2,2,3.681107,2.411893,0.368,0.667
2020-01-10 20:00:00,2019,1,0,Sheffield United,West Ham,2.02768,0.90477,0.6699,0.207,0.1231,13,7,3,2,4,3,10.9474,9.9286,2020,1,V,3,0,1,1,2.9324500000000002,1.12291,0.231,0.286
2020-01-11 12:30:00,2019,1,1,Crystal Palace,Arsenal,0.317862,1.43924,0.0317,0.1698,0.7985,6,7,3,4,5,8,5.6875,8.8182,2020,1,N,1,1,2,0,1.7571020000000002,-1.121378,0.5,0.571
2020-01-11 15:00:00,2019,1,1,Wolverhampton Wanderers,Newcastle United,2.04805,0.184495,0.8999,0.089,0.0111,9,5,4,1,2,2,16.6957,4.7333,2020,1,N,1,1,2,0,2.232545,1.8635549999999999,0.444,0.2
2020-01-11 15:00:00,2019,3,0,Chelsea,Burnley,2.87633,0.717407,0.8783,0.097,0.0247,18,7,8,3,10,1,27.855400000000003,9.5882,2020,1,V,3,0,3,3,3.593737,2.1589229999999997,0.444,0.429
2020-01-11 15:00:00,2019,1,0,Everton,Brighton,2.02533,1.53324,0.4903,0.2518,0.2579,14,9,6,2,10,6,17.4375,8.6897,2020,1,V,3,0,1,1,3.5585699999999996,0.4920899999999999,0.429,0.222
2020-01-11 15:00:00,2019,1,2,Leicester,Southampton,0.780114,2.40601,0.0603,0.151,0.7887,5,16,5,10,2,3,7.7273,12.0,2020,1,D,0,3,3,-1,3.1861240000000004,-1.6258960000000002,1.0,0.625
2020-01-11 15:00:00,2019,4,0,Manchester United,Norwich,3.13456,0.275987,0.9713,0.0254,0.0033,13,8,6,3,17,4,15.8947,5.0,2020,1,V,3,0,4,4,3.410547,2.858573,0.462,0.375
2020-01-11 17:30:00,2019,0,1,Tottenham,Liverpool,1.10584,1.74564,0.2095,0.2573,0.5332,14,13,4,7,4,21,12.3,24.328687499999997,2020,1,D,0,3,1,-1,2.85148,-0.6398000000000001,0.286,0.538
2020-01-12 14:00:00,2019,0,3,Bournemouth,Watford,0.320447,2.29827,0.0223,0.1044,0.8733,10,18,1,6,5,7,11.44,13.0667,2020,1,D,0,3,3,-3,2.618717,-1.977823,0.1,0.333
2020-01-12 16:30:00,2019,1,6,Aston Villa,Manchester City,1.12565,3.75131,0.0269,0.0804,0.8927,7,22,1,12,1,20,7.6333,24.328687499999997,2020,1,D,0,3,7,-5,4.87696,-2.62566,0.143,0.545
2020-01-18 12:30:00,2019,0,0,Watford,Tottenham,2.39174,1.76697,0.5385,0.2236,0.2379,15,16,2,5,9,13,7.2941,9.1667,2020,1,N,1,1,0,0,4.15871,0.62477,0.133,0.312
2020-01-18 15:00:00,2019,1,1,Arsenal,Sheffield United,1.22882,1.18444,0.3527,0.3268,0.3205,11,12,4,4,6,1,8.9722,9.4444,2020,1,N,1,1,2,0,2.41326,0.044380000000000086,0.364,0.333
2020-01-18 15:00:00,2019,2,2,Manchester City,Crystal Palace,2.47314,0.586716,0.83,0.1309,0.0391,25,5,6,3,23,2,27.855400000000003,4.9231,2020,1,N,1,1,4,0,3.059856,1.8864239999999999,0.24,0.6
2020-01-18 15:00:00,2019,1,1,Brighton,Aston Villa,1.30028,1.02045,0.433,0.3044,0.2626,10,8,2,3,7,4,10.7778,7.2414,2020,1,N,1,1,2,0,2.32073,0.27983,0.2,0.375
2020-01-18 15:00:00,2019,1,0,Norwich,Bournemouth,1.76046,0.558298,0.7257,0.2016,0.0727,16,6,5,3,6,4,13.75,9.7647,2020,1,V,3,0,1,1,2.318758,1.202162,0.312,0.5
2020-01-18 15:00:00,2019,2,3,Southampton,Wolverhampton Wanderers,0.786974,2.1772,0.0779,0.1631,0.759,11,8,5,4,2,5,15.3077,5.1944,2020,1,D,0,3,5,-1,2.964174,-1.3902260000000002,0.455,0.5
2020-01-18 15:00:00,2019,1,1,West Ham,Everton,1.68436,1.95473,0.3048,0.2539,0.4413,12,11,6,3,2,4,8.2593,9.8,2020,1,N,1,1,2,0,3.6390900000000004,-0.27037,0.5,0.273
2020-01-18 17:30:00,2019,1,0,Newcastle United,Chelsea,0.892988,2.05436,0.1176,0.2097,0.6727,7,19,2,4,3,11,4.2333,23.2727,2020,1,V,3,0,1,1,2.947348,-1.161372,0.286,0.211
2020-01-19 14:00:00,2019,2,1,Burnley,Leicester,1.50886,2.33415,0.1548,0.2598,0.5854,8,18,5,8,3,14,9.8261,9.72,2020,1,V,3,0,3,1,3.8430100000000005,-0.8252900000000001,0.625,0.444
2020-01-19 16:30:00,2019,2,0,Liverpool,Manchester United,2.00655,1.4185,0.5023,0.258,0.2397,16,9,5,4,12,5,15.0,11.0,2020,1,V,3,0,2,2,3.4250499999999997,0.5880499999999997,0.312,0.444
2020-01-21 19:30:00,2019,2,1,Aston Villa,Watford,1.06739,1.81101,0.1601,0.2474,0.5925,16,8,5,2,6,1,9.2727,6.1739,2020,1,V,3,0,3,1,2.8784,-0.74362,0.312,0.25
2020-01-21 19:30:00,2019,0,1,Sheffield United,Manchester City,0.774943,2.873,0.0228,0.0931,0.8841,4,18,1,5,6,11,8.8333,23.0,2020,1,D,0,3,1,-1,3.647943,-2.0980570000000003,0.25,0.278
2020-01-21 19:30:00,2019,2,2,Everton,Newcastle United,2.05254,0.570931,0.7659,0.1706,0.0635,17,9,8,3,5,2,15.087,11.72,2020,1,N,1,1,4,0,2.623471,1.4816090000000002,0.471,0.333
2020-01-21 19:30:00,2019,3,1,Bournemouth,Brighton,1.92315,1.97227,0.3485,0.2752,0.3763,11,21,3,8,6,4,6.4286,11.129,2020,1,V,3,0,4,2,3.8954199999999997,-0.04912000000000005,0.273,0.381
2020-01-21 19:30:00,2019,0,2,Crystal Palace,Southampton,0.674589,1.1306,0.1976,0.3236,0.4788,6,15,0,6,9,8,4.5,7.8333,2020,1,D,0,3,2,-2,1.805189,-0.45601100000000006,0.0,0.4
2020-01-21 20:15:00,2019,2,2,Chelsea,Arsenal,3.38612,0.568077,0.9524,0.0418,0.0058,19,2,8,2,21,2,21.6667,8.3214,2020,1,N,1,1,4,0,3.954197,2.818043,0.421,1.0
2020-01-22 19:30:00,2019,4,1,Leicester,West Ham,2.91302,1.16254,0.829,0.1353,0.0357,19,6,8,2,18,2,15.8,5.9545,2020,1,V,3,0,5,3,4.075559999999999,1.75048,0.421,0.333
2020-01-22 19:30:00,2019,2,1,Tottenham,Norwich,2.22282,1.42472,0.5976,0.2549,0.1475,14,13,3,2,7,11,14.2353,9.0323,2020,1,V,3,0,3,1,3.6475400000000002,0.7981,0.214,0.154
2020-01-22 20:15:00,2019,0,2,Manchester United,Burnley,1.416,0.717284,0.5315,0.2893,0.1792,24,5,7,2,11,3,13.8846,10.9,2020,1,D,0,3,2,-2,2.1332839999999997,0.6987159999999999,0.292,0.4
2020-01-23 20:00:00,2019,1,2,Wolverhampton Wanderers,Liverpool,1.85442,1.59024,0.4512,0.25,0.2988,10,13,3,6,4,2,11.8889,22.375,2020,1,D,0,3,3,-1,3.44466,0.26417999999999986,0.3,0.462
2020-01-29 19:45:00,2019,0,2,West Ham,Liverpool,0.878341,2.59926,0.0492,0.1417,0.8091,7,13,4,5,2,11,7.4815,24.328687499999997,2020,1,D,0,3,2,-2,3.477601,-1.720919,0.571,0.385
2020-02-01 12:30:00,2019,2,2,Leicester,Chelsea,1.65956,0.806995,0.5887,0.2617,0.1496,14,7,4,3,5,8,14.6316,7.8485,2020,2,N,1,1,4,0,2.466555,0.8525649999999999,0.286,0.429
2020-02-01 15:00:00,2019,2,1,Bournemouth,Aston Villa,2.72236,1.40955,0.7011,0.1708,0.1281,16,17,6,4,8,7,7.6429,10.0,2020,2,V,3,0,3,1,4.13191,1.31281,0.375,0.235
2020-02-01 15:00:00,2019,0,1,Crystal Palace,Sheffield United,0.970063,0.860755,0.3565,0.3416,0.3019,13,10,3,3,6,4,10.3103,11.0,2020,2,D,0,3,1,-1,1.830818,0.10930799999999996,0.231,0.3
2020-02-01 15:00:00,2019,4,0,Liverpool,Southampton,3.7195,0.716298,0.9565,0.035,0.0085,16,17,9,4,8,7,12.7391,6.2273,2020,2,V,3,0,4,4,4.435798,3.003202,0.562,0.235
2020-02-01 15:00:00,2019,0,0,Newcastle United,Norwich,0.937293,2.39985,0.0835,0.1615,0.755,15,19,5,4,2,9,7.6923,11.3182,2020,2,N,1,1,0,0,3.3371429999999997,-1.4625569999999999,0.333,0.211
2020-02-01 15:00:00,2019,2,3,Watford,Everton,0.919248,2.70178,0.0386,0.12,0.8414,11,12,2,5,2,5,8.2857,9.24,2020,2,D,0,3,5,-1,3.621028,-1.7825319999999998,0.182,0.417
2020-02-01 15:00:00,2019,3,3,West Ham,Brighton,1.30774,2.03179,0.2142,0.2356,0.5502,12,19,6,6,5,9,6.3333,17.3333,2020,2,N,1,1,6,0,3.33953,-0.7240500000000001,0.5,0.316
2020-02-01 17:30:00,2019,0,0,Manchester United,Wolverhampton Wanderers,1.18608,1.54211,0.2764,0.2711,0.4525,16,15,5,4,7,4,9.3448,7.2414,2020,2,N,1,1,0,0,2.72819,-0.35603000000000007,0.312,0.267
2020-02-02 14:00:00,2019,0,0,Burnley,Arsenal,2.24562,1.48025,0.5772,0.2186,0.2042,15,13,2,2,4,4,6.6364,11.1667,2020,2,N,1,1,0,0,3.7258700000000005,0.7653700000000001,0.133,0.154
2020-02-02 16:30:00,2019,2,0,Tottenham,Manchester City,0.420293,3.25139,0.0069,0.0363,0.9568,3,19,3,6,6,21,7.32,21.4118,2020,2,V,3,0,2,2,3.671683,-2.8310969999999998,1.0,0.316
2020-02-08 12:30:00,2019,3,1,Everton,Crystal Palace,2.79103,0.865323,0.8528,0.1105,0.0367,14,10,8,2,2,8,7.8636,8.129,2020,2,V,3,0,4,2,3.656353,1.925707,0.571,0.2
2020-02-08 17:30:00,2019,1,1,Brighton,Watford,0.76201,0.280048,0.4631,0.4184,0.1185,10,5,2,2,7,3,15.3636,7.15,2020,2,N,1,1,2,0,1.042058,0.48196199999999995,0.2,0.4
2020-02-09 14:00:00,2019,2,1,Sheffield United,Bournemouth,2.04467,1.07183,0.6383,0.226,0.1357,16,10,6,2,10,8,10.15,9.3684,2020,2,V,3,0,3,1,3.1165000000000003,0.9728399999999999,0.375,0.2
2020-02-14 20:00:00,2019,0,0,Wolverhampton Wanderers,Leicester,1.14491,0.527366,0.5283,0.311,0.1607,15,9,3,3,6,3,6.5,15.3889,2020,2,N,1,1,0,0,1.672276,0.6175440000000001,0.2,0.333
2020-02-15 12:30:00,2019,1,2,Southampton,Burnley,0.694025,0.892699,0.2518,0.3497,0.3985,10,9,2,6,6,2,9.92,7.4444,2020,2,D,0,3,3,-1,1.586724,-0.19867400000000002,0.2,0.667
2020-02-15 17:30:00,2019,0,1,Norwich,Liverpool,0.383495,2.07331,0.0262,0.1252,0.8486,5,17,1,6,3,13,8.1481,24.328687499999997,2020,2,D,0,3,1,-1,2.456805,-1.6898150000000003,0.2,0.353
2020-02-16 14:00:00,2019,2,3,Aston Villa,Tottenham,1.71313,3.86024,0.0761,0.1094,0.8145,18,23,4,10,8,9,8.7241,9.4762,2020,2,D,0,3,5,-1,5.573370000000001,-2.14711,0.222,0.435
2020-02-16 16:30:00,2019,4,0,Arsenal,Newcastle United,3.02257,1.16662,0.8118,0.126,0.0622,15,10,7,2,16,4,19.5556,5.6552,2020,2,V,3,0,4,4,4.18919,1.85595,0.467,0.2
2020-02-17 20:00:00,2019,0,2,Chelsea,Manchester United,0.940204,0.681814,0.3915,0.3491,0.2594,17,9,1,3,11,2,13.0357,8.9583,2020,2,D,0,3,2,-2,1.6220180000000002,0.25839,0.059,0.333
2020-02-19 19:30:00,2019,2,0,Manchester City,West Ham,2.13777,0.0895892,0.8968,0.0955,0.0077,20,3,7,0,13,1,25.8235,10.2308,2020,2,V,3,0,2,2,2.2273592,2.0481808000000004,0.35,0.0
2020-02-22 12:30:00,2019,2,1,Chelsea,Tottenham,1.78193,0.265879,0.8213,0.1481,0.0306,17,5,7,3,5,1,11.0,7.5319,2020,2,V,3,0,3,1,2.047809,1.516051,0.412,0.6
2020-02-22 15:00:00,2019,1,0,Crystal Palace,Newcastle United,1.75552,0.164495,0.8231,0.1531,0.0238,18,8,9,2,8,2,9.65,6.878,2020,2,V,3,0,1,1,1.920015,1.591025,0.5,0.25
2020-02-22 15:00:00,2019,3,0,Burnley,Bournemouth,3.09935,1.75718,0.6945,0.1712,0.1343,16,12,10,4,5,5,11.3636,10.9524,2020,2,V,3,0,3,3,4.856529999999999,1.3421699999999999,0.625,0.333
2020-02-22 15:00:00,2019,2,0,Southampton,Aston Villa,3.02926,0.47235,0.9014,0.0788,0.0198,28,4,9,1,7,4,5.92,7.4839,2020,2,V,3,0,2,2,3.50161,2.55691,0.321,0.25
2020-02-22 15:00:00,2019,1,1,Sheffield United,Brighton,1.6597,1.06035,0.5221,0.2759,0.202,13,9,3,2,7,2,15.6667,7.3333,2020,2,N,1,1,2,0,2.7200499999999996,0.59935,0.231,0.222
2020-02-22 17:30:00,2019,0,1,Leicester,Manchester City,0.723269,2.42749,0.054,0.1328,0.8132,10,18,3,7,3,12,6.0667,23.125,2020,2,D,0,3,1,-1,3.1507590000000003,-1.704221,0.3,0.389
2020-02-23 14:00:00,2019,3,0,Manchester United,Watford,2.5042,0.294956,0.9024,0.0808,0.0168,21,7,9,2,8,3,9.1842,9.1818,2020,2,V,3,0,3,3,2.799156,2.209244,0.429,0.286
2020-02-23 14:00:00,2019,3,0,Wolverhampton Wanderers,Norwich,3.25033,0.360646,0.9761,0.0212,0.0027,19,6,6,4,3,5,9.7391,10.5714,2020,2,V,3,0,3,3,3.610976,2.889684,0.316,0.667
2020-02-23 16:30:00,2019,3,2,Arsenal,Everton,1.33567,2.65691,0.0959,0.1757,0.7284,9,17,4,5,5,1,10.7778,13.6,2020,2,V,3,0,5,1,3.99258,-1.32124,0.444,0.294
2020-02-24 20:00:00,2019,3,2,Liverpool,West Ham,2.48209,0.638236,0.8423,0.1185,0.0392,25,7,7,4,14,3,27.855400000000003,3.3611,2020,2,V,3,0,5,1,3.120326,1.8438539999999999,0.28,0.571
2020-02-28 20:00:00,2019,1,0,Norwich,Leicester,0.591716,1.42581,0.1394,0.2704,0.5902,11,19,6,4,5,10,7.5217,8.1786,2020,2,V,3,0,1,1,2.017526,-0.834094,0.545,0.211
2020-02-29 12:30:00,2019,0,1,Brighton,Crystal Palace,1.78712,2.17159,0.2966,0.2252,0.4782,23,12,8,3,8,5,17.0556,6.1739,2020,2,D,0,3,1,-1,3.95871,-0.3844700000000001,0.348,0.25
2020-02-29 15:00:00,2019,2,2,Bournemouth,Chelsea,1.58495,1.98271,0.2643,0.2632,0.4725,9,23,5,6,4,14,5.4615,17.2308,2020,2,N,1,1,4,0,3.56766,-0.3977599999999999,0.556,0.261
2020-02-29 15:00:00,2019,0,0,Newcastle United,Burnley,1.11713,0.617612,0.4773,0.3307,0.192,21,7,4,0,5,1,8.8571,6.6364,2020,2,N,1,1,0,0,1.734742,0.4995179999999999,0.19,0.0
2020-02-29 15:00:00,2019,3,1,West Ham,Southampton,2.78682,0.868573,0.8335,0.1123,0.0542,14,10,7,2,5,7,4.5455,14.5789,2020,2,V,3,0,4,2,3.655393,1.918247,0.5,0.2
2020-02-29 17:30:00,2019,3,0,Watford,Liverpool,2.71351,0.206031,0.95,0.0442,0.0058,14,7,5,1,6,12,11.5455,24.328687499999997,2020,2,V,3,0,3,3,2.9195409999999997,2.507479,0.357,0.143
2020-03-01 14:00:00,2019,1,1,Everton,Manchester United,2.41259,1.12561,0.7023,0.1877,0.11,16,14,5,5,5,7,9.1176,8.375,2020,3,N,1,1,2,0,3.5382,1.2869799999999998,0.312,0.357
2020-03-01 14:00:00,2019,2,3,Tottenham,Wolverhampton Wanderers,1.63079,2.62251,0.1427,0.2177,0.6396,13,14,5,4,5,2,12.7097,7.0,2020,3,D,0,3,5,-1,4.2533,-0.9917200000000002,0.385,0.286
2020-03-07 12:30:00,2019,2,1,Liverpool,Bournemouth,1.89453,1.29544,0.524,0.2751,0.2009,14,6,6,4,9,3,20.2941,4.75,2020,3,V,3,0,3,1,3.1899699999999998,0.5990900000000001,0.429,0.667
2020-03-07 15:00:00,2019,1,0,Arsenal,West Ham,1.55974,1.61615,0.3429,0.2922,0.3649,9,14,2,6,7,10,23.1333,11.8,2020,3,V,3,0,1,1,3.17589,-0.05641000000000007,0.222,0.429
2020-03-07 15:00:00,2019,1,0,Crystal Palace,Watford,0.856107,0.449161,0.4571,0.3684,0.1745,10,10,3,3,10,7,5.8387,10.3182,2020,3,V,3,0,1,1,1.3052679999999999,0.406946,0.3,0.3
2020-03-07 15:00:00,2019,1,0,Sheffield United,Norwich,1.17263,2.55449,0.0689,0.1609,0.7702,10,12,4,5,10,3,8.0625,9.9412,2020,3,V,3,0,1,1,3.72712,-1.3818599999999999,0.4,0.417
2020-03-07 15:00:00,2019,0,1,Southampton,Newcastle United,0.348871,3.06384,0.0066,0.0362,0.9572,6,14,3,7,4,4,5.0,12.5238,2020,3,D,0,3,1,-1,3.412711,-2.714969,0.5,0.5
2020-03-07 15:00:00,2019,0,0,Wolverhampton Wanderers,Brighton,0.898221,0.308874,0.5107,0.3715,0.1178,11,7,1,1,2,4,9.5357,20.0,2020,3,N,1,1,0,0,1.207095,0.5893470000000001,0.091,0.143
2020-03-07 17:30:00,2019,1,1,Burnley,Tottenham,3.33302,1.13669,0.8821,0.0881,0.0298,21,13,8,2,6,4,12.5294,7.5806,2020,3,N,1,1,2,0,4.46971,2.1963299999999997,0.381,0.154
2020-03-08 14:00:00,2019,4,0,Chelsea,Everton,2.02883,0.445922,0.7935,0.1647,0.0418,17,3,11,1,9,3,19.087,12.7143,2020,3,V,3,0,4,4,2.474752,1.5829080000000002,0.647,0.333
2020-03-08 16:30:00,2019,2,0,Manchester United,Manchester City,1.7389,0.585469,0.7359,0.2192,0.0449,12,7,6,4,3,2,6.0417,14.7097,2020,3,V,3,0,2,2,2.324369,1.1534309999999999,0.5,0.571
2020-03-09 20:00:00,2019,4,0,Leicester,Aston Villa,2.41239,0.672448,0.8191,0.1377,0.0432,15,4,7,1,8,2,13.2174,5.3793,2020,3,V,3,0,4,4,3.084838,1.7399419999999997,0.467,0.25
2020-06-17 17:00:00,2019,0,0,Aston Villa,Sheffield United,1.00877,0.235909,0.5797,0.3411,0.0792,14,5,6,1,5,2,7.9259,16.2143,2020,6,N,1,1,0,0,1.2446789999999999,0.7728609999999999,0.429,0.2
2020-06-17 19:15:00,2019,3,0,Manchester City,Arsenal,2.73725,0.496759,0.8987,0.0832,0.0181,20,3,12,0,13,1,26.5333,9.48,2020,6,V,3,0,3,3,3.234009,2.240491,0.6,0.0
2020-06-19 17:00:00,2019,0,3,Norwich,Southampton,0.654932,1.87099,0.1121,0.2043,0.6836,9,22,1,9,2,8,5.6111,7.9333,2020,6,D,0,3,3,-3,2.525922,-1.2160579999999999,0.111,0.409
2020-06-19 19:15:00,2019,1,1,Tottenham,Manchester United,0.534852,1.77307,0.0707,0.1876,0.7417,10,12,3,6,1,7,5.5455,16.0526,2020,6,N,1,1,2,0,2.307922,-1.2382179999999998,0.3,0.5
2020-06-20 11:30:00,2019,1,1,Watford,Leicester,1.00765,1.05245,0.3263,0.3235,0.3502,8,15,4,2,5,3,3.8,13.381,2020,6,N,1,1,2,0,2.0601000000000003,-0.04480000000000017,0.5,0.133
2020-06-20 14:00:00,2019,2,1,Brighton,Arsenal,0.670973,0.69627,0.3098,0.3906,0.2996,9,13,5,6,7,4,9.5625,17.1667,2020,6,V,3,0,3,1,1.367243,-0.025296999999999903,0.556,0.462
2020-06-20 16:30:00,2019,0,2,West Ham,Wolverhampton Wanderers,0.44207,1.06433,0.106,0.3138,0.5802,7,10,2,6,1,8,16.0833,17.2353,2020,6,D,0,3,2,-2,1.5064,-0.62226,0.286,0.6
2020-06-20 18:45:00,2019,0,2,Bournemouth,Crystal Palace,0.363637,0.788453,0.1479,0.3899,0.4622,12,7,1,2,6,4,9.7917,9.0,2020,6,D,0,3,2,-2,1.1520899999999998,-0.42481599999999997,0.083,0.286
2020-06-21 13:00:00,2019,3,0,Newcastle United,Sheffield United,2.15148,0.57107,0.809,0.1441,0.0469,12,7,8,1,4,4,15.6111,24.328687499999997,2020,6,V,3,0,3,3,2.72255,1.5804099999999999,0.667,0.143
2020-06-21 15:15:00,2019,1,2,Aston Villa,Chelsea,1.57223,1.14011,0.5017,0.2766,0.2217,8,19,4,5,0,10,6.125,22.4,2020,6,D,0,3,3,-1,2.71234,0.43212000000000006,0.5,0.263
2020-06-21 18:00:00,2019,0,0,Everton,Liverpool,0.621456,0.659123,0.2873,0.4072,0.3055,9,10,3,3,1,10,3.9706,18.4706,2020,6,N,1,1,0,0,1.280579,-0.037667000000000006,0.333,0.3
2020-06-22 19:00:00,2019,5,0,Manchester City,Burnley,2.71096,0.0303408,0.9754,0.0241,0.0005,19,1,7,0,13,0,27.855400000000003,12.5,2020,6,V,3,0,5,5,2.7413008,2.6806192,0.368,0.0
2020-06-23 17:00:00,2019,0,0,Leicester,Brighton,0.505486,1.10227,0.12,0.3138,0.5662,11,9,2,1,8,1,14.913,7.5,2020,6,N,1,1,0,0,1.6077560000000002,-0.5967840000000001,0.182,0.111
2020-06-23 19:15:00,2019,2,0,Tottenham,West Ham,2.24125,0.83104,0.7495,0.1693,0.0812,15,10,4,2,8,3,17.0455,11.6429,2020,6,V,3,0,2,2,3.0722899999999997,1.41021,0.267,0.2
2020-06-24 17:00:00,2019,1,0,Wolverhampton Wanderers,Bournemouth,0.715002,0.0619009,0.5032,0.4655,0.0313,10,4,2,0,1,1,14.6667,12.0625,2020,6,V,3,0,1,1,0.7769029000000001,0.6531011,0.2,0.0
2020-06-24 17:00:00,2019,0,1,Norwich,Everton,0.382813,0.654912,0.1807,0.4444,0.3749,9,12,1,5,2,1,10.5,14.0909,2020,6,D,0,3,1,-1,1.037725,-0.27209900000000004,0.111,0.417
2020-06-24 17:00:00,2019,1,1,Newcastle United,Aston Villa,0.661808,1.22985,0.1822,0.2927,0.5251,13,14,3,2,3,8,9.913,9.4706,2020,6,N,1,1,2,0,1.891658,-0.5680420000000002,0.231,0.143
2020-06-24 17:00:00,2019,3,0,Manchester United,Sheffield United,2.8416,0.108082,0.9616,0.0349,0.0035,15,4,6,1,11,2,24.9412,12.6429,2020,6,V,3,0,3,3,2.949682,2.733518,0.4,0.25
2020-06-24 19:15:00,2019,4,0,Liverpool,Crystal Palace,2.56729,0.0645285,0.9511,0.0466,0.0023,21,3,7,0,14,0,27.855400000000003,5.1714,2020,6,V,3,0,4,4,2.6318185,2.5027614999999996,0.333,0.0
2020-06-25 17:00:00,2019,1,0,Burnley,Watford,0.964774,0.495542,0.4852,0.3483,0.1665,9,10,5,4,5,3,10.3,6.7222,2020,6,V,3,0,1,1,1.460316,0.46923200000000004,0.556,0.4
2020-06-25 17:00:00,2019,0,2,Southampton,Arsenal,0.738305,2.18595,0.0711,0.1582,0.7707,12,10,3,5,6,6,9.0833,7.8667,2020,6,D,0,3,2,-2,2.924255,-1.447645,0.25,0.5
2020-06-25 19:15:00,2019,2,1,Chelsea,Manchester City,4.206,0.690594,0.9765,0.0182,0.0053,15,11,10,2,7,10,22.7273,24.328687499999997,2020,6,V,3,0,3,1,4.896594,3.5154060000000005,0.667,0.182
2020-06-27 11:30:00,2019,0,1,Aston Villa,Wolverhampton Wanderers,0.403418,0.703549,0.18,0.4278,0.3922,11,9,1,2,3,5,16.7857,8.7391,2020,6,D,0,3,1,-1,1.106967,-0.300131,0.091,0.222
2020-06-28 15:30:00,2019,1,3,Watford,Southampton,0.365347,1.3364,0.087,0.2589,0.6541,8,11,0,7,6,5,9.2381,9.0,2020,6,D,0,3,4,-2,1.7017470000000001,-0.971053,0.0,0.636
2020-06-29 19:00:00,2019,0,1,Crystal Palace,Burnley,1.06533,0.359906,0.5505,0.3305,0.119,17,8,4,4,12,3,13.0556,8.5455,2020,6,D,0,3,1,-1,1.4252360000000002,0.705424,0.235,0.5
2020-06-30 19:15:00,2019,0,3,Brighton,Manchester United,0.31013,1.20903,0.082,0.2859,0.6321,8,12,2,6,1,9,15.2143,18.7895,2020,6,D,0,3,3,-3,1.51916,-0.8989,0.25,0.5
2020-07-01 17:00:00,2019,4,0,Arsenal,Norwich,1.76496,0.153871,0.8241,0.1551,0.0208,13,8,8,2,6,2,21.6667,11.5,2020,7,V,3,0,4,4,1.9188310000000002,1.611089,0.615,0.25
2020-07-01 17:00:00,2019,1,4,Bournemouth,Newcastle United,1.27503,2.23457,0.1598,0.2189,0.6213,12,12,1,7,10,9,17.8824,10.3913,2020,7,D,0,3,5,-3,3.5096000000000003,-0.9595400000000001,0.083,0.583
2020-07-01 17:00:00,2019,2,1,Everton,Leicester,1.17592,1.80384,0.1919,0.2749,0.5332,7,15,2,3,4,11,5.84,15.6667,2020,7,V,3,0,3,1,2.97976,-0.62792,0.286,0.2
2020-07-01 19:15:00,2019,3,2,West Ham,Chelsea,2.10497,1.57609,0.5173,0.2526,0.2301,11,17,4,6,7,8,6.4737,21.0,2020,7,V,3,0,5,1,3.6810599999999996,0.5288799999999998,0.364,0.353
2020-07-02 17:00:00,2019,3,1,Sheffield United,Tottenham,1.59994,1.01524,0.543,0.3008,0.1562,7,9,5,2,9,8,5.2273,16.3182,2020,7,V,3,0,4,2,2.6151799999999996,0.5847,0.714,0.222
2020-07-02 19:15:00,2019,4,0,Manchester City,Liverpool,2.65433,0.819606,0.8124,0.1305,0.0571,14,11,6,3,7,11,15.5,24.328687499999997,2020,7,V,3,0,4,4,3.4739359999999997,1.834724,0.429,0.273
2020-07-04 11:30:00,2019,0,1,Norwich,Brighton,0.545069,0.903046,0.1898,0.3523,0.4579,12,8,1,2,9,8,19.5556,15.9375,2020,7,D,0,3,1,-1,1.448115,-0.357977,0.083,0.25
2020-07-04 14:00:00,2019,3,0,Leicester,Crystal Palace,2.20683,0.507537,0.808,0.1429,0.0491,15,7,4,1,6,2,15.6842,8.4063,2020,7,V,3,0,3,3,2.714367,1.699293,0.267,0.143
2020-07-04 14:00:00,2019,5,2,Manchester United,Bournemouth,2.63259,1.52161,0.6435,0.2102,0.1463,19,7,10,3,15,1,22.9333,9.0,2020,7,V,3,0,7,3,4.1541999999999994,1.11098,0.526,0.429
2020-07-04 16:30:00,2019,0,2,Wolverhampton Wanderers,Arsenal,0.985166,1.28273,0.2571,0.3029,0.44,10,8,1,5,8,1,12.4231,24.328687499999997,2020,7,D,0,3,2,-2,2.267896,-0.29756399999999994,0.1,0.625
2020-07-04 19:00:00,2019,3,0,Chelsea,Watford,2.78877,0.608971,0.8812,0.092,0.0268,21,7,9,3,9,3,25.2353,11.1875,2020,7,V,3,0,3,3,3.397741,2.179799,0.429,0.429
2020-07-05 11:00:00,2019,1,1,Burnley,Sheffield United,1.31966,1.63343,0.2814,0.2771,0.4415,9,10,4,3,4,7,13.8,9.1429,2020,7,N,1,1,2,0,2.95309,-0.3137699999999999,0.444,0.3
2020-07-05 13:15:00,2019,2,2,Newcastle United,West Ham,1.49121,2.03065,0.2292,0.2624,0.5084,11,17,4,7,13,4,12.96,17.0,2020,7,N,1,1,4,0,3.52186,-0.5394400000000001,0.364,0.412
2020-07-05 15:30:00,2019,2,0,Liverpool,Aston Villa,1.0837,0.689775,0.4708,0.335,0.1942,6,9,4,3,11,4,20.8235,3.7241,2020,7,V,3,0,2,2,1.7734750000000001,0.3939250000000001,0.667,0.333
2020-07-05 18:00:00,2019,1,0,Southampton,Manchester City,0.628765,3.39575,0.017,0.0606,0.9224,8,26,4,6,2,23,6.8095,15.2143,2020,7,V,3,0,1,1,4.024515,-2.766985,0.5,0.231
2020-07-06 19:00:00,2019,1,0,Tottenham,Everton,0.511828,0.403762,0.2951,0.4878,0.2171,12,11,2,3,3,3,12.2,10.5833,2020,7,V,3,0,1,1,0.9155899999999999,0.10806599999999994,0.167,0.273
2020-07-07 17:00:00,2019,2,3,Crystal Palace,Chelsea,1.2882,2.65753,0.101,0.1868,0.7122,13,14,4,6,7,8,7.3846,14.0,2020,7,D,0,3,5,-1,3.94573,-1.36933,0.308,0.429
2020-07-07 17:00:00,2019,2,1,Watford,Norwich,0.725199,1.13378,0.1997,0.322,0.4783,9,12,4,3,6,7,9.0,11.2308,2020,7,V,3,0,3,1,1.8589790000000002,-0.40858099999999997,0.444,0.25
2020-07-07 19:15:00,2019,1,1,Arsenal,Leicester,1.29023,1.00238,0.4342,0.308,0.2578,11,13,7,5,8,5,8.0,17.1111,2020,7,N,1,1,2,0,2.29261,0.28784999999999994,0.636,0.385
2020-07-08 17:00:00,2019,5,0,Manchester City,Newcastle United,3.28662,0.21643,0.9575,0.0363,0.0062,23,6,9,1,23,1,27.855400000000003,6.3846,2020,7,V,3,0,5,5,3.50305,3.07019,0.391,0.167
2020-07-08 17:00:00,2019,1,0,Sheffield United,Wolverhampton Wanderers,0.470483,0.326909,0.2959,0.5174,0.1867,7,6,3,1,7,2,11.8462,18.8889,2020,7,V,3,0,1,1,0.797392,0.14357399999999998,0.429,0.167
2020-07-08 17:00:00,2019,0,1,West Ham,Burnley,1.99821,1.05291,0.6154,0.2222,0.1624,22,8,5,4,8,6,24.125,10.9412,2020,7,D,0,3,1,-1,3.05112,0.9453,0.227,0.5
2020-07-08 19:15:00,2019,1,3,Brighton,Liverpool,2.3646,2.61624,0.3527,0.2139,0.4334,12,19,2,8,5,15,8.6538,20.9167,2020,7,D,0,3,4,-2,4.98084,-0.2516400000000001,0.167,0.421
2020-07-09 17:00:00,2019,0,0,Bournemouth,Tottenham,0.960349,0.479274,0.4893,0.3526,0.1581,8,9,2,0,6,5,6.4737,12.2857,2020,7,N,1,1,0,0,1.439623,0.48107500000000003,0.25,0.0
2020-07-09 17:00:00,2019,1,1,Everton,Southampton,0.671442,2.29684,0.0437,0.1349,0.8214,11,17,4,4,2,13,6.9286,14.4118,2020,7,N,1,1,2,0,2.968282,-1.6253980000000001,0.364,0.235
2020-07-09 19:15:00,2019,0,3,Aston Villa,Manchester United,0.598873,2.86531,0.0244,0.0809,0.8947,9,14,1,6,2,13,8.0,21.2353,2020,7,D,0,3,3,-3,3.4641830000000002,-2.266437,0.111,0.429
2020-07-11 11:30:00,2019,0,4,Norwich,West Ham,0.613251,3.81088,0.0069,0.029,0.9641,11,19,2,7,7,9,20.875,14.1111,2020,7,D,0,3,4,-4,4.424131,-3.197629,0.182,0.368
2020-07-11 11:30:00,2019,2,1,Watford,Newcastle United,3.12855,1.49134,0.782,0.1508,0.0672,17,8,5,4,11,1,12.0833,6.25,2020,7,V,3,0,3,1,4.61989,1.63721,0.294,0.5
2020-07-11 14:00:00,2019,1,1,Liverpool,Burnley,2.17649,0.452331,0.8039,0.1477,0.0484,23,6,9,2,19,2,23.4667,8.6923,2020,7,N,1,1,2,0,2.628821,1.7241589999999998,0.391,0.333
2020-07-11 16:30:00,2019,3,0,Sheffield United,Chelsea,2.00632,1.17509,0.6044,0.2302,0.1654,9,15,4,4,5,3,4.7333,24.328687499999997,2020,7,V,3,0,3,3,3.18141,0.8312300000000001,0.444,0.267
2020-07-11 19:00:00,2019,0,5,Brighton,Manchester City,0.149588,5.51767,0.0,0.0003,0.9997,3,26,0,8,5,14,9.6,24.328687499999997,2020,7,D,0,3,5,-5,5.6672579999999995,-5.368082,0.0,0.308
2020-07-12 11:00:00,2019,3,0,Wolverhampton Wanderers,Everton,2.86724,0.286561,0.9515,0.04,0.0085,14,6,7,2,4,3,18.6316,14.35,2020,7,V,3,0,3,3,3.1538009999999996,2.580679,0.5,0.333
2020-07-12 13:15:00,2019,2,0,Aston Villa,Crystal Palace,1.6977,0.974181,0.5655,0.2501,0.1844,12,9,9,5,4,3,7.45,8.9231,2020,7,V,3,0,2,2,2.671881,0.723519,0.75,0.556
2020-07-12 15:30:00,2019,2,1,Tottenham,Arsenal,1.81846,0.68991,0.6852,0.2064,0.1084,15,13,9,4,4,6,13.0625,17.0385,2020,7,V,3,0,3,1,2.50837,1.12855,0.6,0.308
2020-07-12 18:00:00,2019,4,1,Bournemouth,Leicester,2.54311,1.66084,0.6175,0.2228,0.1597,10,13,4,5,3,14,9.3478,18.4706,2020,7,V,3,0,5,3,4.20395,0.8822699999999999,0.4,0.385
2020-07-13 19:00:00,2019,2,2,Manchester United,Southampton,1.5033,1.8051,0.2591,0.3093,0.4316,8,9,4,5,9,9,8.8333,13.5789,2020,7,N,1,1,4,0,3.3084,-0.30179999999999985,0.5,0.556
2020-07-14 19:15:00,2019,1,0,Chelsea,Norwich,3.05119,0.0631109,0.971,0.0274,0.0016,22,2,6,0,9,0,27.6875,7.9667,2020,7,V,3,0,1,1,3.1143009,2.9880791,0.273,0.0
2020-07-15 17:00:00,2019,1,1,Burnley,Wolverhampton Wanderers,1.53435,1.2857,0.4308,0.3045,0.2647,9,14,1,5,6,3,22.5,7.7308,2020,7,N,1,1,2,0,2.82005,0.24865000000000004,0.111,0.357
2020-07-15 17:00:00,2019,2,1,Manchester City,Bournemouth,0.82755,1.66635,0.1546,0.2441,0.6013,8,14,4,3,8,11,27.8125,4.9,2020,7,V,3,0,3,1,2.4939,-0.8388,0.5,0.214
2020-07-15 17:00:00,2019,1,3,Newcastle United,Tottenham,1.05748,1.7498,0.159,0.2568,0.5842,22,8,6,5,5,7,11.7407,17.7333,2020,7,D,0,3,4,-2,2.80728,-0.69232,0.273,0.625
2020-07-15 19:15:00,2019,2,1,Arsenal,Liverpool,1.31516,2.2233,0.1866,0.2257,0.5877,3,24,2,8,4,12,4.7931,17.0,2020,7,V,3,0,3,1,3.53846,-0.90814,0.667,0.333
2020-07-16 17:00:00,2019,1,1,Everton,Aston Villa,0.944434,1.52021,0.1951,0.2819,0.523,9,15,1,1,6,6,12.8636,7.36,2020,7,N,1,1,2,0,2.464644,-0.5757760000000001,0.111,0.067
2020-07-16 17:00:00,2019,2,0,Leicester,Sheffield United,3.05752,0.660214,0.9014,0.0746,0.024,15,5,7,1,6,1,10.1739,9.25,2020,7,V,3,0,2,2,3.7177339999999997,2.397306,0.467,0.2
2020-07-16 19:15:00,2019,0,2,Crystal Palace,Manchester United,0.572141,1.90448,0.0851,0.191,0.7239,13,17,5,5,7,8,7.9231,11.6563,2020,7,D,0,3,2,-2,2.4766209999999997,-1.332339,0.385,0.294
2020-07-16 19:15:00,2019,1,1,Southampton,Brighton,2.33745,0.67264,0.7883,0.1493,0.0624,21,10,6,2,11,8,19.7333,5.4762,2020,7,N,1,1,2,0,3.01009,1.6648100000000001,0.286,0.2
2020-07-17 19:00:00,2019,3,1,West Ham,Watford,0.833995,1.03402,0.2662,0.3363,0.3975,10,14,4,3,2,8,5.2105,9.7143,2020,7,V,3,0,4,2,1.868015,-0.2000249999999999,0.4,0.214
2020-07-18 16:30:00,2019,0,2,Norwich,Burnley,0.576602,1.8233,0.0925,0.2089,0.6986,6,23,2,8,0,17,6.8065,24.328687499999997,2020,7,D,0,3,2,-2,2.399902,-1.2466979999999999,0.333,0.348
2020-07-19 13:00:00,2019,0,2,Bournemouth,Southampton,0.583117,2.24527,0.0504,0.1363,0.8133,11,16,3,8,8,10,6.8824,6.4074,2020,7,D,0,3,2,-2,2.828387,-1.662153,0.273,0.5
2020-07-19 15:00:00,2019,3,0,Tottenham,Leicester,0.766922,1.20085,0.227,0.3092,0.4638,7,24,3,6,2,6,6.5385,21.1667,2020,7,V,3,0,3,3,1.967772,-0.433928,0.429,0.25
2020-07-20 17:00:00,2019,0,0,Brighton,Newcastle United,0.855896,0.929091,0.3094,0.3412,0.3494,11,12,3,1,4,3,15.4286,6.7308,2020,7,N,1,1,0,0,1.784987,-0.07319500000000001,0.273,0.083
2020-07-20 17:00:00,2019,0,1,Sheffield United,Everton,0.468461,0.624814,0.2122,0.4242,0.3636,8,5,0,2,5,3,13.0625,11.4,2020,7,D,0,3,1,-1,1.093275,-0.15635299999999996,0.0,0.4
2020-07-20 19:15:00,2019,2,0,Wolverhampton Wanderers,Crystal Palace,1.48696,0.440119,0.7139,0.2176,0.0685,11,7,5,3,4,1,11.6818,14.1176,2020,7,V,3,0,2,2,1.927079,1.0468410000000001,0.455,0.429
2020-07-21 17:00:00,2019,0,4,Watford,Manchester City,0.131868,3.73814,0.0002,0.0069,0.9929,2,26,0,10,2,9,4.4815,21.0,2020,7,D,0,3,4,-4,3.870008,-3.606272,0.0,0.385
2020-07-21 19:15:00,2019,1,0,Aston Villa,Arsenal,0.57408,0.737137,0.247,0.3967,0.3563,8,7,3,0,4,6,6.2857,18.6316,2020,7,V,3,0,1,1,1.311217,-0.163057,0.375,0.0
2020-07-22 17:00:00,2019,1,1,Manchester United,West Ham,0.984161,1.29009,0.2391,0.325,0.4359,11,12,4,3,13,2,13.3889,11.85,2020,7,N,1,1,2,0,2.274251,-0.305929,0.364,0.25
2020-07-22 19:15:00,2019,5,3,Liverpool,Chelsea,1.45179,2.38205,0.1498,0.2219,0.6283,10,10,7,5,5,3,14.75,12.1,2020,7,V,3,0,8,2,3.83384,-0.9302600000000001,0.7,0.5
2020-07-26 15:00:00,2019,1,1,West Ham,Aston Villa,0.781465,0.983594,0.2721,0.3463,0.3816,10,13,1,4,2,4,10.6364,7.2222,2020,7,N,1,1,2,0,1.765059,-0.202129,0.1,0.308
2020-07-26 15:00:00,2019,3,2,Arsenal,Watford,1.95282,3.9197,0.0736,0.1256,0.8008,13,19,5,6,11,11,11.32,16.4167,2020,7,V,3,0,5,1,5.87252,-1.9668800000000002,0.385,0.316
2020-07-26 15:00:00,2019,3,1,Southampton,Sheffield United,1.64306,1.41051,0.4064,0.2985,0.2951,13,5,4,3,10,1,17.6087,6.8,2020,7,V,3,0,4,2,3.0535699999999997,0.23255000000000003,0.308,0.6
2020-07-26 15:00:00,2019,1,3,Newcastle United,Liverpool,0.339294,0.56818,0.1985,0.4726,0.3289,3,14,2,6,0,7,6.0,19.1739,2020,7,D,0,3,4,-2,0.907474,-0.22888600000000003,0.667,0.429
2020-07-26 15:00:00,2019,5,0,Manchester City,Norwich,3.56749,0.786563,0.9055,0.0714,0.0231,31,5,10,4,37,2,27.855400000000003,6.6,2020,7,V,3,0,5,5,4.3540529999999995,2.7809269999999997,0.323,0.8
2020-07-26 15:00:00,2019,0,2,Leicester,Manchester United,0.754668,1.41019,0.153,0.281,0.566,14,7,3,3,2,9,8.0323,9.8571,2020,7,D,0,3,2,-2,2.164858,-0.655522,0.214,0.429
2020-07-26 15:00:00,2019,1,3,Everton,Bournemouth,1.74699,1.46461,0.4243,0.3157,0.26,13,13,5,7,13,7,13.5625,5.3478,2020,7,D,0,3,4,-2,3.2116,0.2823800000000001,0.385,0.538
2020-07-26 15:00:00,2019,1,1,Crystal Palace,Tottenham,0.988534,0.310302,0.5715,0.3333,0.0952,13,7,2,2,6,3,6.3056,13.2381,2020,7,N,1,1,2,0,1.298836,0.678232,0.154,0.286
2020-07-26 15:00:00,2019,2,0,Chelsea,Wolverhampton Wanderers,1.15938,0.164561,0.659,0.2977,0.0433,11,5,3,1,7,2,14.5185,6.8276,2020,7,V,3,0,2,2,1.323941,0.9948190000000001,0.273,0.2
2020-07-26 15:00:00,2019,1,2,Burnley,Brighton,1.44244,1.3696,0.3839,0.2779,0.3382,13,14,2,4,5,4,16.3636,5.9259,2020,7,D,0,3,3,-1,2.8120399999999997,0.07284000000000002,0.154,0.286
2020-09-12 11:30:00,2020,0,3,Fulham,Arsenal,0.126327,2.16287,0.0037,0.0476,0.9487,5,13,2,6,0,11,21.9286,24.328687499999997,2020,9,D,0,3,3,-3,2.2891969999999997,-2.036543,0.4,0.462
2020-09-12 14:00:00,2020,1,0,Crystal Palace,Southampton,1.39569,1.26267,0.3916,0.3022,0.3062,5,9,3,5,1,14,3.6087,17.3333,2020,9,V,3,0,1,1,2.65836,0.13302000000000014,0.6,0.556
2020-09-12 16:30:00,2020,4,3,Liverpool,Leeds,3.15412,0.269813,0.9658,0.0296,0.0046,22,6,6,3,19,2,9.3333,9.9355,2020,9,V,3,0,7,1,3.423933,2.8843069999999997,0.273,0.5
2020-09-12 19:00:00,2020,0,2,West Ham,Newcastle United,0.861445,1.65911,0.1506,0.248,0.6014,15,15,3,2,5,10,24.1818,6.4074,2020,9,D,0,3,2,-2,2.520555,-0.7976650000000001,0.2,0.133
2020-09-13 13:00:00,2020,0,3,West Bromwich Albion,Leicester,0.352997,2.95581,0.007,0.0358,0.9572,7,13,1,7,6,3,10.5294,19.1053,2020,9,D,0,3,3,-3,3.308807,-2.6028130000000003,0.143,0.538
2020-09-13 15:30:00,2020,0,1,Tottenham,Everton,0.822944,1.26793,0.22,0.2977,0.4823,9,15,5,4,9,5,16.2632,11.3333,2020,9,D,0,3,1,-1,2.090874,-0.444986,0.556,0.267
2020-09-14 17:00:00,2020,0,2,Sheffield United,Wolverhampton Wanderers,0.949316,1.61307,0.1683,0.2906,0.5411,9,11,2,4,10,3,27.855400000000003,8.2333,2020,9,D,0,3,2,-2,2.562386,-0.663754,0.222,0.364
2020-09-14 19:15:00,2020,1,3,Brighton,Chelsea,1.44281,1.27062,0.3871,0.3153,0.2976,13,10,3,5,3,6,12.6957,9.3448,2020,9,D,0,3,4,-2,2.71343,0.17218999999999984,0.231,0.5
2020-09-19 11:30:00,2020,5,2,Everton,West Bromwich Albion,4.16254,0.315347,0.9973,0.0022,0.0005,17,6,7,4,6,6,27.855400000000003,9.0952,2020,9,V,3,0,7,3,4.477887,3.847193,0.412,0.667
2020-09-19 14:00:00,2020,4,3,Leeds,Fulham,1.45254,1.55503,0.3157,0.3137,0.3706,10,14,7,6,5,4,9.4231,7.6176,2020,9,V,3,0,7,1,3.00757,-0.10248999999999997,0.7,0.429
2020-09-19 16:30:00,2020,1,3,Manchester United,Crystal Palace,1.09737,1.91456,0.1695,0.2378,0.5927,17,14,4,5,9,4,13.5909,3.3077,2020,9,D,0,3,4,-2,3.01193,-0.8171900000000001,0.235,0.357
2020-09-19 19:00:00,2020,2,1,Arsenal,West Ham,1.32902,2.06377,0.1916,0.2407,0.5677,7,14,3,3,16,4,18.2609,12.7647,2020,9,V,3,0,3,1,3.3927899999999998,-0.7347499999999998,0.429,0.214
2020-09-20 11:00:00,2020,2,5,Southampton,Tottenham,2.27708,2.28004,0.3533,0.2765,0.3702,14,9,7,6,4,3,10.7826,8.6667,2020,9,D,0,3,7,-3,4.55712,-0.0029599999999998516,0.5,0.667
2020-09-20 13:00:00,2020,0,3,Newcastle United,Brighton,0.520678,1.8766,0.0459,0.1757,0.7784,6,13,0,6,3,3,10.8421,11.9524,2020,9,D,0,3,3,-3,2.397278,-1.355922,0.0,0.462
2020-09-20 15:30:00,2020,0,2,Chelsea,Liverpool,0.904183,2.25211,0.0572,0.195,0.7478,5,18,3,6,1,13,11.4375,24.328687499999997,2020,9,D,0,3,2,-2,3.156293,-1.347927,0.6,0.333
2020-09-20 18:00:00,2020,4,2,Leicester,Burnley,0.987365,1.52404,0.2291,0.2639,0.507,14,16,6,5,14,6,16.0952,7.4706,2020,9,V,3,0,6,2,2.511405,-0.536675,0.429,0.312
2020-09-21 17:00:00,2020,1,0,Aston Villa,Sheffield United,0.80527,0.849709,0.2616,0.3753,0.3631,18,4,2,1,17,2,17.6429,4.45,2020,9,V,3,0,1,1,1.654979,-0.044439000000000006,0.111,0.25
2020-09-21 19:15:00,2020,1,3,Wolverhampton Wanderers,Manchester City,0.727677,2.07651,0.0838,0.1706,0.7456,10,14,1,9,3,9,7.6,24.328687499999997,2020,9,D,0,3,4,-2,2.8041869999999998,-1.348833,0.1,0.643
2020-09-26 11:30:00,2020,2,3,Brighton,Manchester United,2.97659,1.57583,0.7204,0.1779,0.1017,18,7,5,3,10,6,11.125,6.6389,2020,9,D,0,3,5,-1,4.55242,1.4007599999999998,0.278,0.429
2020-09-26 14:00:00,2020,1,2,Crystal Palace,Everton,0.443115,2.27189,0.0286,0.1089,0.8625,8,10,1,5,4,3,7.3043,12.0345,2020,9,D,0,3,3,-1,2.715005,-1.828775,0.125,0.5
2020-09-26 16:30:00,2020,3,3,West Bromwich Albion,Chelsea,0.911185,2.36046,0.0777,0.1726,0.7497,9,22,3,10,3,12,4.52,24.328687499999997,2020,9,N,1,1,6,0,3.271645,-1.4492749999999996,0.333,0.455
2020-09-26 19:00:00,2020,0,1,Burnley,Southampton,0.347136,0.706632,0.1508,0.4188,0.4304,9,5,2,1,9,6,13.75,8.2143,2020,9,D,0,3,1,-1,1.053768,-0.35949600000000004,0.222,0.2
2020-09-27 11:00:00,2020,0,1,Sheffield United,Leeds,1.53278,1.46641,0.3921,0.2709,0.337,15,17,5,9,11,2,8.9412,11.5517,2020,9,D,0,3,1,-1,2.99919,0.06637000000000004,0.333,0.529
2020-09-27 13:00:00,2020,1,1,Tottenham,Newcastle United,3.18765,0.942726,0.886,0.0894,0.0246,23,6,12,1,6,4,27.855400000000003,9.6842,2020,9,N,1,1,2,0,4.130376,2.244924,0.522,0.167
2020-09-27 15:30:00,2020,2,5,Manchester City,Leicester,1.44633,2.86721,0.0894,0.1492,0.7614,16,7,5,7,5,3,25.0833,5.3333,2020,9,D,0,3,7,-3,4.31354,-1.4208800000000001,0.312,1.0
2020-09-27 18:00:00,2020,4,0,West Ham,Wolverhampton Wanderers,3.05703,0.385152,0.9395,0.0484,0.0121,15,11,7,2,1,4,8.1852,21.7647,2020,9,V,3,0,4,4,3.4421820000000003,2.671878,0.467,0.182
2020-09-28 17:00:00,2020,0,3,Fulham,Aston Villa,0.534675,2.03222,0.0665,0.1687,0.7648,16,12,3,5,5,10,9.303,5.9583,2020,9,D,0,3,3,-3,2.566895,-1.4975450000000001,0.188,0.417
2020-09-28 19:15:00,2020,3,1,Liverpool,Arsenal,2.73834,1.17817,0.7546,0.1695,0.0759,21,4,8,3,11,3,27.855400000000003,8.8276,2020,9,V,3,0,4,2,3.9165099999999997,1.56017,0.381,0.75
2020-10-03 11:30:00,2020,4,0,Chelsea,Crystal Palace,2.51433,0.103249,0.9641,0.034,0.0019,17,4,6,0,5,2,25.8824,4.4516,2020,10,V,3,0,4,4,2.617579,2.4110810000000003,0.353,0.0
2020-10-03 14:00:00,2020,4,2,Everton,Brighton,2.34034,1.16568,0.6864,0.2051,0.1085,11,11,6,3,10,7,9.1667,9.0606,2020,10,V,3,0,6,2,3.50602,1.1746599999999998,0.545,0.273
2020-10-03 16:30:00,2020,1,1,Leeds,Manchester City,2.56662,1.41533,0.6582,0.1825,0.1593,12,23,7,2,5,10,11.375,7.8333,2020,10,N,1,1,2,0,3.98195,1.15129,0.583,0.087
2020-10-03 19:00:00,2020,3,1,Newcastle United,Burnley,1.95629,0.438849,0.8267,0.1338,0.0395,10,7,5,3,4,10,9.4167,20.75,2020,10,V,3,0,4,2,2.395139,1.517441,0.5,0.429
2020-10-04 11:00:00,2020,0,3,Leicester,West Ham,0.456022,2.03227,0.0488,0.163,0.7882,4,14,0,6,2,3,27.855400000000003,7.3182,2020,10,D,0,3,3,-3,2.488292,-1.576248,0.0,0.429
2020-10-04 11:00:00,2020,2,0,Southampton,West Bromwich Albion,0.949079,0.161283,0.5842,0.3636,0.0522,13,5,7,2,6,1,15.8421,5.0938,2020,10,V,3,0,2,2,1.110362,0.7877959999999999,0.538,0.4
2020-10-04 13:00:00,2020,2,1,Arsenal,Sheffield United,0.667131,0.144994,0.481,0.4495,0.0695,6,6,5,2,4,3,19.3478,13.9167,2020,10,V,3,0,3,1,0.812125,0.5221370000000001,0.833,0.333
2020-10-04 13:00:00,2020,1,0,Wolverhampton Wanderers,Fulham,0.89359,0.969393,0.2918,0.3533,0.3549,14,10,5,2,2,6,21.2143,14.5909,2020,10,V,3,0,1,1,1.8629829999999998,-0.07580299999999995,0.357,0.2
2020-10-04 15:30:00,2020,1,6,Manchester United,Tottenham,0.873435,3.3017,0.0166,0.0804,0.903,5,22,2,8,3,8,6.6765,19.875,2020,10,D,0,3,7,-5,4.175135,-2.4282649999999997,0.4,0.364
2020-10-04 18:15:00,2020,7,2,Aston Villa,Liverpool,3.07626,1.65705,0.6988,0.1605,0.1407,18,14,11,8,7,18,4.76,14.6,2020,10,V,3,0,9,5,4.7333099999999995,1.41921,0.611,0.571
2020-10-17 11:30:00,2020,2,2,Everton,Liverpool,1.35998,2.49492,0.1599,0.1957,0.6444,11,22,5,8,2,13,8.72,14.1,2020,10,N,1,1,4,0,3.8548999999999998,-1.13494,0.455,0.364
2020-10-17 14:00:00,2020,3,3,Chelsea,Southampton,1.98708,1.42348,0.5201,0.2782,0.2017,11,13,5,6,11,5,14.6087,10.913,2020,10,N,1,1,6,0,3.4105600000000003,0.5635999999999999,0.455,0.462
2020-10-17 16:30:00,2020,1,0,Manchester City,Arsenal,1.43023,0.838322,0.5302,0.2829,0.1869,13,11,5,3,7,3,20.3529,13.5217,2020,10,V,3,0,1,1,2.2685519999999997,0.5919079999999999,0.385,0.273
2020-10-17 19:00:00,2020,1,4,Newcastle United,Manchester United,0.867496,2.21729,0.0765,0.1952,0.7283,7,28,4,14,3,12,6.0588,12.1429,2020,10,D,0,3,5,-3,3.0847860000000003,-1.3497940000000002,0.571,0.5
2020-10-18 11:00:00,2020,1,1,Sheffield United,Fulham,1.66363,1.35611,0.4387,0.3183,0.243,10,15,6,6,1,1,12.7059,15.1739,2020,10,N,1,1,2,0,3.0197399999999996,0.30752,0.6,0.4
2020-10-18 13:00:00,2020,1,1,Crystal Palace,Brighton,0.761169,1.0935,0.2443,0.3704,0.3853,1,20,1,3,1,7,6.3913,13.5909,2020,10,N,1,1,2,0,1.854669,-0.33233099999999993,1.0,0.15
2020-10-18 15:30:00,2020,3,3,Tottenham,West Ham,1.77602,1.49992,0.4284,0.2958,0.2758,11,13,6,4,1,7,18.0588,12.3,2020,10,N,1,1,6,0,3.27594,0.2761,0.545,0.308
2020-10-18 18:15:00,2020,0,1,Leicester,Aston Villa,0.671595,0.873776,0.2525,0.3567,0.3908,11,10,5,4,4,7,9.2174,8.75,2020,10,D,0,3,1,-1,1.545371,-0.20218099999999994,0.455,0.4
2020-10-19 16:30:00,2020,0,0,West Bromwich Albion,Burnley,0.731692,1.08532,0.2211,0.3288,0.4501,13,9,6,4,3,2,13.3158,8.25,2020,10,N,1,1,0,0,1.817012,-0.35362800000000005,0.462,0.444
2020-10-19 19:00:00,2020,0,1,Leeds,Wolverhampton Wanderers,1.08332,0.618191,0.4733,0.3334,0.1933,13,7,2,3,14,2,12.0,5.5,2020,10,D,0,3,1,-1,1.701511,0.465129,0.154,0.429
2020-10-23 19:00:00,2020,0,3,Aston Villa,Leeds,1.50125,2.37695,0.2041,0.2113,0.5846,12,27,4,9,7,20,3.6471,13.2353,2020,10,D,0,3,3,-3,3.8781999999999996,-0.8756999999999999,0.333,0.333
2020-10-24 11:30:00,2020,1,1,West Ham,Manchester City,0.263739,0.892456,0.0966,0.3869,0.5165,6,14,2,7,2,13,13.0833,20.3,2020,10,N,1,1,2,0,1.156195,-0.628717,0.333,0.5
2020-10-24 14:00:00,2020,1,2,Fulham,Crystal Palace,1.05258,2.81049,0.0666,0.1314,0.802,16,14,3,10,8,9,21.5333,6.2414,2020,10,D,0,3,3,-1,3.8630700000000004,-1.75791,0.188,0.714
2020-10-24 16:30:00,2020,0,0,Manchester United,Chelsea,0.648427,0.219906,0.4197,0.4747,0.1056,14,6,4,1,6,1,14.6818,22.0588,2020,10,N,1,1,0,0,0.868333,0.428521,0.286,0.167
2020-10-24 19:00:00,2020,2,1,Liverpool,Sheffield United,2.40286,1.39788,0.6498,0.2161,0.1341,17,13,5,2,7,8,19.65,14.1667,2020,10,V,3,0,3,1,3.8007400000000002,1.00498,0.294,0.154
2020-10-25 14:00:00,2020,2,0,Southampton,Everton,0.74151,0.287054,0.4409,0.4299,0.1292,12,6,6,2,6,6,11.6857,13.875,2020,10,V,3,0,2,2,1.028564,0.454456,0.5,0.333
2020-10-25 16:30:00,2020,1,1,Wolverhampton Wanderers,Newcastle United,0.758626,0.253685,0.4507,0.4333,0.116,16,5,3,2,5,4,27.855400000000003,10.1923,2020,10,N,1,1,2,0,1.012311,0.5049410000000001,0.188,0.4
2020-10-25 19:15:00,2020,0,1,Arsenal,Leicester,0.73944,0.736172,0.2978,0.379,0.3232,12,6,4,2,5,2,26.2143,11.0,2020,10,D,0,3,1,-1,1.475612,0.0032679999999999376,0.333,0.333
2020-10-26 17:30:00,2020,1,1,Brighton,West Bromwich Albion,0.546807,0.295654,0.366,0.4803,0.1537,5,9,3,3,4,4,14.4211,10.7083,2020,10,N,1,1,2,0,0.842461,0.25115300000000007,0.6,0.333
2020-10-26 20:00:00,2020,0,1,Burnley,Tottenham,0.95045,0.797344,0.3729,0.3409,0.2862,13,9,4,3,4,6,9.7778,14.8696,2020,10,D,0,3,1,-1,1.747794,0.15310599999999996,0.308,0.333
2020-10-30 20:00:00,2020,2,0,Wolverhampton Wanderers,Crystal Palace,1.34895,0.802767,0.509,0.293,0.198,15,11,5,2,8,4,16.7143,13.8519,2020,10,V,3,0,2,2,2.151717,0.5461830000000001,0.333,0.182
2020-10-31 12:30:00,2020,0,1,Sheffield United,Manchester City,0.687544,1.89643,0.0699,0.2127,0.7174,4,16,1,8,3,9,15.6667,18.7083,2020,10,D,0,3,1,-1,2.583974,-1.2088860000000001,0.25,0.5
2020-10-31 15:00:00,2020,0,3,Burnley,Chelsea,0.407341,1.23077,0.1035,0.2914,0.6051,5,14,0,9,1,12,8.9565,16.9231,2020,10,D,0,3,3,-3,1.6381109999999999,-0.823429,0.0,0.643
2020-10-31 17:30:00,2020,2,1,Liverpool,West Ham,1.56302,0.269048,0.7962,0.171,0.0328,9,4,5,3,12,0,27.855400000000003,6.913,2020,10,V,3,0,3,1,1.832068,1.2939720000000001,0.556,0.75
2020-11-01 12:00:00,2020,3,4,Aston Villa,Southampton,2.44855,1.00333,0.7378,0.172,0.0902,19,9,10,4,5,2,7.4545,7.0,2020,11,D,0,3,7,-1,3.45188,1.44522,0.526,0.444
2020-11-01 14:00:00,2020,2,1,Newcastle United,Everton,2.6311,1.21805,0.7653,0.1563,0.0784,11,15,4,4,5,8,8.7917,24.328687499999997,2020,11,V,3,0,3,1,3.84915,1.41305,0.364,0.267
2020-11-01 16:30:00,2020,0,1,Manchester United,Arsenal,0.394113,0.998072,0.1004,0.3182,0.5814,8,7,2,2,10,7,11.8519,17.6471,2020,11,D,0,3,1,-1,1.392185,-0.6039589999999999,0.25,0.286
2020-11-01 19:15:00,2020,2,1,Tottenham,Brighton,1.97236,0.324457,0.8592,0.1151,0.0257,9,6,3,2,3,7,14.7857,9.5667,2020,11,V,3,0,3,1,2.296817,1.647903,0.333,0.333
2020-11-02 17:30:00,2020,2,0,Fulham,West Bromwich Albion,1.62247,0.482685,0.7108,0.2057,0.0835,13,10,6,1,4,3,5.0541,12.4783,2020,11,V,3,0,2,2,2.105155,1.139785,0.462,0.1
2020-11-02 20:00:00,2020,1,4,Leeds,Leicester,1.74822,3.07657,0.1116,0.1818,0.7066,11,10,4,8,7,5,27.855400000000003,6.7391,2020,11,D,0,3,5,-3,4.82479,-1.3283499999999997,0.364,0.8
2020-11-06 17:30:00,2020,0,0,Brighton,Burnley,1.59022,0.326933,0.7227,0.2148,0.0625,19,4,3,1,16,2,13.85,10.0455,2020,11,N,1,1,0,0,1.9171529999999999,1.263287,0.158,0.25
2020-11-06 20:00:00,2020,2,0,Southampton,Newcastle United,0.985828,0.175633,0.5809,0.3577,0.0614,15,4,8,2,4,0,16.75,5.6857,2020,11,V,3,0,2,2,1.161461,0.810195,0.533,0.5
2020-11-07 12:30:00,2020,1,3,Everton,Manchester United,0.376464,1.59642,0.069,0.2068,0.7242,7,13,1,5,9,7,12.2692,12.7,2020,11,D,0,3,4,-2,1.972884,-1.2199559999999998,0.143,0.385
2020-11-07 15:00:00,2020,4,1,Crystal Palace,Leeds,1.30169,0.847913,0.4854,0.292,0.2226,10,9,6,3,8,6,4.1081,20.7059,2020,11,V,3,0,5,3,2.149603,0.453777,0.6,0.333
2020-11-07 17:30:00,2020,4,1,Chelsea,Sheffield United,2.87622,0.743967,0.8726,0.0989,0.0285,20,6,9,3,14,5,27.855400000000003,14.5,2020,11,V,3,0,5,3,3.620187,2.132253,0.45,0.5
2020-11-07 20:00:00,2020,1,0,West Ham,Fulham,1.42614,1.84922,0.2509,0.2638,0.4853,16,13,7,3,6,5,27.855400000000003,11.1,2020,11,V,3,0,1,1,3.27536,-0.4230800000000001,0.438,0.231
2020-11-08 12:00:00,2020,0,1,West Bromwich Albion,Tottenham,0.799352,1.87063,0.1207,0.2169,0.6624,12,19,2,5,6,4,7.4737,16.4375,2020,11,D,0,3,1,-1,2.669982,-1.071278,0.167,0.263
2020-11-08 14:00:00,2020,1,0,Leicester,Wolverhampton Wanderers,2.0545,0.57936,0.8134,0.144,0.0426,10,7,3,2,1,6,26.1,14.8,2020,11,V,3,0,1,1,2.63386,1.4751400000000001,0.3,0.286
2020-11-08 16:30:00,2020,1,1,Manchester City,Liverpool,1.58487,1.18789,0.4692,0.3291,0.2017,7,10,2,3,4,8,27.855400000000003,11.1154,2020,11,N,1,1,2,0,2.77276,0.3969800000000001,0.286,0.3
2020-11-08 19:15:00,2020,0,3,Arsenal,Aston Villa,1.39037,1.98553,0.2332,0.2465,0.5203,13,15,2,6,6,16,13.7917,11.2667,2020,11,D,0,3,3,-3,3.3759,-0.5951599999999999,0.154,0.4
2020-11-21 12:30:00,2020,0,2,Newcastle United,Chelsea,0.368286,1.81923,0.0513,0.1759,0.7728,8,14,1,3,3,8,7.2941,24.328687499999997,2020,11,D,0,3,2,-2,2.187516,-1.4509439999999998,0.125,0.214
2020-11-21 15:00:00,2020,1,2,Aston Villa,Brighton,1.76514,1.50038,0.4473,0.2738,0.2789,15,7,4,3,6,4,12.2353,18.3571,2020,11,D,0,3,3,-1,3.26552,0.2647599999999999,0.267,0.429
2020-11-21 17:30:00,2020,2,0,Tottenham,Manchester City,0.761142,1.66325,0.1445,0.2444,0.6111,4,22,2,5,2,9,6.56,14.75,2020,11,V,3,0,2,2,2.424392,-0.9021079999999999,0.5,0.227
2020-11-21 20:00:00,2020,1,0,Manchester United,West Bromwich Albion,2.42994,0.438646,0.8842,0.0918,0.024,17,7,7,2,20,2,10.8,7.6207,2020,11,V,3,0,1,1,2.868586,1.9912940000000003,0.412,0.286
2020-11-22 12:00:00,2020,2,3,Fulham,Everton,1.87028,2.2508,0.2729,0.2637,0.4634,14,9,6,7,9,9,13.619,10.5926,2020,11,D,0,3,5,-1,4.12108,-0.38051999999999997,0.429,0.778
2020-11-22 14:00:00,2020,0,1,Sheffield United,West Ham,0.692374,2.1142,0.0757,0.1728,0.7515,9,15,5,3,7,10,14.9412,14.5,2020,11,D,0,3,1,-1,2.806574,-1.4218259999999998,0.556,0.2
2020-11-22 16:30:00,2020,0,0,Leeds,Arsenal,1.9617,0.710778,0.6937,0.2006,0.1057,25,9,4,2,11,4,15.6,6.8846,2020,11,N,1,1,0,0,2.672478,1.250922,0.16,0.222
2020-11-22 19:15:00,2020,3,0,Liverpool,Leicester,3.77245,1.98397,0.7591,0.1383,0.1026,24,11,13,4,9,8,18.0952,8.2759,2020,11,V,3,0,3,3,5.75642,1.78848,0.542,0.364
2020-11-23 17:30:00,2020,1,0,Burnley,Crystal Palace,1.75343,1.28331,0.4942,0.2612,0.2446,10,15,4,5,7,7,16.0,11.5909,2020,11,V,3,0,1,1,3.03674,0.4701200000000001,0.4,0.333
2020-11-23 20:00:00,2020,1,1,Wolverhampton Wanderers,Southampton,1.57479,1.0785,0.4908,0.2832,0.226,20,7,9,2,5,10,12.3684,12.4074,2020,11,N,1,1,2,0,2.65329,0.4962899999999999,0.45,0.286
2020-11-27 20:00:00,2020,0,2,Crystal Palace,Newcastle United,0.534893,1.27929,0.1382,0.2907,0.5711,12,14,3,7,12,4,7.4722,16.9091,2020,11,D,0,3,2,-2,1.8141829999999999,-0.7443970000000001,0.25,0.5
2020-11-28 12:30:00,2020,1,1,Brighton,Liverpool,2.30722,0.28109,0.9205,0.0683,0.0112,11,6,3,2,3,1,9.4091,12.5652,2020,11,N,1,1,2,0,2.58831,2.02613,0.273,0.333
2020-11-28 15:00:00,2020,5,0,Manchester City,Burnley,2.26129,0.419877,0.8292,0.1283,0.0425,19,9,6,1,13,4,27.855400000000003,8.4375,2020,11,V,3,0,5,5,2.681167,1.8414129999999997,0.316,0.111
2020-11-28 17:30:00,2020,0,1,Everton,Leeds,1.29229,3.11324,0.077,0.1377,0.7853,15,23,8,7,6,12,6.4063,16.3684,2020,11,D,0,3,1,-1,4.40553,-1.8209499999999998,0.533,0.304
2020-11-28 20:00:00,2020,1,0,West Bromwich Albion,Sheffield United,1.71644,3.36544,0.112,0.1416,0.7464,17,22,6,6,6,11,13.2,9.5789,2020,11,V,3,0,1,1,5.08188,-1.649,0.353,0.273
2020-11-29 14:00:00,2020,2,3,Southampton,Manchester United,0.498783,2.47547,0.0381,0.1118,0.8501,10,15,5,6,0,9,11.9643,10.6296,2020,11,D,0,3,5,-1,2.974253,-1.976687,0.5,0.4
2020-11-29 16:30:00,2020,0,0,Chelsea,Tottenham,0.974755,0.22689,0.5514,0.3637,0.0849,13,5,3,1,4,4,27.855400000000003,9.875,2020,11,N,1,1,0,0,1.201645,0.747865,0.231,0.2
2020-11-29 19:15:00,2020,1,2,Arsenal,Wolverhampton Wanderers,1.1185,2.0069,0.1526,0.2366,0.6108,13,11,2,5,12,6,17.6429,8.0357,2020,11,D,0,3,3,-1,3.1254,-0.8883999999999999,0.154,0.455
2020-11-30 17:30:00,2020,1,2,Leicester,Fulham,1.27814,2.03719,0.1823,0.2401,0.5776,16,10,3,5,9,7,17.4545,5.6667,2020,11,D,0,3,3,-1,3.31533,-0.7590499999999998,0.188,0.5
2020-11-30 20:00:00,2020,2,1,West Ham,Aston Villa,0.571633,2.39051,0.0322,0.1121,0.8557,6,16,2,6,2,8,13.0909,12.5652,2020,11,V,3,0,3,1,2.9621429999999997,-1.818877,0.333,0.375
2020-12-05 12:30:00,2020,1,1,Burnley,Everton,0.730434,2.28139,0.0537,0.144,0.8023,8,13,3,6,6,10,7.5,16.3913,2020,12,N,1,1,2,0,3.011824,-1.550956,0.375,0.462
2020-12-05 15:00:00,2020,2,0,Manchester City,Fulham,3.26328,0.287444,0.9658,0.0301,0.0041,16,6,6,1,14,0,25.05,6.4,2020,12,V,3,0,2,2,3.5507239999999998,2.975836,0.375,0.167
2020-12-05 17:30:00,2020,1,3,West Ham,Manchester United,2.53006,1.78708,0.5546,0.2197,0.2257,19,15,6,6,5,6,13.25,17.4783,2020,12,D,0,3,4,-2,4.31714,0.7429800000000002,0.316,0.4
2020-12-05 20:00:00,2020,3,1,Chelsea,Leeds,4.89472,1.0277,0.9757,0.0189,0.0054,23,8,10,3,9,7,9.1818,9.5806,2020,12,V,3,0,4,2,5.922420000000001,3.86702,0.435,0.375
2020-12-06 12:00:00,2020,1,5,West Bromwich Albion,Crystal Palace,0.567234,1.68656,0.1028,0.2216,0.6756,9,18,4,6,7,14,12.28,15.2353,2020,12,D,0,3,6,-4,2.253794,-1.119326,0.444,0.333
2020-12-06 14:15:00,2020,1,2,Sheffield United,Leicester,0.290743,1.3904,0.0609,0.2424,0.6967,4,13,1,4,3,5,5.55,17.4286,2020,12,D,0,3,3,-1,1.681143,-1.099657,0.25,0.308
2020-12-06 16:30:00,2020,2,0,Tottenham,Arsenal,0.390629,0.595216,0.1973,0.4601,0.3426,6,11,3,2,1,11,5.1,19.75,2020,12,V,3,0,2,2,0.985845,-0.20458699999999996,0.5,0.182
2020-12-06 19:15:00,2020,4,0,Liverpool,Wolverhampton Wanderers,1.59454,0.357753,0.7432,0.1988,0.058,11,9,6,3,9,1,20.6667,17.8462,2020,12,V,3,0,4,4,1.952293,1.236787,0.545,0.333
2020-12-07 20:00:00,2020,1,2,Brighton,Southampton,2.03376,1.34801,0.5465,0.2771,0.1764,12,10,4,3,9,5,6.0645,9.3636,2020,12,D,0,3,3,-1,3.38177,0.6857500000000001,0.333,0.3
2020-12-11 20:00:00,2020,1,2,Leeds,West Ham,1.56644,1.7851,0.3202,0.2674,0.4124,13,19,7,8,8,7,25.1538,5.4167,2020,12,D,0,3,3,-1,3.35154,-0.21865999999999985,0.538,0.421
2020-12-12 12:30:00,2020,0,1,Wolverhampton Wanderers,Aston Villa,1.1356,1.26872,0.288,0.3207,0.3913,16,13,7,2,6,5,5.7857,8.3,2020,12,D,0,3,1,-1,2.4043200000000002,-0.13312000000000013,0.438,0.154
2020-12-12 15:00:00,2020,2,1,Newcastle United,West Bromwich Albion,0.904163,0.57319,0.4254,0.3604,0.2142,12,13,7,3,5,4,11.5,24.328687499999997,2020,12,V,3,0,3,1,1.477353,0.3309730000000001,0.583,0.231
2020-12-12 17:30:00,2020,0,0,Manchester United,Manchester City,0.591617,1.28434,0.1496,0.2848,0.5656,11,9,2,2,5,11,18.5263,16.0455,2020,12,N,1,1,0,0,1.875957,-0.6927230000000001,0.182,0.222
2020-12-12 20:00:00,2020,1,0,Everton,Chelsea,1.2216,1.00627,0.4004,0.3507,0.2489,9,10,4,3,2,6,4.12,18.75,2020,12,V,3,0,1,1,2.2278700000000002,0.21533000000000002,0.444,0.3
2020-12-13 12:00:00,2020,3,0,Southampton,Sheffield United,2.27973,0.219115,0.8969,0.089,0.0141,16,3,6,0,7,1,13.2143,5.2222,2020,12,V,3,0,3,3,2.4988449999999998,2.060615,0.375,0.0
2020-12-13 14:15:00,2020,1,1,Crystal Palace,Tottenham,1.84443,1.40792,0.4846,0.2605,0.2549,16,14,5,6,10,4,10.7222,10.7,2020,12,N,1,1,2,0,3.25235,0.43650999999999995,0.312,0.429
2020-12-13 16:30:00,2020,1,1,Fulham,Liverpool,1.72509,1.82445,0.3366,0.2847,0.3787,10,12,5,6,5,10,6.2143,24.328687499999997,2020,12,N,1,1,2,0,3.54954,-0.09935999999999989,0.5,0.5
2020-12-13 19:15:00,2020,3,0,Leicester,Brighton,1.64351,0.791673,0.6082,0.2453,0.1465,15,12,6,4,11,5,9.3929,13.0526,2020,12,V,3,0,3,3,2.435183,0.8518370000000001,0.4,0.333
2020-12-13 19:15:00,2020,0,1,Arsenal,Burnley,1.85362,0.815375,0.6447,0.2211,0.1342,18,10,6,2,11,3,14.85,9.5,2020,12,D,0,3,1,-1,2.668995,1.038245,0.333,0.2
2020-12-15 18:00:00,2020,2,1,Wolverhampton Wanderers,Chelsea,0.683783,1.56772,0.1287,0.2507,0.6206,12,13,4,3,4,6,7.8276,19.6923,2020,12,V,3,0,3,1,2.251503,-0.883937,0.333,0.231
2020-12-15 20:00:00,2020,1,1,Manchester City,West Bromwich Albion,2.58593,0.210243,0.9138,0.0742,0.012,26,5,7,1,16,0,27.855400000000003,6.9286,2020,12,N,1,1,2,0,2.796173,2.3756869999999997,0.269,0.2
2020-12-16 18:00:00,2020,1,1,Arsenal,Southampton,0.661135,1.11296,0.1907,0.3312,0.4781,9,13,4,3,6,11,9.4091,17.1,2020,12,N,1,1,2,0,1.774095,-0.4518249999999999,0.444,0.231
2020-12-16 18:00:00,2020,5,2,Leeds,Newcastle United,2.95137,1.44437,0.7302,0.1724,0.0974,25,10,10,4,16,3,15.6875,4.2083,2020,12,V,3,0,7,3,4.39574,1.507,0.4,0.4
2020-12-16 18:00:00,2020,0,2,Leicester,Everton,0.83883,1.51486,0.1305,0.2971,0.5724,14,11,2,6,6,3,26.6923,6.9643,2020,12,D,0,3,2,-2,2.3536900000000003,-0.6760300000000001,0.143,0.545
2020-12-16 20:00:00,2020,0,0,Fulham,Brighton,1.00448,0.462456,0.5269,0.337,0.1361,9,9,4,4,5,4,7.5185,11.3636,2020,12,N,1,1,0,0,1.466936,0.5420240000000001,0.444,0.444
2020-12-16 20:00:00,2020,1,1,West Ham,Crystal Palace,0.449469,1.09108,0.1279,0.3153,0.5568,9,8,2,2,3,4,10.6667,12.1875,2020,12,N,1,1,2,0,1.540549,-0.641611,0.222,0.25
2020-12-16 20:00:00,2020,2,1,Liverpool,Tottenham,1.21783,1.5161,0.2781,0.2611,0.4608,17,8,11,2,18,0,18.0476,7.3529,2020,12,V,3,0,3,1,2.73393,-0.29827000000000004,0.647,0.25
2020-12-17 18:00:00,2020,0,0,Aston Villa,Burnley,1.81142,0.316737,0.7678,0.1799,0.0523,27,6,7,4,9,1,5.7742,5.2857,2020,12,N,1,1,0,0,2.128157,1.494683,0.259,0.667
2020-12-17 20:00:00,2020,2,3,Sheffield United,Manchester United,1.23525,1.78667,0.2175,0.2633,0.5192,12,14,6,8,10,6,10.4286,10.7586,2020,12,D,0,3,5,-1,3.0219199999999997,-0.55142,0.5,0.571
2020-12-19 12:30:00,2020,0,7,Crystal Palace,Liverpool,0.489318,2.86902,0.0192,0.074,0.9068,5,14,3,8,4,9,7.25,22.7619,2020,12,D,0,3,7,-7,3.358338,-2.379702,0.6,0.571
2020-12-19 15:00:00,2020,0,1,Southampton,Manchester City,0.586972,1.15599,0.161,0.3106,0.5284,9,11,3,5,7,8,13.0833,12.1429,2020,12,D,0,3,1,-1,1.7429620000000001,-0.569018,0.333,0.455
2020-12-19 17:30:00,2020,2,1,Everton,Arsenal,0.661744,1.25206,0.1508,0.2951,0.5541,9,13,2,2,1,11,13.4706,24.328687499999997,2020,12,V,3,0,3,1,1.9138039999999998,-0.590316,0.222,0.154
2020-12-19 20:00:00,2020,1,1,Newcastle United,Fulham,1.26725,1.10645,0.4058,0.3137,0.2805,12,11,5,4,6,4,16.9375,14.5263,2020,12,N,1,1,2,0,2.3737,0.16080000000000005,0.417,0.364
2020-12-20 12:00:00,2020,1,1,Brighton,Sheffield United,2.90097,1.03713,0.8142,0.1309,0.0549,21,5,5,3,14,4,24.1818,7.6,2020,12,N,1,1,2,0,3.9381000000000004,1.86384,0.238,0.6
2020-12-20 14:15:00,2020,0,2,Tottenham,Leicester,0.945932,1.74772,0.1388,0.2862,0.575,8,17,3,4,5,13,11.7826,9.4762,2020,12,D,0,3,2,-2,2.693652,-0.801788,0.375,0.235
2020-12-20 16:30:00,2020,6,2,Manchester United,Leeds,4.77743,1.63467,0.9111,0.0538,0.0351,26,17,14,3,12,5,11.6667,15.7222,2020,12,V,3,0,8,4,6.4121,3.14276,0.538,0.176
2020-12-20 19:15:00,2020,0,3,West Bromwich Albion,Aston Villa,0.0388442,2.61964,0.0007,0.023,0.9763,1,19,1,10,1,12,8.3529,14.3158,2020,12,D,0,3,3,-3,2.6584842,-2.5807957999999998,1.0,0.526
2020-12-21 17:30:00,2020,2,1,Burnley,Wolverhampton Wanderers,1.20465,1.45722,0.2779,0.2962,0.4259,10,15,4,3,6,4,4.55,14.0556,2020,12,V,3,0,3,1,2.66187,-0.25256999999999996,0.4,0.2
2020-12-21 20:00:00,2020,3,0,Chelsea,West Ham,2.41157,0.277737,0.9248,0.0652,0.01,11,6,7,0,9,9,16.1579,13.1053,2020,12,V,3,0,3,3,2.6893070000000003,2.133833,0.636,0.0
2020-12-26 12:30:00,2020,2,2,Leicester,Manchester United,1.0396,2.08423,0.1358,0.217,0.6472,10,9,2,4,1,6,9.2581,10.3333,2020,12,N,1,1,4,0,3.12383,-1.0446299999999997,0.2,0.444
2020-12-26 15:00:00,2020,3,0,Aston Villa,Crystal Palace,4.58214,0.849086,0.9765,0.0188,0.0047,21,13,10,6,9,12,7.5714,9.84,2020,12,V,3,0,3,3,5.431226,3.733054,0.476,0.462
2020-12-26 15:00:00,2020,0,0,Fulham,Southampton,0.781855,0.119709,0.5283,0.4211,0.0506,10,3,1,2,6,0,4.5143,8.6154,2020,12,N,1,1,0,0,0.9015639999999999,0.662146,0.1,0.667
2020-12-26 17:30:00,2020,3,1,Arsenal,Chelsea,1.94485,2.25414,0.2853,0.2648,0.4499,15,19,7,3,6,7,8.7778,16.125,2020,12,V,3,0,4,2,4.19899,-0.30929000000000006,0.467,0.158
2020-12-26 20:00:00,2020,2,0,Manchester City,Newcastle United,3.19575,0.200953,0.9721,0.0238,0.0041,11,7,6,2,18,2,27.3889,13.7,2020,12,V,3,0,2,2,3.396703,2.9947969999999997,0.545,0.286
2020-12-26 20:00:00,2020,0,1,Sheffield United,Everton,1.25106,0.568803,0.5874,0.2991,0.1135,10,7,2,3,3,8,11.1667,10.7667,2020,12,D,0,3,1,-1,1.819863,0.6822570000000001,0.2,0.429
2020-12-27 12:00:00,2020,1,0,Leeds,Burnley,2.13271,1.54591,0.5321,0.2575,0.2104,11,14,4,6,6,10,11.9545,10.2143,2020,12,V,3,0,1,1,3.6786199999999996,0.5868,0.364,0.429
2020-12-27 14:15:00,2020,2,2,West Ham,Brighton,1.38877,1.50551,0.3232,0.2901,0.3867,11,13,4,4,6,5,10.4211,18.5,2020,12,N,1,1,4,0,2.89428,-0.11673999999999984,0.364,0.308
2020-12-27 16:30:00,2020,1,1,Liverpool,West Bromwich Albion,1.45485,0.739845,0.5437,0.2912,0.1651,17,5,2,3,18,1,27.855400000000003,3.2609,2020,12,N,1,1,2,0,2.194695,0.715005,0.118,0.6
2020-12-27 19:15:00,2020,1,1,Wolverhampton Wanderers,Tottenham,0.742598,0.408109,0.4091,0.4096,0.1813,11,6,6,3,5,5,16.7222,6.6341,2020,12,N,1,1,2,0,1.150707,0.334489,0.545,0.5
2020-12-28 15:00:00,2020,1,1,Crystal Palace,Leicester,0.321348,1.72132,0.0389,0.1668,0.7943,4,17,1,3,1,4,5.52,23.375,2020,12,N,1,1,2,0,2.042668,-1.399972,0.25,0.176
2020-12-28 17:30:00,2020,1,1,Chelsea,Aston Villa,1.53701,0.730859,0.6007,0.2712,0.1281,16,10,5,2,8,6,16.9474,5.1429,2020,12,N,1,1,2,0,2.267869,0.806151,0.312,0.2
2020-12-29 18:00:00,2020,0,1,Brighton,Arsenal,0.799368,1.31394,0.1948,0.2845,0.5207,13,11,2,3,6,3,20.9286,22.0,2020,12,D,0,3,1,-1,2.113308,-0.5145720000000001,0.154,0.273
2020-12-29 18:00:00,2020,1,0,Burnley,Sheffield United,0.973831,0.492578,0.5046,0.3332,0.1622,5,7,3,3,7,3,8.2105,12.4,2020,12,V,3,0,1,1,1.466409,0.481253,0.6,0.429
2020-12-29 18:00:00,2020,0,0,Southampton,West Ham,0.670996,1.07246,0.1937,0.3418,0.4645,8,9,3,3,7,7,16.8947,7.8947,2020,12,N,1,1,0,0,1.7434560000000001,-0.40146399999999993,0.375,0.333
2020-12-29 18:00:00,2020,0,5,West Bromwich Albion,Leeds,0.43551,1.54225,0.0736,0.2468,0.6796,4,14,1,6,1,13,7.1875,24.328687499999997,2020,12,D,0,3,5,-5,1.97776,-1.1067399999999998,0.25,0.429
2020-12-29 20:00:00,2020,1,0,Manchester United,Wolverhampton Wanderers,1.48207,0.411046,0.7471,0.1978,0.0551,11,9,3,5,10,3,26.3636,10.9565,2020,12,V,3,0,1,1,1.893116,1.071024,0.273,0.556
2020-12-30 20:00:00,2020,0,0,Newcastle United,Liverpool,0.817935,1.32047,0.2097,0.2881,0.5022,8,11,2,4,3,10,5.05,24.328687499999997,2020,12,N,1,1,0,0,2.138405,-0.5025350000000001,0.25,0.364
2021-01-01 17:30:00,2020,0,1,Everton,West Ham,0.371045,1.19713,0.0929,0.2811,0.626,10,11,2,5,5,4,17.4,11.2222,2021,1,D,0,3,1,-1,1.568175,-0.826085,0.2,0.455
2021-01-01 20:00:00,2020,2,1,Manchester United,Aston Villa,2.46473,1.56434,0.5885,0.2225,0.189,19,15,9,5,10,5,10.7,7.6071,2021,1,V,3,0,3,1,4.02907,0.9003899999999998,0.474,0.333
2021-01-02 12:30:00,2020,3,0,Tottenham,Leeds,2.5286,1.15626,0.7069,0.1737,0.1194,20,18,7,5,7,11,5.3462,12.1667,2021,1,V,3,0,3,3,3.68486,1.37234,0.35,0.278
2021-01-02 15:00:00,2020,2,0,Crystal Palace,Sheffield United,0.598888,0.323158,0.3625,0.4722,0.1653,9,7,4,2,5,7,6.6786,12.5417,2021,1,V,3,0,2,2,0.9220459999999999,0.27573,0.444,0.286
2021-01-02 17:30:00,2020,3,3,Brighton,Wolverhampton Wanderers,2.4228,1.81856,0.5295,0.2673,0.2032,13,11,4,4,12,1,24.6429,7.2,2021,1,N,1,1,6,0,4.24136,0.6042400000000001,0.308,0.364
2021-01-02 20:00:00,2020,0,4,West Bromwich Albion,Arsenal,0.869874,4.03429,0.0061,0.033,0.9609,7,21,3,12,4,7,16.1,16.7391,2021,1,D,0,3,4,-4,4.904164000000001,-3.164416,0.429,0.571
2021-01-03 14:15:00,2020,1,2,Newcastle United,Leicester,0.264584,0.702081,0.12,0.433,0.447,7,9,2,3,1,6,6.3103,13.5217,2021,1,D,0,3,3,-1,0.9666649999999999,-0.43749699999999997,0.286,0.333
2021-01-03 16:30:00,2020,1,3,Chelsea,Manchester City,0.691013,3.18063,0.0236,0.0772,0.8992,9,18,2,6,6,11,13.4,13.52,2021,1,D,0,3,4,-2,3.8716429999999997,-2.489617,0.222,0.333
2021-01-04 20:00:00,2020,1,0,Southampton,Liverpool,0.500436,1.37204,0.1159,0.2744,0.6097,7,17,3,1,2,21,5.9677,19.3684,2021,1,V,3,0,1,1,1.8724759999999998,-0.8716039999999999,0.429,0.059
2021-01-12 18:00:00,2020,1,0,Sheffield United,Newcastle United,2.01315,1.04745,0.6246,0.2342,0.1412,17,7,4,3,12,2,24.0,8.0,2021,1,V,3,0,1,1,3.0606,0.9657,0.235,0.429
2021-01-12 20:15:00,2020,1,2,Wolverhampton Wanderers,Everton,0.852495,0.323445,0.4722,0.3951,0.1327,13,5,3,3,4,9,18.4444,15.0952,2021,1,D,0,3,3,-1,1.17594,0.52905,0.231,0.6
2021-01-12 22:15:00,2020,0,1,Burnley,Manchester United,0.648582,1.23996,0.1875,0.3023,0.5102,12,13,0,7,5,15,8.7222,10.92,2021,1,D,0,3,1,-1,1.888542,-0.591378,0.0,0.538
2021-01-13 18:00:00,2020,1,0,Manchester City,Brighton,2.90855,0.177084,0.9559,0.0392,0.0049,16,5,6,1,13,4,17.619,10.9,2021,1,V,3,0,1,1,3.0856339999999998,2.731466,0.375,0.2
2021-01-13 20:00:00,2020,1,1,Tottenham,Fulham,3.14372,1.05329,0.8342,0.1077,0.0581,15,15,6,4,3,7,9.3438,8.3226,2021,1,N,1,1,2,0,4.197010000000001,2.09043,0.4,0.267
2021-01-14 20:00:00,2020,0,0,Arsenal,Crystal Palace,0.368554,0.709634,0.1608,0.4365,0.4027,11,12,4,2,6,2,23.875,5.9333,2021,1,N,1,1,0,0,1.078188,-0.34108,0.364,0.167
2021-01-16 12:30:00,2020,2,3,Wolverhampton Wanderers,West Bromwich Albion,1.94358,2.46332,0.244,0.2365,0.5195,23,12,6,5,5,7,17.1111,6.7647,2021,1,D,0,3,5,-1,4.4069,-0.5197399999999999,0.261,0.417
2021-01-16 15:00:00,2020,0,1,Leeds,Brighton,0.245193,1.14424,0.0547,0.2547,0.6906,7,7,2,2,8,11,17.35,8.125,2021,1,D,0,3,1,-1,1.389433,-0.8990469999999999,0.286,0.286
2021-01-16 15:00:00,2020,1,0,West Ham,Burnley,1.73397,0.395668,0.7582,0.1885,0.0533,15,10,4,2,4,5,9.1579,9.619,2021,1,V,3,0,1,1,2.129638,1.338302,0.267,0.2
2021-01-16 17:30:00,2020,0,1,Fulham,Chelsea,0.46126,1.37939,0.1163,0.2684,0.6153,10,21,3,6,6,13,6.5833,20.1905,2021,1,D,0,3,1,-1,1.84065,-0.9181299999999999,0.3,0.286
2021-01-16 20:00:00,2020,2,0,Leicester,Southampton,2.12019,0.378147,0.8242,0.1382,0.0376,16,8,5,3,9,5,9.5217,9.8214,2021,1,V,3,0,2,2,2.4983370000000003,1.742043,0.312,0.375
2021-01-17 14:00:00,2020,1,3,Sheffield United,Tottenham,0.978133,1.28385,0.2638,0.2989,0.4373,15,14,5,5,5,8,10.3889,12.8214,2021,1,D,0,3,4,-2,2.261983,-0.3057169999999999,0.333,0.357
2021-01-17 16:30:00,2020,0,0,Liverpool,Manchester United,1.20205,1.18929,0.3456,0.308,0.3464,17,8,3,4,17,5,19.2632,5.4286,2021,1,N,1,1,0,0,2.39134,0.012760000000000105,0.176,0.5
2021-01-17 19:15:00,2020,4,0,Manchester City,Crystal Palace,0.961088,0.0515836,0.6417,0.3394,0.0189,13,2,6,0,5,3,27.855400000000003,5.1667,2021,1,V,3,0,4,4,1.0126716,0.9095044000000001,0.462,0.0
2021-01-18 20:00:00,2020,3,0,Arsenal,Newcastle United,2.30744,0.168796,0.9022,0.0861,0.0117,20,4,6,1,13,2,27.855400000000003,9.0,2021,1,V,3,0,3,3,2.476236,2.138644,0.3,0.25
2021-01-19 18:00:00,2020,2,1,West Ham,West Bromwich Albion,2.17512,0.464091,0.843,0.1265,0.0305,14,6,6,2,6,5,16.4706,13.9231,2021,1,V,3,0,3,1,2.639211,1.7110290000000001,0.429,0.333
2021-01-19 20:15:00,2020,2,0,Leicester,Chelsea,1.1449,0.615727,0.514,0.3091,0.1769,8,9,6,5,9,7,8.5455,18.0455,2021,1,V,3,0,2,2,1.760627,0.529173,0.75,0.556
2021-01-20 20:00:00,2020,2,0,Manchester City,Aston Villa,3.34385,0.601768,0.933,0.0513,0.0157,28,11,9,4,21,3,22.2857,8.2353,2021,1,V,3,0,2,2,3.945618,2.7420820000000004,0.321,0.364
2021-01-20 20:15:00,2020,1,2,Fulham,Manchester United,0.753669,1.68401,0.1286,0.2406,0.6308,12,15,5,5,4,7,7.3333,17.7895,2021,1,D,0,3,3,-1,2.437679,-0.930341,0.417,0.333
2021-01-21 20:00:00,2020,0,1,Liverpool,Burnley,1.64907,1.08059,0.4994,0.2767,0.2239,27,6,6,4,20,4,27.855400000000003,8.7143,2021,1,D,0,3,1,-1,2.72966,0.5684800000000001,0.222,0.667
2021-01-23 20:00:00,2020,2,0,Aston Villa,Newcastle United,2.6026,0.400364,0.908,0.0743,0.0177,14,7,5,1,7,2,16.0952,7.9167,2021,1,V,3,0,2,2,3.002964,2.2022359999999996,0.357,0.143
2021-01-26 18:00:00,2020,1,2,Newcastle United,Leeds,1.1364,0.785914,0.4368,0.3274,0.2358,22,9,5,2,5,14,5.3077,10.25,2021,1,D,0,3,3,-1,1.922314,0.3504860000000001,0.227,0.222
2021-01-26 18:00:00,2020,2,3,Crystal Palace,West Ham,0.629033,3.30321,0.0139,0.0546,0.9315,6,17,3,7,12,5,14.5789,11.6,2021,1,D,0,3,5,-1,3.9322429999999997,-2.6741770000000002,0.5,0.412
2021-01-26 20:15:00,2020,0,5,West Bromwich Albion,Manchester City,0.568258,2.24838,0.0239,0.1323,0.8438,4,18,1,7,3,15,7.8667,24.328687499999997,2021,1,D,0,3,5,-5,2.816638,-1.680122,0.25,0.389
2021-01-26 20:15:00,2020,1,3,Southampton,Arsenal,0.99504,2.4339,0.0733,0.1715,0.7552,13,9,5,5,1,7,16.3,6.68,2021,1,D,0,3,4,-2,3.42894,-1.43886,0.385,0.556
2021-01-27 18:00:00,2020,3,2,Burnley,Aston Villa,0.717681,2.70718,0.0368,0.112,0.8512,10,18,5,10,2,7,12.125,8.0667,2021,1,V,3,0,5,1,3.424861,-1.9894990000000001,0.5,0.556
2021-01-27 18:00:00,2020,0,0,Chelsea,Wolverhampton Wanderers,0.663324,0.63192,0.2961,0.395,0.3089,14,4,5,0,6,1,27.855400000000003,4.2813,2021,1,N,1,1,0,0,1.295244,0.03140399999999999,0.357,0.0
2021-01-27 19:30:00,2020,0,0,Brighton,Fulham,2.29129,0.513226,0.8321,0.1258,0.0421,16,10,5,3,12,2,8.5556,6.8529,2021,1,N,1,1,0,0,2.804516,1.778064,0.312,0.3
2021-01-27 20:15:00,2020,1,1,Everton,Leicester,0.474981,0.792045,0.2061,0.3883,0.4056,8,18,2,5,2,8,6.24,24.328687499999997,2021,1,N,1,1,2,0,1.267026,-0.317064,0.25,0.278
2021-01-27 20:15:00,2020,1,2,Manchester United,Sheffield United,0.9931,0.689548,0.4096,0.3432,0.2472,16,5,4,3,11,3,17.1154,5.6842,2021,1,D,0,3,3,-1,1.682648,0.30355199999999993,0.25,0.6
2021-01-28 20:00:00,2020,1,3,Tottenham,Liverpool,0.104586,2.58798,0.001,0.0234,0.9756,3,14,2,7,0,11,14.56,14.8095,2021,1,D,0,3,4,-2,2.692566,-2.483394,0.667,0.5
2021-01-30 12:30:00,2020,0,2,Everton,Newcastle United,0.966012,2.08832,0.1367,0.2001,0.6632,11,13,3,3,9,5,27.855400000000003,6.7,2021,1,D,0,3,2,-2,3.054332,-1.1223079999999999,0.273,0.231
2021-01-30 15:00:00,2020,1,0,Crystal Palace,Wolverhampton Wanderers,1.36877,0.450907,0.6637,0.252,0.0843,11,6,2,4,5,2,18.7059,19.5,2021,1,V,3,0,1,1,1.819677,0.9178630000000001,0.182,0.667
2021-01-30 15:00:00,2020,2,2,West Bromwich Albion,Fulham,0.994664,1.52044,0.2182,0.2867,0.4951,5,12,3,7,0,7,8.7647,14.5,2021,1,N,1,1,4,0,2.515104,-0.525776,0.6,0.583
2021-01-30 15:00:00,2020,1,0,Manchester City,Sheffield United,1.53116,0.154537,0.8331,0.1503,0.0166,10,4,5,1,6,6,27.855400000000003,10.2667,2021,1,V,3,0,1,1,1.685697,1.3766230000000002,0.5,0.25
2021-01-30 17:30:00,2020,0,0,Arsenal,Manchester United,0.747166,1.51332,0.1496,0.2491,0.6013,17,14,3,3,2,8,11.55,18.6875,2021,1,N,1,1,0,0,2.260486,-0.766154,0.176,0.214
2021-01-30 20:00:00,2020,0,1,Southampton,Aston Villa,2.22557,0.795508,0.745,0.1783,0.0767,20,8,5,4,17,4,10.5385,9.0625,2021,1,D,0,3,1,-1,3.0210779999999997,1.430062,0.25,0.5
2021-01-31 12:00:00,2020,2,0,Chelsea,Burnley,1.4405,0.390714,0.6509,0.2679,0.0812,19,1,8,0,23,4,17.087,6.35,2021,1,V,3,0,2,2,1.831214,1.0497859999999999,0.421,0.0
2021-01-31 14:00:00,2020,1,3,Leicester,Leeds,1.73432,1.8141,0.3472,0.2628,0.39,18,8,8,7,6,4,7.2333,8.1786,2021,1,D,0,3,4,-2,3.54842,-0.07977999999999996,0.444,0.875
2021-01-31 16:30:00,2020,1,3,West Ham,Liverpool,0.883061,2.05809,0.0975,0.2051,0.6974,8,14,2,5,2,13,12.2941,24.328687499999997,2021,1,D,0,3,4,-2,2.941151,-1.1750289999999999,0.25,0.357
2021-01-31 19:15:00,2020,1,0,Brighton,Tottenham,1.77386,0.372524,0.7747,0.1711,0.0542,16,8,5,4,21,6,12.125,9.4516,2021,1,V,3,0,1,1,2.146384,1.401336,0.312,0.5
2021-02-02 18:00:00,2020,2,1,Sheffield United,West Bromwich Albion,1.35804,1.61871,0.2481,0.3174,0.4345,14,8,6,4,12,2,17.8235,5.0,2021,2,V,3,0,3,1,2.97675,-0.2606700000000002,0.429,0.5
2021-02-02 18:00:00,2020,2,1,Wolverhampton Wanderers,Arsenal,1.56162,0.716265,0.6219,0.2553,0.1228,11,9,7,3,2,5,15.3182,24.328687499999997,2021,2,V,3,0,3,1,2.277885,0.845355,0.636,0.333
2021-02-02 20:15:00,2020,9,0,Manchester United,Southampton,5.0325,0.507893,0.9916,0.0075,0.0009,24,3,14,1,23,2,14.5,4.5556,2021,2,V,3,0,9,9,5.540393,4.524607,0.583,0.333
2021-02-02 20:15:00,2020,1,2,Newcastle United,Crystal Palace,1.90755,0.809312,0.6511,0.2222,0.1267,21,6,5,3,9,6,21.0,9.4762,2021,2,D,0,3,3,-1,2.716862,1.098238,0.238,0.5
2021-02-03 18:00:00,2020,0,2,Burnley,Manchester City,0.0489155,2.12153,0.002,0.0706,0.9274,2,13,0,6,5,12,11.9231,24.328687499999997,2021,2,D,0,3,2,-2,2.1704455,-2.0726145,0.0,0.462
2021-02-03 18:00:00,2020,0,2,Fulham,Leicester,0.731288,1.71299,0.0773,0.2402,0.6825,8,9,1,5,10,6,19.0,7.6667,2021,2,D,0,3,2,-2,2.444278,-0.981702,0.125,0.556
2021-02-03 19:30:00,2020,1,2,Leeds,Everton,1.14303,1.91539,0.1702,0.2423,0.5875,16,10,7,6,10,2,14.55,5.6129,2021,2,D,0,3,3,-1,3.05842,-0.7723599999999999,0.438,0.6
2021-02-03 20:15:00,2020,1,3,Aston Villa,West Ham,0.741154,1.79064,0.1371,0.2225,0.6404,9,20,2,10,7,6,17.2667,7.7273,2021,2,D,0,3,4,-2,2.531794,-1.049486,0.222,0.5
2021-02-03 20:15:00,2020,0,1,Liverpool,Brighton,1.09518,1.18977,0.3094,0.3128,0.3778,11,13,1,4,11,1,27.855400000000003,10.7143,2021,2,D,0,3,1,-1,2.2849500000000003,-0.09458999999999995,0.091,0.308
2021-02-04 20:00:00,2020,0,1,Tottenham,Chelsea,0.569446,2.393,0.0393,0.1251,0.8356,7,18,2,2,2,13,9.2069,12.3448,2021,2,D,0,3,1,-1,2.962446,-1.8235539999999997,0.286,0.111
2021-02-06 12:30:00,2020,1,0,Aston Villa,Arsenal,1.19792,0.679649,0.4986,0.3021,0.1993,12,14,8,3,5,14,6.1364,20.6,2021,2,V,3,0,1,1,1.877569,0.5182710000000001,0.667,0.214
2021-02-06 15:00:00,2020,1,1,Burnley,Brighton,1.88934,0.612682,0.728,0.1852,0.0868,20,10,7,2,13,5,12.7222,18.0,2021,2,N,1,1,2,0,2.502022,1.276658,0.35,0.2
2021-02-06 15:00:00,2020,3,2,Newcastle United,Southampton,0.910553,1.43445,0.2193,0.2865,0.4942,6,14,4,5,6,8,2.8846,18.0,2021,2,V,3,0,5,1,2.345003,-0.5238970000000001,0.667,0.357
2021-02-06 17:30:00,2020,0,0,Fulham,West Ham,1.60884,0.943539,0.5319,0.2729,0.1952,20,8,2,1,12,2,23.4,10.875,2021,2,N,1,1,0,0,2.552379,0.665301,0.1,0.125
2021-02-06 20:00:00,2020,3,3,Manchester United,Everton,1.71769,1.5571,0.4001,0.2778,0.3221,14,6,5,3,6,3,27.855400000000003,10.6667,2021,2,N,1,1,6,0,3.27479,0.16059,0.357,0.5
2021-02-07 12:00:00,2020,2,0,Tottenham,West Bromwich Albion,1.92997,0.698686,0.7001,0.2046,0.0953,13,4,6,1,10,3,24.3571,7.6818,2021,2,V,3,0,2,2,2.628656,1.231284,0.462,0.25
2021-02-07 14:00:00,2020,0,0,Wolverhampton Wanderers,Leicester,1.35506,0.632232,0.5741,0.2754,0.1505,13,13,1,3,7,10,7.4706,14.8261,2021,2,N,1,1,0,0,1.987292,0.7228279999999999,0.077,0.231
2021-02-07 16:30:00,2020,1,4,Liverpool,Manchester City,1.17728,3.55196,0.0077,0.0419,0.9504,8,8,3,5,6,4,20.6316,10.8667,2021,2,D,0,3,5,-3,4.72924,-2.3746799999999997,0.375,0.625
2021-02-07 19:15:00,2020,1,2,Sheffield United,Chelsea,0.623045,1.64144,0.0869,0.2349,0.6782,8,9,3,3,4,9,10.6429,19.6957,2021,2,D,0,3,3,-1,2.264485,-1.018395,0.375,0.333
2021-02-08 20:00:00,2020,2,0,Leeds,Crystal Palace,2.64769,0.370278,0.9029,0.0772,0.0199,17,8,7,3,7,4,27.855400000000003,6.8696,2021,2,V,3,0,2,2,3.0179679999999998,2.277412,0.412,0.375
2021-02-13 12:30:00,2020,3,1,Leicester,Liverpool,2.07383,1.68325,0.4663,0.2664,0.2673,11,15,6,4,2,12,7.5667,13.4783,2021,2,V,3,0,4,2,3.75708,0.39058000000000015,0.545,0.267
2021-02-13 15:00:00,2020,0,3,Crystal Palace,Burnley,0.645616,1.95502,0.0914,0.1803,0.7283,13,16,3,4,10,4,7.8,5.7586,2021,2,D,0,3,3,-3,2.6006359999999997,-1.309404,0.231,0.25
2021-02-13 17:30:00,2020,3,0,Manchester City,Tottenham,2.46219,0.4235,0.8805,0.0952,0.0243,15,7,6,3,17,1,19.65,9.5484,2021,2,V,3,0,3,3,2.8856900000000003,2.03869,0.4,0.429
2021-02-13 20:00:00,2020,0,0,Brighton,Aston Villa,2.33232,0.144036,0.9125,0.0777,0.0098,26,4,9,1,16,4,16.3333,8.7273,2021,2,N,1,1,0,0,2.476356,2.1882840000000003,0.346,0.25
2021-02-14 12:00:00,2020,1,2,Southampton,Wolverhampton Wanderers,0.8536,1.09361,0.2361,0.3448,0.4191,7,10,3,4,6,3,15.3684,11.5238,2021,2,D,0,3,3,-1,1.94721,-0.24000999999999995,0.429,0.4
2021-02-14 14:00:00,2020,1,1,West Bromwich Albion,Manchester United,0.945964,0.423885,0.5013,0.3551,0.1436,7,10,3,7,3,9,7.9286,24.328687499999997,2021,2,N,1,1,2,0,1.369849,0.522079,0.429,0.7
2021-02-14 16:30:00,2020,4,2,Arsenal,Leeds,2.50614,0.77074,0.8375,0.123,0.0395,13,9,5,5,13,7,9.875,13.0909,2021,2,V,3,0,6,2,3.27688,1.7353999999999998,0.385,0.556
2021-02-14 19:00:00,2020,0,2,Everton,Fulham,0.314075,2.55085,0.0068,0.0481,0.9451,7,12,2,3,1,9,11.7667,13.1364,2021,2,D,0,3,2,-2,2.864925,-2.236775,0.286,0.25
2021-02-15 18:00:00,2020,3,0,West Ham,Sheffield United,2.32735,0.926652,0.7379,0.1827,0.0794,13,8,9,5,2,9,14.4706,17.5714,2021,2,V,3,0,3,3,3.254002,1.400698,0.692,0.625
2021-02-15 20:00:00,2020,2,0,Chelsea,Newcastle United,2.5428,0.432603,0.8826,0.0951,0.0223,18,10,5,4,8,1,10.5455,6.4091,2021,2,V,3,0,2,2,2.975403,2.1101970000000003,0.278,0.4
2021-02-17 18:00:00,2020,1,1,Burnley,Fulham,1.20642,0.594471,0.5452,0.2995,0.1553,8,8,3,3,5,4,12.8571,10.56,2021,2,N,1,1,2,0,1.800891,0.6119490000000001,0.375,0.375
2021-02-17 20:15:00,2020,1,3,Everton,Manchester City,1.04664,1.23218,0.2781,0.3846,0.3373,3,16,2,7,2,9,10.1765,24.328687499999997,2021,2,D,0,3,4,-2,2.27882,-0.18554000000000004,0.667,0.438
2021-02-19 20:00:00,2020,1,0,Wolverhampton Wanderers,Leeds,0.592049,2.4793,0.0445,0.1246,0.8309,15,18,5,7,1,6,7.7368,9.8519,2021,2,V,3,0,1,1,3.0713489999999997,-1.8872509999999998,0.333,0.389
2021-02-20 12:30:00,2020,1,1,Southampton,Chelsea,0.496603,1.44849,0.0713,0.2519,0.6768,4,9,1,3,0,10,4.1714,16.9286,2021,2,N,1,1,2,0,1.945093,-0.951887,0.25,0.333
2021-02-20 15:00:00,2020,0,0,Burnley,West Bromwich Albion,0.535153,1.71922,0.0492,0.1886,0.7622,6,10,1,3,3,4,19.0,4.44,2021,2,N,1,1,0,0,2.254373,-1.184067,0.167,0.3
2021-02-20 17:30:00,2020,0,2,Liverpool,Everton,1.54046,2.01468,0.2479,0.2577,0.4944,15,9,6,6,14,1,21.0556,6.5,2021,2,D,0,3,2,-2,3.5551399999999997,-0.47421999999999986,0.4,0.667
2021-02-20 20:00:00,2020,1,0,Fulham,Sheffield United,1.21006,0.977747,0.401,0.3167,0.2823,15,4,6,2,7,2,10.2813,9.5333,2021,2,V,3,0,1,1,2.187807,0.23231299999999988,0.4,0.5
2021-02-21 12:00:00,2020,2,1,West Ham,Tottenham,1.09246,0.770706,0.4855,0.3432,0.1713,4,20,4,4,2,8,6.1765,11.5,2021,2,V,3,0,3,1,1.863166,0.321754,1.0,0.2
2021-02-21 14:00:00,2020,1,2,Aston Villa,Leicester,1.7084,1.23852,0.4989,0.2797,0.2214,11,16,2,7,5,6,9.04,13.8235,2021,2,D,0,3,3,-1,2.94692,0.46987999999999985,0.182,0.438
2021-02-21 16:30:00,2020,0,1,Arsenal,Manchester City,0.331188,2.08868,0.0335,0.1341,0.8324,7,15,1,3,6,7,16.5263,16.7778,2021,2,D,0,3,1,-1,2.419868,-1.757492,0.143,0.2
2021-02-21 19:00:00,2020,3,1,Manchester United,Newcastle United,1.7256,0.341778,0.7921,0.1648,0.0431,15,10,7,6,10,1,22.3529,6.3889,2021,2,V,3,0,4,2,2.067378,1.3838219999999999,0.467,0.6
2021-02-22 20:00:00,2020,1,2,Brighton,Crystal Palace,2.59204,0.179886,0.9263,0.0656,0.0081,25,3,5,2,13,0,27.855400000000003,5.6957,2021,2,D,0,3,3,-1,2.7719259999999997,2.412154,0.2,0.667
2021-02-23 20:00:00,2020,3,0,Leeds,Southampton,1.84753,1.47981,0.452,0.2588,0.2892,11,13,7,5,10,5,6.4643,6.7241,2021,2,V,3,0,3,3,3.32734,0.3677199999999998,0.636,0.385
2021-02-27 12:30:00,2020,2,1,Manchester City,West Ham,0.760574,1.92892,0.0637,0.1992,0.7371,10,9,3,3,5,2,22.125,11.95,2021,2,V,3,0,3,1,2.689494,-1.168346,0.3,0.333
2021-02-27 15:00:00,2020,1,0,West Bromwich Albion,Brighton,0.687091,3.12111,0.0135,0.0646,0.9219,6,15,2,6,2,10,3.8,14.2727,2021,2,V,3,0,1,1,3.808201,-2.4340189999999997,0.333,0.4
2021-02-27 17:30:00,2020,0,1,Leeds,Aston Villa,1.00106,0.876255,0.3618,0.3531,0.2851,13,9,3,4,6,1,11.4,4.45,2021,2,D,0,3,1,-1,1.877315,0.12480500000000005,0.231,0.444
2021-02-27 20:00:00,2020,1,1,Newcastle United,Wolverhampton Wanderers,1.9519,1.27827,0.539,0.2409,0.2201,19,14,7,4,6,5,12.8235,5.9706,2021,2,N,1,1,2,0,3.23017,0.67363,0.368,0.286
2021-02-28 12:00:00,2020,0,0,Crystal Palace,Fulham,0.0880148,0.813134,0.0365,0.4295,0.534,3,16,0,4,1,5,6.8667,9.6364,2021,2,N,1,1,0,0,0.9011488000000001,-0.7251192,0.0,0.25
2021-02-28 12:00:00,2020,1,3,Leicester,Arsenal,0.533575,2.1065,0.0266,0.1097,0.8637,8,11,3,4,3,7,24.4,10.96,2021,2,D,0,3,4,-2,2.640075,-1.5729250000000001,0.375,0.364
2021-02-28 14:00:00,2020,4,0,Tottenham,Burnley,2.35788,0.603212,0.8138,0.1319,0.0543,16,10,7,3,4,7,12.3529,21.3636,2021,2,V,3,0,4,4,2.9610920000000003,1.7546680000000001,0.438,0.3
2021-02-28 16:30:00,2020,0,0,Chelsea,Manchester United,1.17294,0.35954,0.621,0.2899,0.0891,18,11,6,4,1,4,10.2353,8.7308,2021,2,N,1,1,0,0,1.53248,0.8134000000000001,0.333,0.364
2021-02-28 19:15:00,2020,0,2,Sheffield United,Liverpool,0.777149,2.80551,0.0461,0.1081,0.8458,8,16,2,8,3,6,12.8,18.8421,2021,2,D,0,3,2,-2,3.582659,-2.028361,0.25,0.5
2021-03-01 20:00:00,2020,1,0,Everton,Southampton,1.42054,0.665743,0.5895,0.2921,0.1184,7,9,1,1,5,3,8.0323,10.1852,2021,3,V,3,0,1,1,2.086283,0.7547969999999999,0.143,0.111
2021-03-02 20:00:00,2020,4,1,Manchester City,Wolverhampton Wanderers,3.26196,0.318824,0.9559,0.0369,0.0072,22,6,10,1,20,1,27.855400000000003,7.0714,2021,3,V,3,0,5,3,3.5807840000000004,2.943136,0.455,0.167
2021-03-03 18:00:00,2020,1,1,Burnley,Leicester,1.26793,1.24109,0.365,0.297,0.338,12,15,7,4,7,6,9.5,18.8333,2021,3,N,1,1,2,0,2.50902,0.026839999999999975,0.583,0.267
2021-03-03 18:00:00,2020,1,0,Sheffield United,Aston Villa,0.716254,1.44176,0.157,0.283,0.56,9,16,2,4,5,16,14.3333,14.6087,2021,3,V,3,0,1,1,2.1580139999999997,-0.725506,0.222,0.25
2021-03-03 20:15:00,2020,0,0,Crystal Palace,Manchester United,0.742397,0.584016,0.3773,0.3779,0.2448,8,11,2,1,3,8,10.7368,16.4737,2021,3,N,1,1,0,0,1.326413,0.158381,0.25,0.091
2021-03-04 18:00:00,2020,0,1,West Bromwich Albion,Everton,1.02038,1.40789,0.2458,0.2813,0.4729,11,11,3,3,7,8,11.8095,16.5789,2021,3,D,0,3,1,-1,2.4282700000000004,-0.38751,0.273,0.273
2021-03-04 18:00:00,2020,0,1,Fulham,Tottenham,1.1715,1.5519,0.2445,0.2814,0.4741,11,9,3,2,9,7,11.5357,7.4643,2021,3,D,0,3,1,-1,2.7234,-0.38040000000000007,0.273,0.222
2021-03-04 20:15:00,2020,0,1,Liverpool,Chelsea,0.247034,1.22635,0.0629,0.271,0.6661,7,11,1,5,10,12,12.5333,11.9688,2021,3,D,0,3,1,-1,1.473384,-0.9793160000000001,0.143,0.455
2021-03-06 12:30:00,2020,1,1,Burnley,Arsenal,1.10374,2.53692,0.1026,0.1738,0.7236,9,15,5,3,5,8,11.0556,24.328687499999997,2021,3,N,1,1,2,0,3.6406599999999996,-1.43318,0.556,0.2
2021-03-06 15:00:00,2020,0,2,Sheffield United,Southampton,0.908155,2.37386,0.0726,0.1717,0.7557,8,15,2,7,5,5,7.25,7.7931,2021,3,D,0,3,2,-2,3.2820150000000003,-1.465705,0.25,0.467
2021-03-06 17:30:00,2020,0,0,Aston Villa,Wolverhampton Wanderers,0.956392,2.15087,0.0783,0.1901,0.7316,9,11,1,3,1,0,12.6667,9.08,2021,3,N,1,1,0,0,3.107262,-1.1944779999999997,0.111,0.273
2021-03-06 20:00:00,2020,1,2,Brighton,Leicester,0.75471,1.03801,0.2386,0.3338,0.4276,7,8,2,4,11,7,7.5,11.7813,2021,3,D,0,3,3,-1,1.79272,-0.2833000000000001,0.286,0.5
2021-03-07 12:00:00,2020,0,0,West Bromwich Albion,Newcastle United,1.46503,0.454577,0.6665,0.2392,0.0943,13,9,3,5,13,6,8.3333,9.8947,2021,3,N,1,1,0,0,1.919607,1.010453,0.231,0.556
2021-03-07 14:00:00,2020,0,1,Liverpool,Fulham,0.701764,1.37047,0.1574,0.2768,0.5658,16,10,3,3,5,2,20.5882,10.0,2021,3,D,0,3,1,-1,2.072234,-0.668706,0.188,0.3
2021-03-07 16:30:00,2020,0,2,Manchester City,Manchester United,1.27561,2.11411,0.1821,0.2071,0.6108,23,8,6,6,13,4,24.8571,8.1538,2021,3,D,0,3,2,-2,3.38972,-0.8385000000000002,0.261,0.75
2021-03-07 19:15:00,2020,4,1,Tottenham,Crystal Palace,2.24159,0.559383,0.8314,0.1326,0.036,12,5,5,1,5,1,14.5,5.8056,2021,3,V,3,0,5,3,2.800973,1.682207,0.417,0.2
2021-03-08 18:00:00,2020,2,0,Chelsea,Everton,2.57224,0.270757,0.9309,0.0583,0.0108,19,7,9,1,6,0,18.1923,9.125,2021,3,V,3,0,2,2,2.842997,2.3014829999999997,0.474,0.143
2021-03-08 20:00:00,2020,2,0,West Ham,Leeds,2.37556,1.34971,0.6568,0.2033,0.1399,16,17,5,2,2,11,6.4091,14.3478,2021,3,V,3,0,2,2,3.72527,1.0258500000000002,0.312,0.118
2021-03-10 18:00:00,2020,5,2,Manchester City,Southampton,3.10503,1.60561,0.7399,0.1695,0.0906,17,11,10,6,10,5,18.3913,20.7333,2021,3,V,3,0,7,3,4.71064,1.4994200000000002,0.588,0.545
2021-03-12 20:00:00,2020,1,1,Newcastle United,Aston Villa,0.873171,0.748665,0.3578,0.3501,0.2921,12,15,3,6,5,5,7.5238,6.7857,2021,3,N,1,1,2,0,1.621836,0.124506,0.25,0.4
2021-03-13 12:30:00,2020,0,0,Leeds,Chelsea,0.382957,0.971054,0.1358,0.3647,0.4995,7,15,4,8,3,12,7.96,10.3571,2021,3,N,1,1,0,0,1.3540109999999999,-0.588097,0.571,0.533
2021-03-13 15:00:00,2020,1,0,Crystal Palace,West Bromwich Albion,1.30694,0.513439,0.6416,0.2594,0.099,6,12,4,1,2,8,5.3793,9.1818,2021,3,V,3,0,1,1,1.820379,0.793501,0.667,0.083
2021-03-13 17:30:00,2020,1,2,Everton,Burnley,1.69849,0.74852,0.6458,0.2217,0.1325,14,14,4,5,9,9,20.7333,7.2222,2021,3,D,0,3,3,-1,2.44701,0.9499700000000001,0.286,0.357
2021-03-13 20:00:00,2020,0,3,Fulham,Manchester City,0.449499,2.72578,0.0073,0.0514,0.9413,3,8,0,7,7,6,8.625,10.1515,2021,3,D,0,3,3,-3,3.1752789999999997,-2.276281,0.0,0.875
2021-03-14 12:00:00,2020,1,2,Southampton,Brighton,1.03495,0.895967,0.3796,0.3355,0.2849,9,8,4,6,7,2,7.8788,16.1111,2021,3,D,0,3,3,-1,1.930917,0.13898300000000008,0.444,0.75
2021-03-14 14:00:00,2020,5,0,Leicester,Sheffield United,4.54571,0.0934777,0.9969,0.0028,0.0003,19,1,10,0,12,2,22.5,6.1154,2021,3,V,3,0,5,5,4.6391877,4.4522322999999995,0.526,0.0
2021-03-14 16:30:00,2020,2,1,Arsenal,Tottenham,1.56529,0.705566,0.6294,0.2781,0.0925,13,6,3,3,10,4,14.1,9.7813,2021,3,V,3,0,3,1,2.270856,0.859724,0.231,0.5
2021-03-14 19:15:00,2020,1,0,Manchester United,West Ham,1.70128,0.463737,0.7121,0.2097,0.0782,15,7,4,0,12,6,19.9375,9.8696,2021,3,V,3,0,1,1,2.1650169999999997,1.2375429999999998,0.267,0.0
2021-03-15 20:00:00,2020,0,1,Wolverhampton Wanderers,Liverpool,1.29175,1.0552,0.4272,0.2998,0.273,10,12,5,4,4,10,12.3478,6.9697,2021,3,D,0,3,1,-1,2.3469499999999996,0.23655000000000004,0.5,0.333
2021-03-19 20:00:00,2020,1,2,Fulham,Leeds,1.47498,1.40706,0.3806,0.2745,0.3449,13,13,6,4,8,6,4.7647,7.6,2021,3,D,0,3,3,-1,2.88204,0.06791999999999998,0.462,0.308
2021-03-20 20:00:00,2020,3,0,Brighton,Newcastle United,0.951921,0.100945,0.6071,0.3553,0.0376,11,3,6,1,8,1,26.6316,7.6333,2021,3,V,3,0,3,3,1.052866,0.8509760000000001,0.545,0.333
2021-03-21 15:00:00,2020,3,3,West Ham,Arsenal,2.50629,1.35217,0.6805,0.1962,0.1233,15,16,5,7,5,10,12.2308,14.45,2021,3,N,1,1,6,0,3.85846,1.1541199999999998,0.333,0.438
2021-03-21 19:30:00,2020,0,2,Aston Villa,Tottenham,0.439681,1.72011,0.0436,0.1674,0.789,8,9,1,3,8,6,10.8,6.3421,2021,3,D,0,3,2,-2,2.1597910000000002,-1.280429,0.125,0.333
2021-04-03 11:30:00,2020,2,5,Chelsea,West Bromwich Albion,2.55917,1.38315,0.6651,0.1824,0.1525,18,14,8,7,12,6,15.5238,6.1852,2021,4,D,0,3,7,-3,3.94232,1.1760199999999998,0.444,0.5
2021-04-03 14:00:00,2020,2,1,Leeds,Sheffield United,2.50597,0.867652,0.7805,0.1599,0.0596,23,9,8,1,9,4,9.1852,11.3158,2021,4,V,3,0,3,1,3.373622,1.638318,0.348,0.111
2021-04-03 16:30:00,2020,0,2,Leicester,Manchester City,0.284781,1.98438,0.0283,0.1346,0.8371,5,11,2,4,2,12,8.4054,21.0,2021,4,D,0,3,2,-2,2.269161,-1.699599,0.4,0.364
2021-04-03 19:00:00,2020,0,3,Arsenal,Liverpool,0.161161,2.43732,0.0079,0.0691,0.923,3,16,2,7,1,14,7.5,19.5217,2021,4,D,0,3,3,-3,2.598481,-2.2761590000000003,0.667,0.438
2021-04-04 11:00:00,2020,3,2,Southampton,Burnley,2.40272,1.50285,0.6005,0.2275,0.172,24,7,9,5,14,7,10.1905,7.8125,2021,4,V,3,0,5,1,3.90557,0.89987,0.375,0.714
2021-04-04 13:05:00,2020,2,2,Newcastle United,Tottenham,3.30098,2.43683,0.597,0.225,0.178,22,11,6,5,7,7,8.1,15.6,2021,4,N,1,1,4,0,5.73781,0.86415,0.273,0.455
2021-04-04 15:30:00,2020,3,1,Aston Villa,Fulham,1.52229,1.52172,0.3485,0.2992,0.3523,14,15,4,7,4,3,10.0,7.1667,2021,4,V,3,0,4,2,3.04401,0.0005699999999999594,0.286,0.467
2021-04-04 18:30:00,2020,2,1,Manchester United,Brighton,1.73474,1.41071,0.4341,0.3034,0.2625,15,5,7,3,11,4,12.8571,9.3929,2021,4,V,3,0,3,1,3.14545,0.32403000000000004,0.467,0.6
2021-04-05 17:00:00,2020,1,1,Everton,Crystal Palace,2.53386,0.603749,0.8213,0.1246,0.0541,15,13,7,6,10,12,14.8235,12.5,2021,4,N,1,1,2,0,3.137609,1.9301109999999997,0.467,0.462
2021-04-05 19:15:00,2020,2,3,Wolverhampton Wanderers,West Ham,1.95649,1.59694,0.4676,0.2413,0.2911,20,9,5,6,4,4,20.0526,7.55,2021,4,D,0,3,5,-1,3.55343,0.35955000000000004,0.25,0.667
2021-04-09 19:00:00,2020,0,1,Fulham,Wolverhampton Wanderers,0.733154,0.428134,0.4003,0.4043,0.1954,14,7,3,3,12,1,20.6154,11.64,2021,4,D,0,3,1,-1,1.1612879999999999,0.30501999999999996,0.214,0.429
2021-04-10 11:30:00,2020,1,2,Manchester City,Leeds,1.98825,0.17525,0.842,0.1385,0.0195,29,2,7,2,15,3,12.7222,4.963,2021,4,D,0,3,3,-1,2.1635,1.8130000000000002,0.241,1.0
2021-04-10 14:00:00,2020,2,1,Liverpool,Aston Villa,2.14592,0.760621,0.7214,0.1886,0.09,23,9,10,5,13,6,10.0968,5.6522,2021,4,V,3,0,3,1,2.906541,1.3852989999999998,0.435,0.556
2021-04-10 16:30:00,2020,1,4,Crystal Palace,Chelsea,0.602167,3.85472,0.004,0.0373,0.9587,1,23,1,10,0,7,8.4667,22.25,2021,4,D,0,3,5,-3,4.456887,-3.252553,1.0,0.435
2021-04-11 11:00:00,2020,1,2,Burnley,Newcastle United,1.84262,1.34279,0.4886,0.259,0.2524,24,10,4,5,13,3,14.1538,9.1111,2021,4,D,0,3,3,-1,3.18541,0.49983,0.167,0.5
2021-04-11 13:05:00,2020,3,2,West Ham,Leicester,1.02408,1.17188,0.302,0.3279,0.3701,4,15,4,4,4,7,6.8387,24.328687499999997,2021,4,V,3,0,5,1,2.1959600000000004,-0.14779999999999993,1.0,0.267
2021-04-11 15:30:00,2020,1,3,Tottenham,Manchester United,0.921801,2.09737,0.0924,0.1919,0.7157,12,12,3,7,5,8,8.0303,8.4333,2021,4,D,0,3,4,-2,3.019171,-1.1755690000000003,0.25,0.583
2021-04-11 18:00:00,2020,0,3,Sheffield United,Arsenal,0.315121,1.93838,0.032,0.1343,0.8337,7,14,2,5,3,10,22.9231,21.9412,2021,4,D,0,3,3,-3,2.253501,-1.623259,0.286,0.357
2021-04-12 17:00:00,2020,3,0,West Bromwich Albion,Southampton,2.77089,1.5002,0.6857,0.1872,0.1271,15,14,6,4,12,9,5.0,7.6667,2021,4,V,3,0,3,3,4.27109,1.27069,0.4,0.286
2021-04-12 19:15:00,2020,0,0,Brighton,Everton,1.16465,0.306287,0.5916,0.3146,0.0938,23,8,3,1,11,3,19.7857,8.5,2021,4,N,1,1,0,0,1.470937,0.858363,0.13,0.125
2021-04-16 19:00:00,2020,2,2,Everton,Tottenham,2.26022,1.4815,0.5766,0.2344,0.189,18,12,7,3,6,2,15.6111,10.6957,2021,4,N,1,1,4,0,3.74172,0.7787199999999999,0.389,0.25
2021-04-17 11:30:00,2020,3,2,Newcastle United,West Ham,2.4314,2.06741,0.4656,0.2547,0.2797,16,16,8,6,1,3,9.6875,19.0625,2021,4,V,3,0,5,1,4.498810000000001,0.3639899999999998,0.5,0.375
2021-04-17 19:15:00,2020,1,0,Wolverhampton Wanderers,Sheffield United,1.22604,0.295925,0.682,0.2514,0.0666,10,8,5,2,3,5,10.3103,24.328687499999997,2021,4,V,3,0,1,1,1.521965,0.930115,0.5,0.25
2021-04-18 12:30:00,2020,1,1,Arsenal,Fulham,2.85573,0.839128,0.8755,0.1066,0.0179,18,3,5,1,10,3,16.6,6.9167,2021,4,N,1,1,2,0,3.694858,2.016602,0.278,0.333
2021-04-18 15:00:00,2020,3,1,Manchester United,Burnley,2.87455,0.959804,0.8479,0.1129,0.0392,17,10,9,3,13,5,13.8182,9.75,2021,4,V,3,0,4,2,3.8343540000000003,1.914746,0.529,0.3
2021-04-19 19:00:00,2020,1,1,Leeds,Liverpool,2.59719,1.60043,0.6186,0.193,0.1884,12,17,5,7,10,13,12.1429,9.2222,2021,4,N,1,1,2,0,4.19762,0.9967599999999999,0.417,0.412
2021-04-20 19:00:00,2020,0,0,Chelsea,Brighton,0.807348,0.459568,0.4424,0.3754,0.1822,7,11,4,2,4,6,15.1212,12.4706,2021,4,N,1,1,0,0,1.266916,0.34778,0.571,0.182
2021-04-21 19:00:00,2020,2,1,Tottenham,Southampton,1.28824,1.06134,0.3738,0.3948,0.2314,12,10,3,5,11,2,18.8,7.2069,2021,4,V,3,0,3,1,2.34958,0.2269000000000001,0.25,0.5
2021-04-21 19:15:00,2020,1,2,Aston Villa,Manchester City,0.801733,1.5634,0.1609,0.2592,0.5799,8,13,3,3,4,17,15.0,24.328687499999997,2021,4,D,0,3,3,-1,2.365133,-0.7616669999999999,0.375,0.231
2021-04-22 19:00:00,2020,3,0,Leicester,West Bromwich Albion,2.6712,0.277126,0.9217,0.0646,0.0137,17,3,7,1,9,4,20.3684,4.75,2021,4,V,3,0,3,3,2.948326,2.394074,0.412,0.333
2021-04-23 19:00:00,2020,0,1,Arsenal,Everton,0.735767,0.529676,0.3705,0.4035,0.226,14,8,3,1,8,3,19.7222,15.0,2021,4,D,0,3,1,-1,1.2654429999999999,0.2060909999999999,0.214,0.125
2021-04-24 11:30:00,2020,1,1,Liverpool,Newcastle United,2.84708,0.860694,0.8163,0.1263,0.0574,22,7,9,4,11,5,27.855400000000003,6.7576,2021,4,N,1,1,2,0,3.707774,1.986386,0.409,0.571
2021-04-24 16:30:00,2020,0,1,West Ham,Chelsea,0.267123,2.52059,0.0114,0.0683,0.9203,9,17,2,6,1,7,10.9444,12.2,2021,4,D,0,3,1,-1,2.787713,-2.2534669999999997,0.222,0.353
2021-04-24 19:00:00,2020,1,0,Sheffield United,Brighton,0.786324,2.06038,0.0692,0.1939,0.7369,7,17,3,4,4,10,6.15,12.3226,2021,4,V,3,0,1,1,2.846704,-1.2740559999999999,0.429,0.235
2021-04-25 11:00:00,2020,0,4,Wolverhampton Wanderers,Burnley,0.351673,2.24049,0.022,0.0914,0.8866,12,14,2,7,0,3,11.5417,8.0588,2021,4,D,0,3,4,-4,2.5921629999999998,-1.888817,0.167,0.5
2021-04-25 13:00:00,2020,0,0,Leeds,Manchester United,0.216834,1.11635,0.0668,0.3229,0.6103,6,16,3,4,2,12,7.0909,10.44,2021,4,N,1,1,0,0,1.333184,-0.899516,0.5,0.25
2021-04-25 18:00:00,2020,2,2,Aston Villa,West Bromwich Albion,2.65394,1.56764,0.6499,0.209,0.1411,24,10,11,4,11,3,16.1429,4.9444,2021,4,N,1,1,4,0,4.221579999999999,1.0863,0.458,0.4
2021-04-26 19:00:00,2020,2,1,Leicester,Crystal Palace,1.23419,0.723112,0.4787,0.3373,0.184,13,4,5,2,12,1,17.5294,4.4815,2021,4,V,3,0,3,1,1.9573019999999999,0.5110779999999999,0.385,0.5
2021-04-30 19:00:00,2020,1,1,Southampton,Leicester,0.954057,2.51518,0.0622,0.1703,0.7675,5,23,3,9,2,8,3.9714,21.75,2021,4,N,1,1,2,0,3.469237,-1.5611229999999998,0.6,0.391
2021-05-01 11:30:00,2020,0,2,Crystal Palace,Manchester City,0.361866,2.04443,0.0363,0.1388,0.8249,9,20,4,3,3,8,5.4231,21.1579,2021,5,D,0,3,2,-2,2.406296,-1.6825640000000002,0.444,0.15
2021-05-01 14:00:00,2020,2,0,Brighton,Leeds,2.52542,0.510874,0.8643,0.1069,0.0288,17,11,5,2,10,2,14.0714,8.6897,2021,5,V,3,0,2,2,3.036294,2.014546,0.294,0.182
2021-05-01 16:30:00,2020,2,0,Chelsea,Fulham,1.8433,0.290042,0.8231,0.1413,0.0356,9,10,5,3,10,9,12.3478,11.48,2021,5,V,3,0,2,2,2.133342,1.553258,0.556,0.3
2021-05-01 19:00:00,2020,1,2,Everton,Aston Villa,1.223,1.58811,0.2579,0.2757,0.4664,16,13,3,5,8,6,10.8636,15.9412,2021,5,D,0,3,3,-1,2.81111,-0.3651099999999998,0.188,0.385
2021-05-02 13:00:00,2020,0,2,Newcastle United,Arsenal,0.172988,1.78751,0.0241,0.1411,0.8348,5,19,1,5,0,7,12.9,24.328687499999997,2021,5,D,0,3,2,-2,1.9604979999999999,-1.614522,0.2,0.263
2021-05-02 18:15:00,2020,4,0,Tottenham,Sheffield United,2.26016,0.469026,0.8305,0.127,0.0425,20,8,11,1,7,6,27.855400000000003,7.6957,2021,5,V,3,0,4,4,2.729186,1.791134,0.55,0.125
2021-05-03 17:00:00,2020,1,1,West Bromwich Albion,Wolverhampton Wanderers,1.07133,0.844138,0.4226,0.3202,0.2572,10,20,4,10,5,8,8.15,8.96,2021,5,N,1,1,2,0,1.915468,0.22719199999999984,0.4,0.5
2021-05-03 19:15:00,2020,1,2,Burnley,West Ham,1.68312,2.42477,0.2109,0.2441,0.545,8,22,3,4,4,7,10.9375,14.7647,2021,5,D,0,3,3,-1,4.10789,-0.7416500000000001,0.375,0.182
2021-05-07 19:00:00,2020,2,4,Leicester,Newcastle United,2.315,2.87261,0.2655,0.2085,0.526,25,14,9,6,9,3,16.2778,4.7931,2021,5,D,0,3,6,-2,5.187609999999999,-0.5576099999999999,0.36,0.429
2021-05-08 11:30:00,2020,3,1,Leeds,Tottenham,2.55216,1.03384,0.7578,0.1565,0.0857,16,11,7,3,12,5,8.8148,5.2895,2021,5,V,3,0,4,2,3.5860000000000003,1.5183200000000001,0.438,0.273
2021-05-08 14:00:00,2020,0,2,Sheffield United,Crystal Palace,0.639325,2.25382,0.07,0.1595,0.7705,7,21,0,8,2,10,15.0,7.5517,2021,5,D,0,3,2,-2,2.893145,-1.6144950000000002,0.0,0.381
2021-05-08 16:30:00,2020,1,2,Manchester City,Chelsea,1.79168,0.619724,0.7182,0.2005,0.0813,16,12,4,5,10,8,18.3,13.1071,2021,5,D,0,3,3,-1,2.411404,1.1719559999999998,0.25,0.417
2021-05-08 19:15:00,2020,2,0,Liverpool,Southampton,2.26367,1.2289,0.6337,0.2173,0.149,14,12,6,6,10,5,20.3125,11.0,2021,5,V,3,0,2,2,3.4925699999999997,1.0347699999999997,0.429,0.5
2021-05-09 11:00:00,2020,2,1,Wolverhampton Wanderers,Brighton,1.1199,0.27571,0.6073,0.3084,0.0843,16,5,6,3,9,9,12.2273,9.1905,2021,5,V,3,0,3,1,1.39561,0.8441899999999999,0.375,0.6
2021-05-09 13:05:00,2020,1,3,Aston Villa,Manchester United,0.565472,1.88793,0.0706,0.1774,0.752,11,18,5,7,8,14,9.28,12.6087,2021,5,D,0,3,4,-2,2.453402,-1.3224580000000001,0.455,0.389
2021-05-09 15:30:00,2020,0,1,West Ham,Everton,1.09704,1.56222,0.2139,0.3101,0.476,11,9,0,3,7,6,15.2727,6.3704,2021,5,D,0,3,1,-1,2.6592599999999997,-0.4651799999999999,0.0,0.333
2021-05-09 18:00:00,2020,3,1,Arsenal,West Bromwich Albion,1.07042,1.83076,0.1771,0.242,0.5809,15,12,7,1,6,2,16.7,9.9333,2021,5,V,3,0,4,2,2.90118,-0.76034,0.467,0.083
2021-05-10 19:00:00,2020,0,2,Fulham,Burnley,0.778074,1.65831,0.1531,0.2403,0.6066,21,14,3,5,14,11,10.4,3.5238,2021,5,D,0,3,2,-2,2.436384,-0.8802359999999999,0.143,0.357
2021-05-11 17:00:00,2020,1,2,Manchester United,Leicester,0.212874,0.991522,0.0739,0.3307,0.5954,4,12,1,3,2,2,11.9655,20.4615,2021,5,D,0,3,3,-1,1.204396,-0.778648,0.25,0.25
2021-05-11 21:00:00,2020,3,1,Southampton,Crystal Palace,1.58872,1.32586,0.4176,0.3071,0.2753,13,11,6,4,5,8,12.3103,5.5652,2021,5,V,3,0,4,2,2.91458,0.26285999999999987,0.462,0.364
2021-05-12 19:15:00,2020,0,1,Chelsea,Arsenal,1.56786,0.692043,0.5977,0.2762,0.1261,19,5,5,2,14,3,19.8889,20.2727,2021,5,D,0,3,1,-1,2.259903,0.8758170000000001,0.263,0.4
2021-05-13 19:15:00,2020,2,4,Manchester United,Liverpool,1.71328,2.938,0.1547,0.173,0.6723,18,17,3,8,8,6,9.8621,12.8,2021,5,D,0,3,6,-2,4.65128,-1.2247200000000003,0.167,0.471
2021-05-13 21:00:00,2020,0,0,Aston Villa,Everton,0.558976,0.975408,0.2001,0.3438,0.4561,13,15,2,5,5,8,14.9048,16.5,2021,5,N,1,1,0,0,1.5343840000000002,-0.416432,0.154,0.333
2021-05-14 19:00:00,2020,3,4,Newcastle United,Manchester City,2.18312,1.477,0.5786,0.2559,0.1655,11,15,5,6,2,13,2.9143,24.328687499999997,2021,5,D,0,3,7,-1,3.66012,0.7061200000000001,0.455,0.4
2021-05-15 11:30:00,2020,0,4,Burnley,Leeds,1.41338,1.85654,0.2605,0.2571,0.4824,16,16,4,6,13,9,13.1429,12.0,2021,5,D,0,3,4,-4,3.26992,-0.44316,0.25,0.375
2021-05-15 14:00:00,2020,3,1,Southampton,Fulham,2.29146,0.875957,0.7254,0.1717,0.1029,11,10,7,3,7,8,10.0,12.7,2021,5,V,3,0,4,2,3.167417,1.4155029999999997,0.636,0.3
2021-05-15 19:00:00,2020,1,1,Brighton,West Ham,0.922587,1.92378,0.1388,0.2215,0.6397,10,15,2,3,10,10,18.5789,13.6,2021,5,N,1,1,2,0,2.846367,-1.001193,0.2,0.2
2021-05-16 11:00:00,2020,3,2,Crystal Palace,Aston Villa,1.95285,1.2303,0.5805,0.2413,0.1782,23,19,8,5,9,13,7.8235,7.0385,2021,5,V,3,0,5,1,3.18315,0.72255,0.348,0.263
2021-05-16 13:05:00,2020,2,0,Tottenham,Wolverhampton Wanderers,3.13947,1.09206,0.8344,0.1112,0.0544,24,15,13,3,7,5,18.45,11.5556,2021,5,V,3,0,2,2,4.23153,2.04741,0.542,0.2
2021-05-16 15:30:00,2020,1,2,West Bromwich Albion,Liverpool,1.14202,2.07854,0.1776,0.2271,0.5953,10,26,3,6,3,20,4.0526,21.8571,2021,5,D,0,3,3,-1,3.22056,-0.9365199999999998,0.3,0.231
2021-05-16 18:00:00,2020,0,1,Everton,Sheffield United,1.24609,1.391,0.2805,0.3451,0.3744,16,10,6,3,12,5,14.4286,9.65,2021,5,D,0,3,1,-1,2.6370899999999997,-0.1449100000000001,0.375,0.3
2021-05-18 17:00:00,2020,1,1,Manchester United,Fulham,0.92243,0.872643,0.3388,0.3338,0.3274,13,8,6,5,6,2,11.1481,11.24,2021,5,N,1,1,2,0,1.795073,0.049787000000000026,0.462,0.625
2021-05-18 17:00:00,2020,0,2,Southampton,Leeds,1.3084,1.58132,0.2758,0.2938,0.4304,18,15,3,7,8,7,6.1935,7.1935,2021,5,D,0,3,2,-2,2.88972,-0.27292000000000005,0.167,0.467
2021-05-18 18:00:00,2020,3,2,Brighton,Manchester City,1.22824,1.07139,0.3705,0.3206,0.3089,19,8,6,4,14,1,18.3,7.3929,2021,5,V,3,0,5,1,2.29963,0.15684999999999993,0.316,0.5
2021-05-18 19:15:00,2020,2,1,Chelsea,Leicester,2.86149,0.832596,0.8552,0.1094,0.0354,17,7,6,3,11,5,10.9667,6.9643,2021,5,V,3,0,3,1,3.694086,2.0288939999999998,0.353,0.429
2021-05-19 17:00:00,2020,1,0,Everton,Wolverhampton Wanderers,0.670997,0.265526,0.4117,0.4584,0.1299,14,9,4,3,4,1,8.8696,11.5556,2021,5,V,3,0,1,1,0.936523,0.40547099999999997,0.286,0.333
2021-05-19 17:00:00,2020,1,0,Newcastle United,Sheffield United,1.82508,0.882242,0.6308,0.2284,0.1408,16,11,5,1,3,5,18.5882,19.2,2021,5,V,3,0,1,1,2.707322,0.9428380000000001,0.312,0.091
2021-05-19 17:00:00,2020,1,2,Tottenham,Aston Villa,0.89279,1.63669,0.1764,0.26,0.5636,10,20,4,4,11,10,10.1333,9.0,2021,5,D,0,3,3,-1,2.52948,-0.7439,0.4,0.2
2021-05-19 18:00:00,2020,1,3,Crystal Palace,Arsenal,0.998377,1.7945,0.1501,0.2421,0.6078,12,6,6,3,6,7,9.8462,16.0526,2021,5,D,0,3,4,-2,2.792877,-0.796123,0.5,0.5
2021-05-19 19:15:00,2020,0,3,Burnley,Liverpool,0.837048,2.73316,0.0603,0.1284,0.8113,10,20,4,3,11,13,13.1538,11.64,2021,5,D,0,3,3,-3,3.570208,-1.8961119999999998,0.4,0.15
2021-05-19 19:15:00,2020,1,3,West Bromwich Albion,West Ham,1.10741,3.56991,0.0175,0.0659,0.9166,14,21,4,9,6,9,9.3529,8.8235,2021,5,D,0,3,4,-2,4.67732,-2.4625000000000004,0.286,0.429
2021-05-23 15:00:00,2020,2,0,Arsenal,Brighton,0.772904,0.193968,0.4749,0.4374,0.0877,16,5,5,1,13,4,18.9412,17.3333,2021,5,V,3,0,2,2,0.9668720000000001,0.578936,0.312,0.2
2021-05-23 15:00:00,2020,2,1,Aston Villa,Chelsea,0.980413,3.43414,0.0296,0.0819,0.8885,6,23,3,7,5,19,6.3333,18.375,2021,5,V,3,0,3,1,4.414553,-2.453727,0.5,0.304
2021-05-23 15:00:00,2020,0,2,Fulham,Newcastle United,0.98902,1.60157,0.177,0.2746,0.5484,14,10,0,4,5,3,27.855400000000003,8.913,2021,5,D,0,3,2,-2,2.5905899999999997,-0.6125499999999999,0.0,0.4
2021-05-23 15:00:00,2020,3,1,Leeds,West Bromwich Albion,2.49009,1.02209,0.7524,0.1582,0.0894,17,14,9,5,9,8,14.0,4.2692,2021,5,V,3,0,4,2,3.51218,1.468,0.529,0.357
2021-05-23 15:00:00,2020,2,4,Leicester,Tottenham,1.82554,1.85229,0.3328,0.3403,0.3269,10,11,6,4,2,6,13.3333,10.8889,2021,5,D,0,3,6,-2,3.67783,-0.02675000000000005,0.6,0.364
2021-05-23 15:00:00,2020,2,0,Liverpool,Crystal Palace,2.20348,0.772317,0.7516,0.173,0.0754,19,5,5,4,17,1,16.75,5.3913,2021,5,V,3,0,2,2,2.975797,1.4311629999999997,0.263,0.8
2021-05-23 15:00:00,2020,5,0,Manchester City,Everton,2.88355,1.07258,0.7906,0.1483,0.0611,21,8,11,3,9,3,19.1154,10.0,2021,5,V,3,0,5,5,3.95613,1.81097,0.524,0.375
2021-05-23 15:00:00,2020,1,0,Sheffield United,Burnley,0.420006,0.558508,0.2153,0.467,0.3177,12,10,3,3,4,10,9.3529,8.6538,2021,5,V,3,0,1,1,0.978514,-0.13850200000000001,0.25,0.3
2021-05-23 15:00:00,2020,3,0,West Ham,Southampton,1.98344,1.35179,0.5303,0.2337,0.236,14,17,7,5,2,10,6.1667,17.7647,2021,5,V,3,0,3,3,3.33523,0.63165,0.5,0.294
2021-05-23 15:00:00,2020,1,2,Wolverhampton Wanderers,Manchester United,0.701256,2.05229,0.0767,0.1725,0.7508,14,9,4,4,5,6,27.855400000000003,8.25,2021,5,D,0,3,3,-1,2.753546,-1.3510340000000003,0.286,0.444
2021-08-13 19:00:00,2021,2,0,Brentford,Arsenal,1.88818,1.02385,0.6289,0.2287,0.1424,8,22,3,4,7,10,5.7727,16.1111,2021,8,V,3,0,2,2,2.9120299999999997,0.86433,0.375,0.182
2021-08-14 11:30:00,2021,5,1,Manchester United,Leeds,1.64248,0.568342,0.6618,0.2327,0.1055,16,10,8,3,8,3,7.2424,12.5909,2021,8,V,3,0,6,4,2.210822,1.074138,0.5,0.3
2021-08-14 14:00:00,2021,1,2,Burnley,Brighton,1.79548,1.6853,0.3894,0.2877,0.3229,14,14,3,8,3,7,7.9333,17.8889,2021,8,D,0,3,3,-1,3.48078,0.11017999999999994,0.214,0.571
2021-08-14 14:00:00,2021,3,0,Chelsea,Crystal Palace,1.18709,0.321701,0.6405,0.2822,0.0773,13,4,6,1,14,3,27.855400000000003,6.5952,2021,8,V,3,0,3,3,1.508791,0.865389,0.462,0.25
2021-08-14 14:00:00,2021,3,1,Everton,Southampton,2.38863,0.580601,0.8359,0.1234,0.0407,14,6,6,3,4,6,5.5926,6.8696,2021,8,V,3,0,4,2,2.969231,1.8080289999999999,0.429,0.5
2021-08-14 14:00:00,2021,1,0,Leicester,Wolverhampton Wanderers,0.668082,1.32714,0.1683,0.275,0.5567,9,17,5,3,6,7,20.2632,11.5,2021,8,V,3,0,1,1,1.995222,-0.659058,0.556,0.176
2021-08-14 14:00:00,2021,3,2,Watford,Aston Villa,1.35036,1.13718,0.3877,0.3205,0.2918,13,11,7,2,4,6,6.5,14.4286,2021,8,V,3,0,5,1,2.48754,0.21317999999999993,0.538,0.182
2021-08-14 16:30:00,2021,0,3,Norwich,Liverpool,1.3333,1.78728,0.2578,0.2601,0.4821,14,19,3,8,3,13,11.5806,24.328687499999997,2021,8,D,0,3,3,-3,3.12058,-0.45398000000000005,0.214,0.421
2021-08-15 13:00:00,2021,2,4,Newcastle United,West Ham,1.67926,3.00939,0.1222,0.1825,0.6953,17,18,3,9,5,10,11.619,24.328687499999997,2021,8,D,0,3,6,-2,4.68865,-1.3301299999999998,0.176,0.5
2021-08-15 15:30:00,2021,1,0,Tottenham,Manchester City,1.06014,2.10585,0.143,0.2222,0.6348,13,18,2,4,5,8,6.1364,17.2941,2021,8,V,3,0,1,1,3.1659900000000003,-1.0457100000000001,0.154,0.222
2021-08-21 11:30:00,2021,2,0,Liverpool,Burnley,2.63945,0.690464,0.8118,0.1329,0.0553,27,9,9,3,8,3,12.7273,7.0,2021,8,V,3,0,2,2,3.329914,1.948986,0.333,0.333
2021-08-21 14:00:00,2021,5,0,Manchester City,Norwich,2.43928,0.0250088,0.9626,0.0367,0.0007,16,1,4,0,16,0,27.5833,7.6176,2021,8,V,3,0,5,5,2.4642888000000003,2.4142712,0.25,0.0
2021-08-21 14:00:00,2021,2,0,Aston Villa,Newcastle United,1.18426,0.63163,0.5426,0.3163,0.1411,10,9,2,1,5,4,8.8235,14.4286,2021,8,V,3,0,2,2,1.81589,0.5526300000000001,0.2,0.111
2021-08-21 14:00:00,2021,0,0,Crystal Palace,Brentford,0.606313,0.712439,0.2744,0.3907,0.3349,7,14,2,3,5,6,8.1724,9.2,2021,8,N,1,1,0,0,1.318752,-0.10612600000000005,0.286,0.214
2021-08-21 14:00:00,2021,2,2,Leeds,Everton,0.966093,1.85713,0.1373,0.232,0.6307,17,17,4,8,4,6,17.0,5.4286,2021,8,N,1,1,4,0,2.823223,-0.891037,0.235,0.471
2021-08-21 16:30:00,2021,2,0,Brighton,Watford,1.77896,0.407224,0.7795,0.1682,0.0523,13,10,3,1,7,6,25.8667,12.6667,2021,8,V,3,0,2,2,2.186184,1.371736,0.231,0.1
2021-08-22 13:00:00,2021,1,1,Southampton,Manchester United,0.587526,2.26173,0.0446,0.1431,0.8123,8,15,3,4,3,11,9.0667,8.871,2021,8,N,1,1,2,0,2.849256,-1.674204,0.375,0.267
2021-08-22 13:00:00,2021,0,1,Wolverhampton Wanderers,Tottenham,1.51127,1.72636,0.2871,0.276,0.4369,25,8,6,6,9,6,13.7647,7.3704,2021,8,D,0,3,1,-1,3.23763,-0.21509,0.24,0.75
2021-08-22 15:30:00,2021,0,2,Arsenal,Chelsea,0.630099,3.64132,0.0088,0.0395,0.9517,6,22,3,5,3,19,10.4,16.3478,2021,8,D,0,3,2,-2,4.271419,-3.011221,0.5,0.227
2021-08-23 19:00:00,2021,4,1,West Ham,Leicester,2.28613,0.62676,0.7776,0.1655,0.0569,19,5,7,1,5,5,12.9091,23.3571,2021,8,V,3,0,5,3,2.91289,1.65937,0.368,0.2
2021-08-28 11:30:00,2021,5,0,Manchester City,Arsenal,4.47273,0.116805,0.9943,0.0054,0.0003,25,1,10,0,14,0,27.855400000000003,5.0556,2021,8,V,3,0,5,5,4.589535000000001,4.355925,0.4,0.0
2021-08-28 14:00:00,2021,2,2,Newcastle United,Southampton,1.19077,3.46036,0.0173,0.0763,0.9064,10,22,5,6,6,10,7.7059,9.75,2021,8,N,1,1,4,0,4.65113,-2.26959,0.5,0.273
2021-08-28 14:00:00,2021,1,2,Norwich,Leicester,1.44084,1.27371,0.3977,0.309,0.2933,14,9,4,3,2,3,8.7727,10.96,2021,8,D,0,3,3,-1,2.71455,0.16713,0.286,0.333
2021-08-28 14:00:00,2021,1,1,Aston Villa,Brentford,0.431464,1.13312,0.1214,0.3143,0.5643,7,9,5,2,2,8,8.2917,13.2,2021,8,N,1,1,2,0,1.564584,-0.7016559999999998,0.714,0.222
2021-08-28 14:00:00,2021,0,2,Brighton,Everton,0.701622,1.54868,0.1307,0.2493,0.62,14,14,3,5,9,3,14.2593,7.0,2021,8,D,0,3,2,-2,2.250302,-0.8470580000000001,0.214,0.357
2021-08-28 14:00:00,2021,2,2,West Ham,Crystal Palace,1.44748,1.67658,0.2841,0.2824,0.4335,14,9,4,2,11,6,8.8947,11.1852,2021,8,N,1,1,4,0,3.12406,-0.22909999999999986,0.286,0.222
2021-08-28 16:30:00,2021,1,1,Liverpool,Chelsea,2.08462,0.573638,0.7743,0.1646,0.0611,23,6,8,3,6,4,27.855400000000003,7.2759,2021,8,N,1,1,2,0,2.658258,1.5109820000000003,0.348,0.5
2021-08-29 13:00:00,2021,1,1,Burnley,Leeds,1.71102,1.52078,0.3969,0.3278,0.2753,12,12,3,2,2,9,8.1333,14.4167,2021,8,N,1,1,2,0,3.2318,0.19023999999999996,0.25,0.167
2021-08-29 13:00:00,2021,1,0,Tottenham,Watford,0.920963,0.596016,0.4144,0.361,0.2246,15,9,8,2,16,4,19.25,11.5238,2021,8,V,3,0,1,1,1.516979,0.324947,0.533,0.222
2021-08-29 15:30:00,2021,0,1,Wolverhampton Wanderers,Manchester United,1.79575,0.944083,0.6025,0.267,0.1305,15,10,6,3,6,8,9.1538,24.328687499999997,2021,8,D,0,3,1,-1,2.739833,0.851667,0.4,0.3
2021-09-11 11:30:00,2021,3,0,Crystal Palace,Tottenham,2.89372,0.0775646,0.9872,0.012,0.0008,18,2,4,1,7,1,12.7619,6.0357,2021,9,V,3,0,3,3,2.9712846,2.8161554,0.222,0.5
2021-09-11 14:00:00,2021,1,0,Arsenal,Norwich,2.68515,0.577292,0.8611,0.1008,0.0381,30,10,6,1,13,5,19.3636,12.5,2021,9,V,3,0,1,1,3.262442,2.1078580000000002,0.2,0.1
2021-09-11 14:00:00,2021,0,1,Brentford,Brighton,0.729786,0.287902,0.4446,0.4316,0.1238,7,4,1,2,3,6,6.6154,10.125,2021,9,D,0,3,1,-1,1.0176880000000001,0.44188400000000005,0.143,0.5
2021-09-11 14:00:00,2021,0,1,Leicester,Manchester City,0.8001,2.75058,0.0524,0.1247,0.8229,6,25,1,8,6,14,9.4615,24.328687499999997,2021,9,D,0,3,1,-1,3.55068,-1.9504799999999998,0.167,0.32
2021-09-11 14:00:00,2021,4,1,Manchester United,Newcastle United,2.77326,0.622042,0.8917,0.0845,0.0238,21,12,7,3,11,1,27.855400000000003,8.5833,2021,9,V,3,0,5,3,3.395302,2.151218,0.333,0.25
2021-09-11 14:00:00,2021,0,0,Southampton,West Ham,0.692135,0.725407,0.306,0.3717,0.3223,11,13,3,3,4,1,7.7,23.9167,2021,9,N,1,1,0,0,1.417542,-0.03327200000000008,0.273,0.231
2021-09-11 14:00:00,2021,0,2,Watford,Wolverhampton Wanderers,0.185407,2.55922,0.0034,0.033,0.9636,6,14,2,5,3,7,7.2258,14.0476,2021,9,D,0,3,2,-2,2.744627,-2.3738129999999997,0.333,0.357
2021-09-11 16:30:00,2021,3,0,Chelsea,Aston Villa,1.22153,1.17349,0.3501,0.3138,0.3361,12,18,4,6,3,6,9.871,9.8947,2021,9,V,3,0,3,3,2.3950199999999997,0.04804000000000008,0.333,0.333
2021-09-12 15:30:00,2021,0,3,Leeds,Liverpool,0.652514,4.4016,0.0071,0.024,0.9689,9,30,4,9,8,15,16.8,24.328687499999997,2021,9,D,0,3,3,-3,5.054114,-3.749086,0.444,0.3
2021-09-13 19:00:00,2021,3,1,Everton,Burnley,1.80386,1.82061,0.3516,0.2706,0.3778,14,11,6,6,7,4,10.85,11.9375,2021,9,V,3,0,4,2,3.62447,-0.016750000000000043,0.429,0.545
2021-09-17 19:00:00,2021,1,1,Newcastle United,Leeds,1.17668,1.42995,0.2984,0.2732,0.4284,17,21,7,9,10,13,5.5385,16.9,2021,9,N,1,1,2,0,2.60663,-0.2532700000000001,0.412,0.429
2021-09-18 11:30:00,2021,0,2,Wolverhampton Wanderers,Brentford,1.02316,2.32741,0.0763,0.1796,0.7441,11,9,0,3,4,3,10.7826,12.5714,2021,9,D,0,3,2,-2,3.3505700000000003,-1.30425,0.0,0.333
2021-09-18 14:00:00,2021,1,3,Norwich,Watford,0.782665,2.42487,0.068,0.1477,0.7843,12,12,5,8,12,7,10.4,8.0741,2021,9,D,0,3,4,-2,3.207535,-1.6422049999999997,0.417,0.667
2021-09-18 14:00:00,2021,0,1,Burnley,Arsenal,0.775574,1.09928,0.2331,0.3205,0.4464,18,13,3,3,9,7,10.8235,12.6957,2021,9,D,0,3,1,-1,1.874854,-0.32370600000000005,0.167,0.231
2021-09-18 14:00:00,2021,3,0,Liverpool,Crystal Palace,2.76793,0.644168,0.8783,0.088,0.0337,25,13,10,2,8,8,20.3333,5.1667,2021,9,V,3,0,3,3,3.412098,2.1237619999999997,0.4,0.154
2021-09-18 14:00:00,2021,0,0,Manchester City,Southampton,1.22451,0.490923,0.5597,0.297,0.1433,16,10,1,2,6,6,16.5,11.5333,2021,9,N,1,1,0,0,1.715433,0.733587,0.062,0.2
2021-09-18 16:30:00,2021,3,0,Aston Villa,Everton,0.777716,0.755035,0.3236,0.365,0.3114,15,11,3,1,5,2,11.8824,8.2222,2021,9,V,3,0,3,3,1.532751,0.02268099999999995,0.2,0.091
2021-09-19 13:00:00,2021,2,1,Brighton,Leicester,1.47438,1.25373,0.4099,0.3102,0.2799,12,14,5,3,6,12,8.8571,13.7619,2021,9,V,3,0,3,1,2.72811,0.22065,0.417,0.214
2021-09-19 13:00:00,2021,1,2,West Ham,Manchester United,1.6671,1.8954,0.2947,0.3001,0.4052,13,17,4,10,7,7,12.5556,16.8,2021,9,D,0,3,3,-1,3.5625,-0.22829999999999995,0.308,0.588
2021-09-19 15:30:00,2021,0,3,Tottenham,Chelsea,0.70567,2.5869,0.0491,0.1287,0.8222,8,20,2,10,0,15,9.3125,14.9,2021,9,D,0,3,3,-3,3.29257,-1.88123,0.25,0.5
2021-09-25 11:30:00,2021,0,1,Chelsea,Manchester City,0.194202,1.69244,0.0287,0.1742,0.7971,5,15,0,4,4,9,9.1333,21.4375,2021,9,D,0,3,1,-1,1.886642,-1.498238,0.0,0.267
2021-09-25 11:30:00,2021,0,1,Manchester United,Aston Villa,1.9251,1.57249,0.4531,0.2656,0.2813,28,7,4,3,5,6,9.4091,6.2778,2021,9,D,0,3,1,-1,3.4975899999999998,0.3526100000000001,0.143,0.429
2021-09-25 14:00:00,2021,1,1,Watford,Newcastle United,0.904061,2.52338,0.0863,0.1454,0.7683,15,20,4,6,3,4,8.0,5.3793,2021,9,N,1,1,2,0,3.427441,-1.619319,0.267,0.3
2021-09-25 14:00:00,2021,2,0,Everton,Norwich,2.26681,0.800903,0.7957,0.1591,0.0452,11,10,4,2,6,4,14.0,10.6071,2021,9,V,3,0,2,2,3.067713,1.465907,0.364,0.2
2021-09-25 14:00:00,2021,1,2,Leeds,West Ham,1.1967,1.98962,0.1991,0.2264,0.5745,15,20,5,7,8,5,20.3333,13.6429,2021,9,D,0,3,3,-1,3.1863200000000003,-0.7929199999999998,0.333,0.35
2021-09-25 14:00:00,2021,2,2,Leicester,Burnley,2.16233,0.428866,0.8072,0.1483,0.0445,22,9,5,3,17,9,14.087,9.0769,2021,9,N,1,1,4,0,2.591196,1.733464,0.227,0.333
2021-09-25 16:30:00,2021,3,3,Brentford,Liverpool,2.94058,2.25736,0.552,0.2087,0.2393,12,16,4,6,4,12,6.7059,23.7,2021,9,N,1,1,6,0,5.19794,0.6832200000000004,0.333,0.375
2021-09-26 13:00:00,2021,0,1,Southampton,Wolverhampton Wanderers,0.909342,0.909833,0.3238,0.3319,0.3443,18,5,6,3,7,3,27.855400000000003,8.3636,2021,9,D,0,3,1,-1,1.819175,-0.0004910000000000192,0.333,0.6
2021-09-26 15:30:00,2021,3,1,Arsenal,Tottenham,1.44499,0.980166,0.4985,0.2844,0.2171,12,10,7,4,5,2,12.5,16.4,2021,9,V,3,0,4,2,2.425156,0.464824,0.583,0.4
2021-09-27 19:00:00,2021,1,1,Crystal Palace,Brighton,1.36836,0.649566,0.5996,0.2765,0.1239,8,8,3,4,4,5,11.0435,17.381,2021,9,N,1,1,2,0,2.017926,0.718794,0.375,0.5
2021-10-02 11:30:00,2021,1,1,Manchester United,Everton,1.0496,1.32211,0.2749,0.2983,0.4268,13,12,6,2,12,2,19.8125,8.1333,2021,10,N,1,1,2,0,2.37171,-0.2725099999999998,0.462,0.167
2021-10-02 14:00:00,2021,0,0,Burnley,Norwich,0.584725,0.673617,0.2597,0.406,0.3343,14,11,4,2,6,9,16.1667,7.6923,2021,10,N,1,1,0,0,1.258342,-0.08889199999999997,0.286,0.182
2021-10-02 14:00:00,2021,3,1,Chelsea,Southampton,3.79243,1.52634,0.8747,0.096,0.0293,20,6,9,2,12,4,9.4722,7.2917,2021,10,V,3,0,4,2,5.31877,2.26609,0.45,0.333
2021-10-02 14:00:00,2021,1,0,Leeds,Watford,1.57388,0.192794,0.775,0.1878,0.0372,20,5,4,1,9,4,13.8571,6.75,2021,10,V,3,0,1,1,1.7666739999999999,1.381086,0.2,0.2
2021-10-02 14:00:00,2021,2,1,Wolverhampton Wanderers,Newcastle United,1.15849,0.865217,0.4258,0.3526,0.2216,7,8,3,2,3,1,13.1429,10.6667,2021,10,V,3,0,3,1,2.023707,0.293273,0.429,0.25
2021-10-02 16:30:00,2021,0,0,Brighton,Arsenal,1.11551,0.36431,0.5517,0.3319,0.1164,21,8,2,2,9,7,27.855400000000003,8.75,2021,10,N,1,1,0,0,1.4798200000000001,0.7512,0.095,0.25
2021-10-03 13:00:00,2021,2,2,Crystal Palace,Leicester,1.1703,1.04322,0.369,0.3054,0.3256,18,9,4,5,13,1,9.3235,6.8,2021,10,N,1,1,4,0,2.21352,0.12707999999999986,0.222,0.556
2021-10-03 13:00:00,2021,2,1,Tottenham,Aston Villa,1.78187,1.07395,0.5459,0.2622,0.1919,17,13,7,3,11,11,7.2727,7.85,2021,10,V,3,0,3,1,2.85582,0.7079200000000001,0.412,0.231
2021-10-03 13:00:00,2021,1,2,West Ham,Brentford,1.37258,1.30098,0.3646,0.291,0.3444,18,13,5,6,8,1,13.4286,6.0,2021,10,D,0,3,3,-1,2.67356,0.07159999999999989,0.278,0.462
2021-10-03 15:30:00,2021,2,2,Liverpool,Manchester City,0.949368,1.04319,0.3183,0.3225,0.3592,6,12,4,3,7,11,27.855400000000003,10.4839,2021,10,N,1,1,4,0,1.992558,-0.09382200000000007,0.667,0.25
2021-10-16 11:30:00,2021,0,5,Watford,Liverpool,0.302302,3.65553,0.0022,0.0123,0.9855,6,19,2,8,5,10,4.88,24.328687499999997,2021,10,D,0,3,5,-5,3.9578320000000002,-3.353228,0.333,0.421
2021-10-16 14:00:00,2021,2,3,Aston Villa,Wolverhampton Wanderers,1.21276,2.19633,0.1447,0.2184,0.6369,14,9,5,4,7,10,9.1154,12.6875,2021,10,D,0,3,5,-1,3.40909,-0.98357,0.357,0.444
2021-10-16 14:00:00,2021,4,2,Leicester,Manchester United,2.96611,1.02494,0.8373,0.1119,0.0508,22,18,11,6,10,4,12.3462,13.2857,2021,10,V,3,0,6,2,3.99105,1.94117,0.5,0.333
2021-10-16 14:00:00,2021,2,0,Manchester City,Burnley,2.15712,1.07719,0.6665,0.2235,0.11,15,7,6,2,18,6,23.4667,8.5294,2021,10,V,3,0,2,2,3.23431,1.0799299999999998,0.4,0.286
2021-10-16 14:00:00,2021,0,0,Norwich,Brighton,1.16088,1.17572,0.3239,0.3312,0.3449,15,11,3,3,6,15,5.913,24.0,2021,10,N,1,1,0,0,2.3366,-0.014840000000000186,0.2,0.273
2021-10-16 14:00:00,2021,1,0,Southampton,Leeds,1.83082,0.446173,0.7596,0.1866,0.0538,19,3,4,0,4,4,5.6129,7.6471,2021,10,V,3,0,1,1,2.276993,1.384647,0.211,0.0
2021-10-16 16:30:00,2021,0,1,Brentford,Chelsea,1.62169,0.248256,0.7703,0.1904,0.0393,17,5,7,1,16,8,13.8667,14.2632,2021,10,D,0,3,1,-1,1.869946,1.373434,0.412,0.2
2021-10-17 13:00:00,2021,0,1,Everton,West Ham,0.854165,2.03034,0.1082,0.1977,0.6941,15,16,2,4,8,9,11.3077,18.4118,2021,10,D,0,3,1,-1,2.884505,-1.1761749999999997,0.133,0.25
2021-10-17 15:30:00,2021,2,3,Newcastle United,Tottenham,0.645658,1.55008,0.1015,0.2551,0.6434,7,14,1,4,3,10,9.15,11.5625,2021,10,D,0,3,5,-1,2.195738,-0.904422,0.143,0.286
2021-10-18 19:00:00,2021,2,2,Arsenal,Crystal Palace,1.7436,0.492239,0.7347,0.193,0.0723,17,9,6,6,10,3,21.3846,16.8947,2021,10,N,1,1,4,0,2.235839,1.2513610000000002,0.353,0.667
2021-10-22 19:00:00,2021,3,1,Arsenal,Aston Villa,3.4984,1.41088,0.8436,0.1087,0.0477,22,10,9,4,14,7,13.25,9.7391,2021,10,V,3,0,4,2,4.90928,2.0875200000000005,0.409,0.4
2021-10-23 11:30:00,2021,7,0,Chelsea,Norwich,3.10509,0.267429,0.9608,0.0353,0.0039,23,3,13,1,10,0,18.1667,6.8889,2021,10,V,3,0,7,7,3.372519,2.837661,0.565,0.333
2021-10-23 14:00:00,2021,1,1,Crystal Palace,Newcastle United,2.25588,0.721813,0.7766,0.1673,0.0561,14,6,3,2,9,4,25.6667,5.1176,2021,10,N,1,1,2,0,2.977693,1.5340669999999998,0.214,0.333
2021-10-23 14:00:00,2021,2,5,Everton,Watford,1.84089,3.10344,0.1422,0.1764,0.6814,15,20,4,8,12,6,13.4286,10.6842,2021,10,D,0,3,7,-3,4.94433,-1.26255,0.267,0.4
2021-10-23 14:00:00,2021,1,1,Leeds,Wolverhampton Wanderers,1.71313,0.858644,0.6119,0.2536,0.1345,18,8,4,4,4,2,15.5556,3.6,2021,10,N,1,1,2,0,2.571774,0.8544860000000001,0.222,0.5
2021-10-23 14:00:00,2021,2,2,Southampton,Burnley,1.42567,0.673195,0.5749,0.2845,0.1406,16,9,4,5,6,4,9.7273,6.3333,2021,10,N,1,1,4,0,2.098865,0.752475,0.25,0.556
2021-10-23 16:30:00,2021,1,4,Brighton,Manchester City,1.1695,3.57376,0.0199,0.0811,0.899,10,23,5,13,7,10,23.7857,9.7931,2021,10,D,0,3,5,-3,4.74326,-2.40426,0.5,0.565
2021-10-24 13:00:00,2021,1,2,Brentford,Leicester,1.16789,1.00254,0.3902,0.3246,0.2852,15,10,5,6,7,5,21.3333,5.8378,2021,10,D,0,3,3,-1,2.17043,0.1653500000000001,0.333,0.6
2021-10-24 13:00:00,2021,1,0,West Ham,Tottenham,1.73468,0.672198,0.6769,0.2235,0.0996,13,7,4,4,6,2,11.3,21.5882,2021,10,V,3,0,1,1,2.406878,1.0624820000000001,0.308,0.571
2021-10-24 15:30:00,2021,0,5,Manchester United,Liverpool,1.35584,4.04765,0.0288,0.0659,0.9053,12,19,4,8,7,13,8.2308,24.328687499999997,2021,10,D,0,3,5,-5,5.40349,-2.6918100000000003,0.333,0.421
2021-10-30 11:30:00,2021,0,2,Leicester,Arsenal,1.98801,1.10288,0.6172,0.2317,0.1511,16,9,8,5,9,5,24.9333,9.1053,2021,10,D,0,3,2,-2,3.09089,0.88513,0.5,0.556
2021-10-30 14:00:00,2021,3,1,Burnley,Brentford,2.72901,0.834312,0.8299,0.1193,0.0508,15,12,6,5,2,2,9.2105,16.2632,2021,10,V,3,0,4,2,3.5633220000000003,1.894698,0.4,0.417
2021-10-30 14:00:00,2021,2,2,Liverpool,Brighton,1.39778,1.51032,0.3222,0.279,0.3988,14,9,3,6,11,4,26.4,11.8261,2021,10,N,1,1,4,0,2.9081,-0.11254000000000008,0.214,0.667
2021-10-30 14:00:00,2021,0,2,Manchester City,Crystal Palace,0.65739,1.05029,0.2045,0.3281,0.4674,14,8,3,3,12,5,16.6842,7.2,2021,10,D,0,3,2,-2,1.7076799999999999,-0.3928999999999999,0.214,0.375
2021-10-30 14:00:00,2021,0,3,Newcastle United,Chelsea,0.157616,2.16608,0.0067,0.0614,0.9319,6,19,1,6,0,14,3.8947,21.0667,2021,10,D,0,3,3,-3,2.323696,-2.008464,0.167,0.316
2021-10-30 14:00:00,2021,0,1,Watford,Southampton,0.852556,1.90757,0.1184,0.2165,0.6651,10,12,4,1,4,11,7.0526,10.0385,2021,10,D,0,3,1,-1,2.760126,-1.055014,0.4,0.083
2021-10-30 16:30:00,2021,0,3,Tottenham,Manchester United,1.15787,1.38612,0.2873,0.3069,0.4058,9,10,0,4,3,9,10.2759,7.1724,2021,10,D,0,3,3,-3,2.54399,-0.22825000000000006,0.0,0.4
2021-10-31 14:00:00,2021,1,2,Norwich,Leeds,0.661887,1.16855,0.1855,0.3103,0.5042,14,13,3,6,2,5,4.2857,8.7273,2021,10,D,0,3,3,-1,1.8304369999999999,-0.506663,0.214,0.462
2021-10-31 16:30:00,2021,1,4,Aston Villa,West Ham,0.687551,2.66391,0.0209,0.0903,0.8888,9,21,3,9,3,4,6.8696,22.75,2021,10,D,0,3,5,-3,3.351461,-1.976359,0.333,0.429
2021-11-01 20:00:00,2021,2,1,Wolverhampton Wanderers,Everton,1.69344,1.69767,0.3571,0.2722,0.3707,10,14,4,5,6,7,13.4643,8.5,2021,11,V,3,0,3,1,3.3911100000000003,-0.004229999999999956,0.4,0.357
2021-11-05 20:00:00,2021,1,0,Southampton,Aston Villa,0.89818,0.536077,0.4546,0.3594,0.186,9,14,3,3,8,13,10.6522,5.4583,2021,11,V,3,0,1,1,1.4342570000000001,0.36210299999999995,0.333,0.214
2021-11-06 12:30:00,2021,0,2,Manchester United,Manchester City,0.759561,2.04202,0.0837,0.1908,0.7255,5,16,1,5,0,8,10.3043,23.4706,2021,11,D,0,3,2,-2,2.801581,-1.2824589999999998,0.2,0.312
2021-11-06 15:00:00,2021,1,2,Brentford,Norwich,2.79229,1.15797,0.7832,0.1534,0.0634,19,9,7,5,11,4,14.7222,6.7826,2021,11,D,0,3,3,-1,3.95026,1.63432,0.368,0.556
2021-11-06 15:00:00,2021,1,1,Chelsea,Burnley,3.00585,0.674072,0.8798,0.0929,0.0273,25,5,4,2,16,5,15.9048,13.6,2021,11,N,1,1,2,0,3.6799220000000004,2.331778,0.16,0.4
2021-11-06 15:00:00,2021,2,0,Crystal Palace,Wolverhampton Wanderers,2.65161,0.25416,0.9354,0.057,0.0076,13,4,6,2,10,2,16.0476,6.4194,2021,11,V,3,0,2,2,2.90577,2.3974499999999996,0.462,0.5
2021-11-06 17:30:00,2021,1,1,Brighton,Newcastle United,1.43123,0.227321,0.7823,0.1837,0.034,14,6,5,1,6,1,20.3,7.0345,2021,11,N,1,1,2,0,1.658551,1.203909,0.357,0.167
2021-11-07 14:00:00,2021,1,0,Arsenal,Watford,1.49208,0.491659,0.6791,0.2449,0.076,14,7,6,1,7,1,10.8929,11.8667,2021,11,V,3,0,1,1,1.9837390000000001,1.000421,0.429,0.143
2021-11-07 14:00:00,2021,0,0,Everton,Tottenham,0.597906,0.801798,0.2344,0.3843,0.3813,12,8,2,0,9,3,9.0417,10.4194,2021,11,N,1,1,0,0,1.399704,-0.20389199999999996,0.167,0.0
2021-11-07 14:00:00,2021,1,1,Leeds,Leicester,1.96551,0.795292,0.7108,0.2078,0.0814,18,9,5,3,5,4,12.4444,8.7727,2021,11,N,1,1,2,0,2.760802,1.1702180000000002,0.278,0.333
2021-11-07 16:30:00,2021,3,2,West Ham,Liverpool,1.25298,1.45641,0.3099,0.2842,0.4059,7,16,3,5,3,16,6.6364,20.6,2021,11,V,3,0,5,1,2.70939,-0.20343,0.429,0.312
2021-11-20 12:30:00,2021,0,3,Leicester,Chelsea,0.499504,2.57178,0.0208,0.1023,0.8769,4,16,3,7,1,8,8.8696,10.0,2021,11,D,0,3,3,-3,3.071284,-2.072276,0.75,0.438
2021-11-20 15:00:00,2021,2,0,Aston Villa,Brighton,1.06946,0.582787,0.4855,0.336,0.1785,9,6,5,2,6,4,7.5909,17.8182,2021,11,V,3,0,2,2,1.652247,0.486673,0.556,0.333
2021-11-20 15:00:00,2021,3,3,Burnley,Crystal Palace,1.04224,1.74839,0.2089,0.2415,0.5496,15,18,9,8,5,9,17.875,11.7826,2021,11,N,1,1,6,0,2.79063,-0.70615,0.6,0.444
2021-11-20 15:00:00,2021,3,3,Newcastle United,Brentford,2.18388,1.23275,0.6076,0.2257,0.1667,23,10,9,4,8,6,7.65,7.7,2021,11,N,1,1,6,0,3.4166299999999996,0.9511299999999998,0.391,0.4
2021-11-20 15:00:00,2021,2,1,Norwich,Southampton,0.43778,1.13118,0.142,0.3171,0.5409,8,17,4,5,4,9,7.7647,10.75,2021,11,V,3,0,3,1,1.5689600000000001,-0.6934,0.5,0.294
2021-11-20 15:00:00,2021,4,1,Watford,Manchester United,2.73393,1.66794,0.6277,0.2073,0.165,20,9,7,3,7,9,24.4,13.037,2021,11,V,3,0,5,3,4.40187,1.06599,0.35,0.333
2021-11-20 15:00:00,2021,1,0,Wolverhampton Wanderers,West Ham,1.31903,0.436331,0.6132,0.2733,0.1135,15,9,5,3,5,7,11.7143,21.6923,2021,11,V,3,0,1,1,1.755361,0.8826989999999999,0.333,0.333
2021-11-20 17:30:00,2021,4,0,Liverpool,Arsenal,3.97374,0.268025,0.9941,0.0055,0.0004,19,5,9,3,13,0,27.855400000000003,6.7742,2021,11,V,3,0,4,4,4.241765,3.7057149999999996,0.474,0.6
2021-11-21 14:00:00,2021,3,0,Manchester City,Everton,2.61302,0.266894,0.9179,0.0691,0.013,17,4,7,1,14,3,27.855400000000003,6.8333,2021,11,V,3,0,3,3,2.8799140000000003,2.346126,0.412,0.25
2021-11-21 16:30:00,2021,2,1,Tottenham,Leeds,2.31744,1.46689,0.5951,0.2303,0.1746,13,18,4,7,8,5,7.4194,9.5938,2021,11,V,3,0,3,1,3.7843299999999997,0.8505499999999999,0.308,0.389
2021-11-27 12:30:00,2021,2,0,Arsenal,Newcastle United,2.84493,0.185383,0.9577,0.0369,0.0054,23,9,6,5,13,4,16.7368,7.037,2021,11,V,3,0,2,2,3.030313,2.6595470000000003,0.261,0.556
2021-11-27 15:00:00,2021,1,2,Crystal Palace,Aston Villa,0.962129,0.454305,0.5015,0.3502,0.1483,8,10,3,3,5,6,26.3077,9.05,2021,11,D,0,3,3,-1,1.416434,0.507824,0.375,0.3
2021-11-27 15:00:00,2021,4,0,Liverpool,Southampton,3.07278,0.966132,0.8606,0.101,0.0384,20,7,6,3,14,2,15.2174,9.6111,2021,11,V,3,0,4,4,4.038912,2.106648,0.3,0.429
2021-11-27 15:00:00,2021,0,0,Norwich,Wolverhampton Wanderers,1.4047,0.297157,0.705,0.2329,0.0621,14,5,4,2,9,5,16.0,13.3333,2021,11,N,1,1,0,0,1.701857,1.1075430000000002,0.286,0.4
2021-11-27 17:30:00,2021,0,0,Brighton,Leeds,1.90498,0.864829,0.6441,0.224,0.1319,20,11,4,4,13,6,6.8378,9.2381,2021,11,N,1,1,0,0,2.769809,1.0401509999999998,0.2,0.364
2021-11-28 14:00:00,2021,1,0,Brentford,Everton,1.19813,0.968075,0.4215,0.329,0.2495,6,14,4,5,3,9,6.9655,13.2105,2021,11,V,3,0,1,1,2.1662049999999997,0.2300549999999999,0.667,0.357
2021-11-28 14:00:00,2021,4,2,Leicester,Watford,2.16027,2.38383,0.332,0.2403,0.4277,18,16,8,5,8,4,5.0,11.8,2021,11,V,3,0,6,2,4.5441,-0.22355999999999998,0.444,0.312
2021-11-28 14:00:00,2021,2,1,Manchester City,West Ham,2.72187,0.171763,0.9519,0.0432,0.0049,19,5,9,3,9,5,23.8824,7.3333,2021,11,V,3,0,3,1,2.893633,2.550107,0.474,0.6
2021-11-28 16:30:00,2021,1,1,Chelsea,Manchester United,2.34525,0.563367,0.8372,0.1357,0.0271,24,3,6,2,5,2,16.7,5.375,2021,11,N,1,1,2,0,2.908617,1.781883,0.25,0.667
2021-11-30 19:30:00,2021,1,1,Newcastle United,Norwich,1.15636,1.51084,0.2596,0.3006,0.4398,9,16,1,6,2,8,4.9231,24.328687499999997,2021,11,N,1,1,2,0,2.6672000000000002,-0.3544799999999999,0.111,0.375
2021-11-30 20:15:00,2021,1,0,Leeds,Crystal Palace,1.9818,0.707328,0.7505,0.1819,0.0676,16,9,3,1,5,4,12.6364,3.8421,2021,11,V,3,0,1,1,2.689128,1.274472,0.188,0.111
2021-12-01 19:30:00,2021,1,2,Watford,Chelsea,0.990877,0.908574,0.3546,0.3333,0.3121,13,8,6,4,7,7,7.875,6.9655,2021,12,D,0,3,3,-1,1.899451,0.08230300000000002,0.462,0.5
2021-12-01 19:30:00,2021,1,1,West Ham,Brighton,1.14679,1.2607,0.3108,0.3198,0.3694,14,9,6,3,5,10,3.5357,13.375,2021,12,N,1,1,2,0,2.40749,-0.11390999999999996,0.429,0.333
2021-12-01 19:30:00,2021,0,0,Wolverhampton Wanderers,Burnley,0.711691,0.195537,0.4555,0.4569,0.0876,16,6,2,1,5,6,14.0,7.0,2021,12,N,1,1,0,0,0.9072279999999999,0.516154,0.125,0.167
2021-12-01 19:30:00,2021,2,2,Southampton,Leicester,1.91169,1.4401,0.4988,0.2516,0.2496,15,15,7,6,10,5,8.8333,10.0769,2021,12,N,1,1,4,0,3.35179,0.47158999999999995,0.467,0.4
2021-12-01 20:15:00,2021,1,2,Aston Villa,Manchester City,0.772083,1.01897,0.2603,0.3452,0.3945,9,17,3,7,4,9,8.7273,15.1,2021,12,D,0,3,3,-1,1.7910529999999998,-0.24688699999999997,0.333,0.412
2021-12-01 20:15:00,2021,1,4,Everton,Liverpool,0.512263,2.86067,0.0212,0.0752,0.9036,8,16,2,7,1,10,4.4615,15.6364,2021,12,D,0,3,5,-3,3.3729329999999997,-2.348407,0.25,0.438
2021-12-02 19:30:00,2021,2,0,Tottenham,Brentford,2.07248,0.225492,0.8964,0.09,0.0136,11,6,6,2,6,7,15.8125,17.5,2021,12,V,3,0,2,2,2.297972,1.846988,0.545,0.333
2021-12-02 20:15:00,2021,3,2,Manchester United,Arsenal,1.85597,1.16638,0.5558,0.2561,0.1881,14,17,10,8,9,4,11.6471,14.85,2021,12,V,3,0,5,1,3.02235,0.6895899999999999,0.714,0.471
2021-12-04 12:30:00,2021,3,2,West Ham,Chelsea,2.0174,1.37049,0.5469,0.238,0.2151,11,19,5,7,4,13,9.45,12.6,2021,12,V,3,0,5,1,3.3878899999999996,0.6469099999999999,0.455,0.368
2021-12-04 15:00:00,2021,1,0,Newcastle United,Burnley,1.70609,0.604599,0.6761,0.2236,0.1003,19,10,4,1,4,6,6.6667,16.25,2021,12,V,3,0,1,1,2.310689,1.1014910000000002,0.211,0.1
2021-12-04 15:00:00,2021,1,1,Southampton,Brighton,1.34236,1.4872,0.3101,0.2802,0.4097,14,14,4,4,8,6,4.24,8.6522,2021,12,N,1,1,2,0,2.82956,-0.14484000000000008,0.286,0.286
2021-12-04 15:00:00,2021,0,1,Wolverhampton Wanderers,Liverpool,0.095167,2.42332,0.005,0.0531,0.9419,3,17,1,5,1,16,7.3333,24.328687499999997,2021,12,D,0,3,1,-1,2.518487,-2.328153,0.333,0.294
2021-12-04 17:30:00,2021,1,3,Watford,Manchester City,0.675105,4.03223,0.0142,0.0375,0.9483,11,26,4,13,2,27,6.2353,24.328687499999997,2021,12,D,0,3,4,-2,4.7073350000000005,-3.3571250000000004,0.364,0.5
2021-12-05 14:00:00,2021,2,2,Leeds,Brentford,1.41896,1.19959,0.4119,0.3026,0.2855,13,9,6,3,7,5,11.087,4.7857,2021,12,N,1,1,4,0,2.61855,0.21937000000000006,0.462,0.333
2021-12-05 14:00:00,2021,1,0,Manchester United,Crystal Palace,0.870376,0.520593,0.4144,0.379,0.2066,16,8,3,2,13,3,14.8667,7.0,2021,12,V,3,0,1,1,1.3909690000000001,0.34978300000000007,0.188,0.25
2021-12-05 14:00:00,2021,3,0,Tottenham,Norwich,2.00668,1.06562,0.6123,0.2365,0.1512,17,10,7,1,3,9,22.5455,24.0526,2021,12,V,3,0,3,3,3.0723,0.9410599999999998,0.412,0.1
2021-12-05 16:30:00,2021,2,1,Aston Villa,Leicester,1.84818,0.982614,0.6012,0.2298,0.169,13,12,4,5,7,12,4.0769,13.5,2021,12,V,3,0,3,1,2.830794,0.865566,0.308,0.417
2021-12-06 20:00:00,2021,2,1,Everton,Arsenal,1.06108,1.05723,0.3397,0.3172,0.3431,11,9,5,3,5,8,9.0,15.4348,2021,12,V,3,0,3,1,2.11831,0.003850000000000131,0.455,0.333
2021-12-10 20:00:00,2021,2,1,Brentford,Watford,1.82799,0.561554,0.7457,0.1892,0.0651,14,6,5,2,6,2,10.2174,4.1034,2021,12,V,3,0,3,1,2.389544,1.2664360000000001,0.357,0.333
2021-12-11 12:30:00,2021,1,0,Manchester City,Wolverhampton Wanderers,2.99915,0.0762839,0.9707,0.0277,0.0016,24,2,10,1,23,1,27.855400000000003,6.25,2021,12,V,3,0,1,1,3.0754339,2.9228661000000002,0.417,0.5
2021-12-11 15:00:00,2021,3,0,Arsenal,Southampton,2.08429,0.502215,0.7915,0.1533,0.0552,15,11,5,6,7,2,20.0,21.375,2021,12,V,3,0,3,3,2.5865050000000003,1.5820750000000001,0.333,0.545
2021-12-11 15:00:00,2021,3,2,Chelsea,Leeds,2.74844,1.72934,0.6283,0.22,0.1517,16,12,6,5,8,1,11.7222,7.0,2021,12,V,3,0,5,1,4.47778,1.0191,0.375,0.417
2021-12-11 15:00:00,2021,1,0,Liverpool,Aston Villa,2.71181,0.140573,0.9577,0.0381,0.0042,20,4,5,0,15,4,24.7273,5.2333,2021,12,V,3,0,1,1,2.8523829999999997,2.571237,0.25,0.0
2021-12-11 17:30:00,2021,0,1,Norwich,Manchester United,0.986107,2.09817,0.1146,0.1998,0.6856,11,13,5,5,8,9,8.5517,24.328687499999997,2021,12,D,0,3,1,-1,3.084277,-1.112063,0.455,0.385
2021-12-12 14:00:00,2021,0,0,Burnley,West Ham,0.54801,0.998813,0.1882,0.3477,0.4641,9,16,1,3,3,8,7.1765,11.4118,2021,12,N,1,1,0,0,1.5468229999999998,-0.45080299999999995,0.111,0.188
2021-12-12 14:00:00,2021,4,0,Leicester,Newcastle United,2.05771,0.511934,0.8223,0.1348,0.0429,8,12,5,3,8,7,7.3871,12.1667,2021,12,V,3,0,4,4,2.5696440000000003,1.545776,0.625,0.25
2021-12-12 16:30:00,2021,3,1,Crystal Palace,Everton,2.09864,1.27556,0.5877,0.2329,0.1794,17,12,6,6,8,5,9.6129,8.125,2021,12,V,3,0,4,2,3.3742,0.82308,0.353,0.5
2021-12-14 19:45:00,2021,0,2,Norwich,Aston Villa,0.502647,1.96261,0.0307,0.1634,0.8059,7,17,3,6,5,14,14.15,8.7727,2021,12,D,0,3,2,-2,2.465257,-1.4599630000000001,0.429,0.353
2021-12-14 20:00:00,2021,7,0,Manchester City,Leeds,3.31349,0.227498,0.9625,0.0336,0.0039,31,6,15,3,14,2,27.0,11.65,2021,12,V,3,0,7,7,3.540988,3.0859919999999996,0.484,0.5
2021-12-15 19:30:00,2021,0,1,Brighton,Wolverhampton Wanderers,1.20118,1.11736,0.3704,0.3352,0.2944,12,8,2,5,2,3,17.9333,6.3333,2021,12,D,0,3,1,-1,2.3185399999999996,0.08382,0.167,0.625
2021-12-15 19:30:00,2021,2,2,Crystal Palace,Southampton,1.49244,0.625183,0.6182,0.2522,0.1296,9,15,6,4,4,2,6.359,5.3333,2021,12,N,1,1,4,0,2.117623,0.867257,0.667,0.267
2021-12-15 20:00:00,2021,2,0,Arsenal,West Ham,2.81482,0.338855,0.9307,0.0568,0.0125,21,7,8,1,13,0,13.4444,9.0909,2021,12,V,3,0,2,2,3.1536750000000002,2.475965,0.381,0.143
2021-12-16 19:45:00,2021,1,1,Chelsea,Everton,3.20239,0.627528,0.9086,0.0747,0.0167,23,5,10,3,14,0,25.2353,5.0667,2021,12,N,1,1,2,0,3.8299179999999997,2.574862,0.435,0.6
2021-12-16 20:00:00,2021,3,1,Liverpool,Newcastle United,2.93912,0.2064,0.9714,0.0264,0.0022,23,4,8,2,14,2,27.855400000000003,5.12,2021,12,V,3,0,4,2,3.14552,2.73272,0.348,0.5
2021-12-18 17:30:00,2021,1,4,Leeds,Arsenal,1.31408,3.69008,0.0393,0.0919,0.8688,9,21,2,12,7,14,7.4839,14.125,2021,12,D,0,3,5,-3,5.00416,-2.3760000000000003,0.222,0.571
2021-12-19 14:00:00,2021,0,0,Wolverhampton Wanderers,Chelsea,0.321371,0.793952,0.1252,0.4072,0.4676,4,8,1,1,4,11,10.4167,24.328687499999997,2021,12,N,1,1,0,0,1.115323,-0.472581,0.25,0.125
2021-12-19 14:15:00,2021,0,4,Newcastle United,Manchester City,0.174208,3.64686,0.0004,0.0108,0.9888,5,18,1,7,5,11,9.5882,23.2632,2021,12,D,0,3,4,-4,3.8210680000000004,-3.472652,0.2,0.389
2021-12-19 16:30:00,2021,2,2,Tottenham,Liverpool,2.79777,1.54944,0.6918,0.1901,0.1181,10,18,6,6,11,13,6.6389,21.1818,2021,12,N,1,1,4,0,4.34721,1.24833,0.6,0.333
2021-12-26 15:00:00,2021,6,3,Manchester City,Leicester,3.82869,2.43425,0.7058,0.1626,0.1316,17,14,9,8,12,6,27.855400000000003,8.9583,2021,12,V,3,0,9,3,6.26294,1.39444,0.529,0.571
2021-12-26 15:00:00,2021,0,5,Norwich,Arsenal,0.154212,2.87539,0.0023,0.0273,0.9704,4,16,2,6,1,10,9.5625,13.88,2021,12,D,0,3,5,-5,3.0296019999999997,-2.721178,0.5,0.375
2021-12-26 15:00:00,2021,3,0,Tottenham,Crystal Palace,2.82148,0.178324,0.9536,0.0398,0.0066,17,4,6,0,15,2,14.0,5.6667,2021,12,V,3,0,3,3,2.999804,2.6431560000000003,0.353,0.0
2021-12-26 15:00:00,2021,2,3,West Ham,Southampton,1.53745,1.35643,0.4011,0.312,0.2869,11,11,5,6,10,2,9.3636,9.5556,2021,12,D,0,3,5,-1,2.8938800000000002,0.18101999999999996,0.455,0.545
2021-12-26 17:30:00,2021,1,3,Aston Villa,Chelsea,0.474029,2.8285,0.0139,0.0557,0.9304,8,10,1,4,6,14,9.2333,23.0,2021,12,D,0,3,4,-2,3.302529,-2.354471,0.125,0.4
2021-12-26 20:00:00,2021,2,0,Brighton,Brentford,0.943363,1.10342,0.2916,0.3151,0.3933,15,16,5,6,7,7,12.6316,10.32,2021,12,V,3,0,2,2,2.046783,-0.16005700000000012,0.333,0.375
2021-12-27 20:00:00,2021,1,1,Newcastle United,Manchester United,1.26586,1.75587,0.232,0.2848,0.4832,13,13,8,4,5,4,5.5882,14.1818,2021,12,N,1,1,2,0,3.02173,-0.49001000000000006,0.615,0.308
2021-12-28 15:00:00,2021,1,4,Watford,West Ham,1.0143,2.84084,0.0603,0.121,0.8187,14,13,5,6,3,6,4.7241,9.0435,2021,12,D,0,3,5,-3,3.85514,-1.82654,0.357,0.462
2021-12-28 15:00:00,2021,3,0,Crystal Palace,Norwich,2.38978,0.594134,0.8296,0.1241,0.0463,19,12,6,3,8,5,11.1429,10.8947,2021,12,V,3,0,3,3,2.983914,1.795646,0.316,0.25
2021-12-28 15:00:00,2021,1,1,Southampton,Tottenham,0.353043,2.80917,0.0137,0.062,0.9243,9,22,2,11,0,10,7.6429,8.1429,2021,12,N,1,1,2,0,3.162213,-2.456127,0.222,0.5
2021-12-28 20:00:00,2021,1,0,Leicester,Liverpool,0.615892,2.72682,0.0217,0.0898,0.8885,6,21,1,4,6,22,6.0,18.5833,2021,12,V,3,0,1,1,3.342712,-2.110928,0.167,0.19
2021-12-29 19:30:00,2021,1,1,Chelsea,Brighton,0.763458,0.78663,0.3109,0.3696,0.3195,11,18,5,6,10,11,12.625,9.2222,2021,12,N,1,1,2,0,1.5500880000000001,-0.02317200000000008,0.455,0.333
2021-12-29 20:15:00,2021,0,1,Brentford,Manchester City,0.238829,1.01763,0.0672,0.2944,0.6384,6,12,2,3,3,6,5.0909,13.0909,2021,12,D,0,3,1,-1,1.256459,-0.7788010000000001,0.333,0.25
2021-12-30 20:15:00,2021,3,1,Manchester United,Burnley,1.80776,0.871738,0.6178,0.2285,0.1537,18,10,6,3,6,6,11.8571,20.2,2021,12,V,3,0,4,2,2.679498,0.936022,0.333,0.3
2022-01-01 12:30:00,2021,1,2,Arsenal,Manchester City,0.836949,1.94623,0.0951,0.2126,0.6923,7,15,2,2,4,8,7.0,13.12,2022,1,D,0,3,3,-1,2.783179,-1.1092809999999997,0.286,0.133
2022-01-01 15:00:00,2021,0,1,Watford,Tottenham,0.303514,1.93752,0.0346,0.1376,0.8278,6,21,4,9,0,20,5.64,24.328687499999997,2022,1,D,0,3,1,-1,2.241034,-1.6340059999999998,0.667,0.429
2022-01-01 17:30:00,2021,2,3,Crystal Palace,West Ham,2.69204,2.23146,0.4861,0.2291,0.2848,22,10,6,5,11,4,9.8235,10.2,2022,1,D,0,3,5,-1,4.923500000000001,0.46057999999999977,0.273,0.5
2022-01-02 14:00:00,2021,2,1,Brentford,Aston Villa,0.501329,1.13821,0.1502,0.318,0.5318,10,16,4,5,4,6,12.9412,8.1,2022,1,V,3,0,3,1,1.639539,-0.6368809999999999,0.4,0.312
2022-01-02 14:00:00,2021,2,3,Everton,Brighton,1.82698,1.48397,0.4435,0.2906,0.2659,17,12,6,5,5,8,8.087,11.3158,2022,1,D,0,3,5,-1,3.31095,0.34301000000000004,0.353,0.417
2022-01-02 14:00:00,2021,3,1,Leeds,Burnley,2.04186,0.960493,0.642,0.2279,0.1301,22,8,7,2,8,2,8.619,6.1667,2022,1,V,3,0,4,2,3.002353,1.0813669999999997,0.318,0.25
2022-01-02 16:30:00,2021,2,2,Chelsea,Liverpool,1.389,1.78897,0.26,0.2659,0.4741,15,10,6,6,8,4,12.36,8.8333,2022,1,N,1,1,4,0,3.17797,-0.39996999999999994,0.4,0.6
2022-01-03 17:30:00,2021,0,1,Manchester United,Wolverhampton Wanderers,0.768752,0.840925,0.2979,0.3534,0.3487,9,19,2,6,3,7,14.1111,14.0588,2022,1,D,0,3,1,-1,1.609677,-0.07217300000000004,0.222,0.316
2022-01-11 21:45:00,2021,4,1,Southampton,Brentford,1.59306,0.621466,0.6476,0.2451,0.1073,12,5,6,4,1,3,9.7778,8.5769,2022,1,V,3,0,5,3,2.2145259999999998,0.971594,0.5,0.8
2022-01-12 21:45:00,2021,2,0,West Ham,Norwich,2.89217,0.343347,0.9379,0.0507,0.0114,13,7,5,3,12,4,27.855400000000003,9.55,2022,1,V,3,0,2,2,3.235517,2.548823,0.385,0.429
2022-01-14 20:00:00,2021,1,1,Brighton,Crystal Palace,2.18053,0.509681,0.8253,0.1462,0.0285,19,3,4,1,11,4,24.5833,5.3214,2022,1,N,1,1,2,0,2.690211,1.670849,0.211,0.333
2022-01-15 12:30:00,2021,1,0,Manchester City,Chelsea,0.901703,0.613757,0.3931,0.3805,0.2264,11,4,6,1,6,2,16.9,13.3478,2022,1,V,3,0,1,1,1.51546,0.28794600000000004,0.545,0.25
2022-01-15 15:00:00,2021,1,1,Newcastle United,Watford,1.03855,1.49623,0.245,0.2696,0.4854,12,18,1,5,4,7,10.2381,7.3438,2022,1,N,1,1,2,0,2.53478,-0.45767999999999986,0.083,0.278
2022-01-15 15:00:00,2021,2,1,Norwich,Everton,1.00153,0.541027,0.5033,0.3336,0.1631,13,12,3,5,4,7,5.3462,12.1,2022,1,V,3,0,3,1,1.542557,0.460503,0.231,0.417
2022-01-15 15:00:00,2021,3,1,Wolverhampton Wanderers,Southampton,2.29917,0.91728,0.763,0.1674,0.0696,9,13,5,10,4,8,12.8462,9.48,2022,1,V,3,0,4,2,3.21645,1.3818900000000003,0.556,0.769
2022-01-15 17:30:00,2021,2,2,Aston Villa,Manchester United,1.82784,1.35378,0.4953,0.2638,0.2409,13,13,9,6,12,4,10.6552,14.3684,2022,1,N,1,1,4,0,3.1816199999999997,0.4740599999999999,0.692,0.462
2022-01-16 14:00:00,2021,3,0,Liverpool,Brentford,3.49099,0.376656,0.9546,0.0376,0.0078,27,6,13,1,11,5,15.15,8.8235,2022,1,V,3,0,3,3,3.867646,3.114334,0.481,0.167
2022-01-16 14:00:00,2021,2,3,West Ham,Leeds,2.3549,2.26884,0.3868,0.2689,0.3443,15,18,5,5,9,6,8.45,9.36,2022,1,D,0,3,5,-1,4.62374,0.08606000000000025,0.333,0.278
2022-01-18 09:45:00,2021,1,1,Brighton,Chelsea,0.747557,0.572994,0.3731,0.382,0.2449,9,15,2,3,13,11,13.125,14.2174,2022,1,N,1,1,2,0,1.320551,0.17456300000000002,0.222,0.2
2022-01-19 19:30:00,2021,2,3,Leicester,Tottenham,1.95031,4.24711,0.0659,0.1079,0.8262,13,27,4,10,6,11,16.1304,24.328687499999997,2022,1,D,0,3,5,-1,6.19742,-2.2968,0.308,0.37
2022-01-19 20:00:00,2021,1,3,Brentford,Manchester United,2.081,2.05969,0.3775,0.2449,0.3776,18,13,8,5,8,6,12.0625,10.52,2022,1,D,0,3,4,-2,4.140689999999999,0.021310000000000162,0.444,0.385
2022-01-21 20:00:00,2021,0,3,Watford,Norwich,1.30606,0.925212,0.4434,0.3179,0.2387,15,7,4,2,9,2,8.25,5.0909,2022,1,D,0,3,3,-3,2.231272,0.38084799999999996,0.267,0.286
2022-01-22 12:30:00,2021,0,1,Everton,Aston Villa,1.2384,0.860245,0.453,0.3178,0.2292,15,8,1,3,1,5,4.875,6.6207,2022,1,D,0,3,1,-1,2.098645,0.3781549999999999,0.067,0.375
2022-01-22 15:00:00,2021,1,2,Brentford,Wolverhampton Wanderers,0.742573,0.218211,0.4573,0.444,0.0987,11,7,1,2,6,2,15.9333,10.087,2022,1,D,0,3,3,-1,0.9607840000000001,0.524362,0.091,0.286
2022-01-22 15:00:00,2021,0,1,Leeds,Newcastle United,1.12992,1.15904,0.3454,0.3061,0.3485,13,15,4,3,11,9,13.2105,6.1053,2022,1,D,0,3,1,-1,2.2889600000000003,-0.029120000000000035,0.308,0.2
2022-01-22 15:00:00,2021,1,0,Manchester United,West Ham,1.75857,0.238027,0.876,0.11,0.014,18,6,3,1,12,3,11.84,12.0526,2022,1,V,3,0,1,1,1.996597,1.520543,0.167,0.167
2022-01-22 17:30:00,2021,1,1,Southampton,Manchester City,1.00222,1.62907,0.1829,0.298,0.5191,7,20,3,5,1,17,4.9,20.9412,2022,1,N,1,1,2,0,2.63129,-0.6268499999999999,0.429,0.25
2022-01-23 14:00:00,2021,0,0,Arsenal,Burnley,1.35507,0.388963,0.6339,0.2698,0.0963,20,10,5,1,11,5,24.7857,6.0,2022,1,N,1,1,0,0,1.744033,0.966107,0.25,0.1
2022-01-23 14:00:00,2021,1,3,Crystal Palace,Liverpool,1.62615,1.49697,0.3937,0.2946,0.3117,8,15,5,7,5,11,13.5714,10.8889,2022,1,D,0,3,4,-2,3.12312,0.12918000000000007,0.625,0.467
2022-01-23 14:00:00,2021,1,1,Leicester,Brighton,1.70979,1.19738,0.5104,0.2678,0.2218,15,14,5,5,10,8,10.2174,16.7222,2022,1,N,1,1,2,0,2.90717,0.5124099999999998,0.333,0.357
2022-01-23 16:30:00,2021,2,0,Chelsea,Tottenham,1.04212,0.328818,0.5568,0.3318,0.1114,15,6,7,3,4,4,16.9565,5.6452,2022,1,V,3,0,2,2,1.370938,0.7133019999999999,0.467,0.5
2022-02-05 18:00:00,2021,0,0,Burnley,Watford,0.765905,0.933965,0.2769,0.346,0.3771,13,11,2,5,5,9,9.1905,8.3158,2022,2,N,1,1,0,0,1.69987,-0.1680600000000001,0.154,0.455
2022-02-08 19:45:00,2021,1,0,West Ham,Watford,0.905143,0.335474,0.533,0.3591,0.1079,9,6,3,1,9,5,22.8,7.7368,2022,2,V,3,0,1,1,1.240617,0.569669,0.333,0.167
2022-02-08 19:45:00,2021,3,1,Newcastle United,Everton,2.68732,0.823607,0.8331,0.1233,0.0436,20,11,9,3,3,1,5.32,6.9487,2022,2,V,3,0,4,2,3.510927,1.8637130000000002,0.45,0.273
2022-02-08 20:00:00,2021,1,1,Burnley,Manchester United,0.772721,1.83387,0.1167,0.2366,0.6467,9,22,3,5,5,14,7.625,12.1905,2022,2,N,1,1,2,0,2.606591,-1.061149,0.333,0.227
2022-02-09 19:45:00,2021,1,1,Norwich,Crystal Palace,0.296411,1.22883,0.0558,0.2461,0.6981,5,13,1,5,2,3,4.6296,17.5217,2022,2,N,1,1,2,0,1.525241,-0.9324190000000001,0.2,0.385
2022-02-09 19:45:00,2021,2,3,Tottenham,Southampton,1.74286,1.73293,0.3729,0.2694,0.3577,8,23,3,10,4,7,9.48,10.8421,2022,2,D,0,3,5,-1,3.47579,0.009929999999999994,0.375,0.435
2022-02-09 19:45:00,2021,2,0,Manchester City,Brentford,1.98246,0.461305,0.7981,0.1558,0.0461,15,6,7,2,11,3,16.4706,5.2,2022,2,V,3,0,2,2,2.443765,1.521155,0.467,0.333
2022-02-09 20:00:00,2021,3,3,Aston Villa,Leeds,1.5013,2.52914,0.1454,0.2112,0.6434,12,16,4,8,2,8,9.8667,13.8571,2022,2,N,1,1,6,0,4.0304400000000005,-1.0278399999999999,0.333,0.5
2022-02-10 19:45:00,2021,0,1,Wolverhampton Wanderers,Arsenal,0.641359,1.45247,0.104,0.2477,0.6483,15,12,4,2,2,9,15.75,9.0526,2022,2,D,0,3,1,-1,2.093829,-0.8111109999999999,0.267,0.167
2022-02-10 19:45:00,2021,2,0,Liverpool,Leicester,2.72997,0.544954,0.8752,0.0992,0.0256,22,5,11,1,12,5,23.6667,4.5238,2022,2,V,3,0,2,2,3.274924,2.1850159999999996,0.5,0.2
2022-02-12 12:30:00,2021,1,1,Manchester United,Southampton,2.99207,0.677386,0.9063,0.0701,0.0236,12,13,8,4,8,7,9.069,10.6087,2022,2,N,1,1,2,0,3.6694560000000003,2.3146839999999997,0.667,0.308
2022-02-12 15:00:00,2021,0,0,Brentford,Crystal Palace,1.97576,0.49802,0.8021,0.1551,0.0428,9,6,2,3,7,5,5.7,9.08,2022,2,N,1,1,0,0,2.47378,1.4777399999999998,0.222,0.5
2022-02-12 15:00:00,2021,3,0,Everton,Leeds,2.58561,0.242668,0.938,0.0539,0.0081,21,7,10,0,10,4,6.0435,11.1481,2022,2,V,3,0,3,3,2.828278,2.342942,0.476,0.0
2022-02-12 15:00:00,2021,0,2,Watford,Brighton,0.532979,1.80456,0.0579,0.1835,0.7586,9,11,1,6,5,5,5.7037,10.8,2022,2,D,0,3,2,-2,2.337539,-1.2715809999999999,0.111,0.545
2022-02-12 17:30:00,2021,0,4,Norwich,Manchester City,0.356755,4.44653,0.0008,0.0051,0.9941,8,22,3,9,5,21,9.2353,24.328687499999997,2022,2,D,0,3,4,-4,4.803285,-4.089775,0.375,0.409
2022-02-13 14:00:00,2021,0,1,Burnley,Liverpool,1.16081,1.95722,0.1124,0.2695,0.6181,8,12,5,4,1,6,8.1,13.6296,2022,2,D,0,3,1,-1,3.11803,-0.7964100000000001,0.625,0.333
2022-02-13 14:00:00,2021,1,0,Newcastle United,Aston Villa,0.527571,0.455206,0.2938,0.4633,0.2429,10,11,2,1,2,5,3.9615,6.7576,2022,2,V,3,0,1,1,0.982777,0.07236500000000001,0.2,0.091
2022-02-13 14:00:00,2021,0,2,Tottenham,Wolverhampton Wanderers,0.838197,1.87026,0.1087,0.2126,0.6787,17,11,7,7,8,4,18.3889,9.68,2022,2,D,0,3,2,-2,2.708457,-1.032063,0.412,0.636
2022-02-13 16:30:00,2021,2,2,Leicester,West Ham,1.40693,0.745068,0.5533,0.2898,0.1569,13,8,2,3,3,7,15.8571,11.3182,2022,2,N,1,1,4,0,2.151998,0.6618620000000001,0.154,0.375
2022-02-15 20:15:00,2021,2,0,Manchester United,Brighton,2.74936,1.26179,0.7164,0.1755,0.1081,19,10,7,3,8,4,9.36,12.48,2022,2,V,3,0,2,2,4.01115,1.4875699999999998,0.368,0.3
2022-02-19 12:30:00,2021,1,1,West Ham,Newcastle United,0.847948,0.932574,0.3023,0.3338,0.3639,11,14,3,3,7,9,12.0625,23.4,2022,2,N,1,1,2,0,1.780522,-0.08462599999999998,0.273,0.214
2022-02-19 15:00:00,2021,2,1,Arsenal,Brentford,1.52247,0.640726,0.5994,0.2707,0.1299,24,6,8,2,3,4,24.1,7.3043,2022,2,V,3,0,3,1,2.163196,0.881744,0.333,0.333
2022-02-19 15:00:00,2021,0,1,Aston Villa,Watford,1.0267,1.82051,0.1601,0.2347,0.6052,20,8,1,4,18,4,21.8571,9.0,2022,2,D,0,3,1,-1,2.84721,-0.7938100000000001,0.05,0.5
2022-02-19 15:00:00,2021,0,3,Brighton,Burnley,0.44587,0.821228,0.1732,0.3904,0.4364,11,10,1,4,6,2,13.6957,5.15,2022,2,D,0,3,3,-3,1.2670979999999998,-0.37535799999999997,0.091,0.4
2022-02-19 15:00:00,2021,0,1,Crystal Palace,Chelsea,0.624023,1.12339,0.1768,0.3128,0.5104,7,9,0,3,3,7,5.697,14.5,2022,2,D,0,3,1,-1,1.747413,-0.4993670000000001,0.0,0.333
2022-02-19 15:00:00,2021,3,1,Liverpool,Norwich,3.15449,0.66975,0.8884,0.0846,0.027,29,6,8,1,21,5,25.4286,7.6818,2022,2,V,3,0,4,2,3.82424,2.48474,0.276,0.167
2022-02-19 15:00:00,2021,2,0,Southampton,Everton,2.72851,0.19991,0.9461,0.0472,0.0067,19,9,11,0,9,8,9.8889,5.8846,2022,2,V,3,0,2,2,2.92842,2.5286,0.579,0.0
2022-02-19 17:30:00,2021,2,3,Manchester City,Tottenham,2.31773,2.00235,0.4423,0.2534,0.3043,21,6,4,5,22,2,27.855400000000003,8.5417,2022,2,D,0,3,5,-1,4.32008,0.3153800000000002,0.19,0.833
2022-02-20 14:00:00,2021,2,4,Leeds,Manchester United,1.74476,2.60999,0.1986,0.2134,0.588,16,15,6,9,6,12,8.3103,5.1333,2022,2,D,0,3,6,-2,4.35475,-0.8652299999999997,0.375,0.6
2022-02-20 16:30:00,2021,2,1,Wolverhampton Wanderers,Leicester,0.472777,1.55048,0.0684,0.2026,0.729,11,17,3,7,4,8,7.64,24.328687499999997,2022,2,V,3,0,3,1,2.023257,-1.077703,0.273,0.412
2022-02-23 19:30:00,2021,1,0,Burnley,Tottenham,1.55576,0.691655,0.6341,0.2428,0.1231,15,12,4,2,3,11,9.5,12.1,2022,2,V,3,0,1,1,2.247415,0.864105,0.267,0.167
2022-02-23 19:30:00,2021,1,4,Watford,Crystal Palace,1.71917,0.818403,0.6465,0.2321,0.1214,8,7,1,5,4,2,10.92,24.328687499999997,2022,2,D,0,3,5,-3,2.537573,0.9007670000000001,0.125,0.714
2022-02-23 19:45:00,2021,6,0,Liverpool,Leeds,5.3303,0.141547,0.9989,0.0009,0.0002,23,3,15,2,13,3,25.5882,11.2727,2022,2,V,3,0,6,6,5.471847,5.188753,0.652,0.667
2022-02-24 19:45:00,2021,2,1,Arsenal,Wolverhampton Wanderers,2.50961,1.10934,0.6983,0.1833,0.1184,26,6,5,2,23,2,12.8571,9.2692,2022,2,V,3,0,3,1,3.61895,1.40027,0.192,0.333
2022-02-25 20:00:00,2021,2,0,Southampton,Norwich,3.08863,0.424877,0.9377,0.0517,0.0106,27,8,9,1,9,4,15.7143,9.381,2022,2,V,3,0,2,2,3.513507,2.6637530000000003,0.333,0.125
2022-02-26 12:30:00,2021,0,4,Leeds,Tottenham,1.89569,2.47025,0.2622,0.2219,0.5159,19,15,3,11,16,10,17.9167,7.9459,2022,2,D,0,3,4,-4,4.36594,-0.57456,0.158,0.733
2022-02-26 15:00:00,2021,0,2,Brentford,Newcastle United,0.494232,2.25373,0.0526,0.1455,0.8019,6,26,1,11,5,8,5.6316,11.619,2022,2,D,0,3,2,-2,2.7479620000000002,-1.759498,0.167,0.423
2022-02-26 15:00:00,2021,1,1,Crystal Palace,Burnley,1.03765,0.255988,0.6096,0.3126,0.0778,11,5,4,1,7,2,8.3333,21.625,2022,2,N,1,1,2,0,1.293638,0.781662,0.364,0.2
2022-02-26 15:00:00,2021,0,0,Manchester United,Watford,2.41457,0.437185,0.8563,0.11,0.0337,22,10,3,2,11,1,15.381,9.1111,2022,2,N,1,1,0,0,2.851755,1.977385,0.136,0.2
2022-02-26 15:30:00,2021,0,2,Brighton,Aston Villa,0.627107,1.3027,0.1398,0.2854,0.5748,12,9,1,4,5,4,16.7,6.28,2022,2,D,0,3,2,-2,1.9298069999999998,-0.675593,0.083,0.444
2022-02-26 17:30:00,2021,0,1,Everton,Manchester City,0.770819,1.93422,0.0832,0.2007,0.7161,6,13,2,8,6,10,6.0,16.1364,2022,2,D,0,3,1,-1,2.705039,-1.163401,0.333,0.615
2022-02-27 14:00:00,2021,1,0,West Ham,Wolverhampton Wanderers,1.62241,0.892018,0.5753,0.2599,0.1648,13,14,4,1,14,7,27.855400000000003,13.1923,2022,2,V,3,0,1,1,2.5144279999999997,0.7303919999999999,0.308,0.071
2022-03-01 19:45:00,2021,0,2,Burnley,Leicester,1.04214,1.79558,0.1832,0.2556,0.5612,9,22,2,6,6,7,7.9524,8.0,2022,3,D,0,3,2,-2,2.83772,-0.7534399999999999,0.222,0.273
2022-03-05 12:30:00,2021,1,0,Leicester,Leeds,0.359129,2.14389,0.0357,0.1297,0.8346,7,19,4,4,6,12,11.2083,11.619,2022,3,V,3,0,1,1,2.5030189999999997,-1.7847609999999998,0.571,0.211
2022-03-05 15:00:00,2021,4,0,Aston Villa,Southampton,2.85379,1.32947,0.7295,0.1611,0.1094,14,11,9,1,12,4,8.2273,16.8889,2022,3,V,3,0,4,4,4.18326,1.5243200000000001,0.643,0.091
2022-03-05 15:00:00,2021,0,4,Burnley,Chelsea,0.849232,2.2868,0.0457,0.1645,0.7898,6,11,1,5,4,6,10.0,16.1333,2022,3,D,0,3,4,-4,3.136032,-1.437568,0.167,0.455
2022-03-05 15:00:00,2021,2,1,Newcastle United,Brighton,1.58028,1.64995,0.3317,0.3001,0.3682,10,15,4,4,2,12,7.3889,17.5882,2022,3,V,3,0,3,1,3.2302299999999997,-0.06967000000000012,0.4,0.267
2022-03-05 15:00:00,2021,1,3,Norwich,Brentford,0.77334,2.22064,0.0623,0.1576,0.7801,15,10,7,6,5,5,9.48,7.4211,2022,3,D,0,3,4,-2,2.99398,-1.4472999999999998,0.467,0.6
2022-03-05 15:00:00,2021,0,2,Wolverhampton Wanderers,Crystal Palace,0.710865,2.53759,0.0251,0.1048,0.8701,12,12,5,8,8,9,14.8,4.8182,2022,3,D,0,3,2,-2,3.248455,-1.8267249999999997,0.417,0.667
2022-03-05 17:30:00,2021,1,0,Liverpool,West Ham,2.18865,1.33829,0.584,0.2236,0.1924,22,13,5,5,13,3,27.855400000000003,10.5556,2022,3,V,3,0,1,1,3.5269399999999997,0.85036,0.227,0.385
2022-03-06 14:00:00,2021,2,3,Watford,Arsenal,1.29603,1.00457,0.4352,0.2822,0.2826,13,16,7,4,6,10,7.1935,15.3333,2022,3,D,0,3,5,-1,2.3006,0.29146000000000005,0.538,0.25
2022-03-06 16:30:00,2021,4,1,Manchester City,Manchester United,2.74434,0.361782,0.9161,0.0698,0.0141,24,5,10,2,15,6,22.8095,6.4333,2022,3,V,3,0,5,3,3.1061219999999996,2.382558,0.417,0.4
2022-03-07 20:00:00,2021,5,0,Tottenham,Everton,3.24279,0.208263,0.9667,0.0292,0.0041,14,6,7,0,13,2,21.4286,9.9286,2022,3,V,3,0,5,5,3.451053,3.0345269999999998,0.5,0.0
2022-03-10 19:30:00,2021,4,0,Wolverhampton Wanderers,Watford,1.55037,0.498696,0.6761,0.232,0.0919,10,9,5,0,5,4,27.855400000000003,9.0,2022,3,V,3,0,4,4,2.049066,1.051674,0.5,0.0
2022-03-10 19:30:00,2021,1,2,Southampton,Newcastle United,1.79835,0.812233,0.6582,0.2201,0.1217,14,8,5,4,8,5,14.6364,8.1111,2022,3,D,0,3,3,-1,2.610583,0.9861169999999999,0.357,0.5
2022-03-10 19:30:00,2021,1,3,Norwich,Chelsea,0.965723,2.1308,0.1051,0.2256,0.6693,8,15,3,7,2,17,10.5,24.328687499999997,2022,3,D,0,3,4,-2,3.096523,-1.1650769999999997,0.375,0.467
2022-03-10 19:45:00,2021,0,3,Leeds,Aston Villa,0.194028,1.2729,0.0501,0.2776,0.6723,4,15,1,9,1,8,11.85,6.5429,2022,3,D,0,3,3,-3,1.466928,-1.0788719999999998,0.25,0.6
2022-03-12 12:30:00,2021,0,2,Brighton,Liverpool,0.629316,2.48312,0.0461,0.129,0.8249,8,18,3,9,4,15,9.9231,11.5294,2022,3,D,0,3,2,-2,3.1124359999999998,-1.853804,0.375,0.5
2022-03-12 15:00:00,2021,2,0,Brentford,Burnley,1.82002,0.825311,0.6573,0.2307,0.112,13,7,4,1,4,7,16.8667,12.2308,2022,3,V,3,0,2,2,2.645331,0.994709,0.308,0.143
2022-03-12 17:30:00,2021,3,2,Manchester United,Tottenham,1.0181,1.62374,0.181,0.2835,0.5355,10,10,6,3,5,12,11.381,24.328687499999997,2022,3,V,3,0,5,1,2.64184,-0.60564,0.6,0.3
2022-03-13 14:00:00,2021,1,0,Chelsea,Newcastle United,1.07072,0.246037,0.6359,0.2889,0.0752,8,7,3,2,6,1,14.6667,4.0,2022,3,V,3,0,1,1,1.316757,0.8246829999999998,0.375,0.286
2022-03-13 14:00:00,2021,0,1,Everton,Wolverhampton Wanderers,0.397268,0.712135,0.1826,0.4282,0.3892,8,14,2,3,4,3,9.125,17.4286,2022,3,D,0,3,1,-1,1.109403,-0.31486699999999995,0.25,0.214
2022-03-13 14:00:00,2021,2,1,Leeds,Norwich,3.11755,1.40148,0.7975,0.1353,0.0672,13,12,7,4,10,12,11.7778,5.5556,2022,3,V,3,0,3,1,4.51903,1.71607,0.538,0.333
2022-03-13 14:00:00,2021,1,2,Southampton,Watford,1.25696,1.29385,0.3447,0.301,0.3543,13,9,7,5,5,5,13.8235,6.5556,2022,3,D,0,3,3,-1,2.5508100000000002,-0.03688999999999987,0.538,0.556
2022-03-13 14:00:00,2021,2,1,West Ham,Aston Villa,1.58468,1.05391,0.5163,0.2757,0.208,11,13,4,7,9,7,14.6471,16.25,2022,3,V,3,0,3,1,2.6385899999999998,0.5307700000000002,0.364,0.538
2022-03-13 16:30:00,2021,2,0,Arsenal,Leicester,2.93665,0.54911,0.9049,0.0764,0.0187,21,6,8,3,9,6,16.4737,22.625,2022,3,V,3,0,2,2,3.48576,2.3875400000000004,0.381,0.5
2022-03-14 20:00:00,2021,0,0,Crystal Palace,Manchester City,0.474002,2.04021,0.0494,0.1491,0.8015,7,18,1,4,6,14,4.2903,24.328687499999997,2022,3,N,1,1,0,0,2.514212,-1.566208,0.143,0.222
2022-03-16 19:30:00,2021,0,2,Brighton,Tottenham,1.04171,2.05196,0.1605,0.2169,0.6226,15,17,0,7,6,4,17.0,10.6129,2022,3,D,0,3,2,-2,3.0936699999999995,-1.0102499999999999,0.0,0.412
2022-03-16 20:15:00,2021,0,2,Arsenal,Liverpool,0.534265,1.27681,0.0976,0.2918,0.6106,9,9,2,3,1,4,11.68,16.25,2022,3,D,0,3,2,-2,1.811075,-0.742545,0.222,0.333
2022-03-17 19:45:00,2021,1,0,Everton,Newcastle United,0.708809,0.75803,0.3027,0.379,0.3183,9,17,3,6,4,10,7.1765,10.6364,2022,3,V,3,0,1,1,1.466839,-0.04922099999999996,0.333,0.353
2022-03-18 20:00:00,2021,2,3,Wolverhampton Wanderers,Leeds,1.24075,2.82103,0.0922,0.1545,0.7533,14,15,8,6,8,6,8.3667,13.6,2022,3,D,0,3,5,-1,4.06178,-1.58028,0.571,0.4
2022-03-19 12:30:00,2021,0,1,Aston Villa,Arsenal,0.309375,1.14522,0.0769,0.2868,0.6363,8,10,1,3,3,11,13.6667,21.5714,2022,3,D,0,3,1,-1,1.4545949999999999,-0.835845,0.125,0.3
2022-03-20 14:00:00,2021,2,1,Leicester,Brentford,1.27865,1.72466,0.252,0.2548,0.4932,12,15,4,6,6,12,15.2,11.0435,2022,3,V,3,0,3,1,3.00331,-0.44601,0.333,0.4
2022-03-20 16:30:00,2021,3,1,Tottenham,West Ham,2.54795,0.644964,0.8351,0.1195,0.0454,17,6,4,1,5,3,24.7333,19.7059,2022,3,V,3,0,4,2,3.192914,1.9029860000000003,0.235,0.167
2022-04-02 11:30:00,2021,2,0,Liverpool,Watford,2.23651,0.753307,0.7652,0.1699,0.0649,20,5,3,2,7,3,27.855400000000003,4.7692,2022,4,V,3,0,2,2,2.989817,1.483203,0.15,0.4
2022-04-02 14:00:00,2021,2,1,Wolverhampton Wanderers,Aston Villa,1.62151,1.91256,0.2791,0.2878,0.4331,11,15,4,5,4,8,12.0909,12.1818,2022,4,V,3,0,3,1,3.53407,-0.29105000000000003,0.364,0.333
2022-04-02 14:00:00,2021,1,1,Leeds,Southampton,1.50715,2.06387,0.2164,0.2597,0.5239,12,14,3,6,18,11,19.8462,6.4762,2022,4,N,1,1,2,0,3.57102,-0.5567200000000001,0.25,0.429
2022-04-02 14:00:00,2021,1,4,Chelsea,Brentford,1.29014,2.43422,0.1611,0.188,0.6509,21,17,8,6,10,7,20.2,7.5294,2022,4,D,0,3,5,-3,3.72436,-1.1440799999999998,0.381,0.353
2022-04-02 14:00:00,2021,0,2,Burnley,Manchester City,0.0591223,1.62008,0.009,0.1616,0.8294,3,18,1,6,0,12,12.0,24.328687499999997,2022,4,D,0,3,2,-2,1.6792023,-1.5609577,0.333,0.333
2022-04-02 14:00:00,2021,0,0,Brighton,Norwich,2.38297,0.494112,0.8485,0.1194,0.0321,31,6,4,0,14,4,16.9,6.2083,2022,4,N,1,1,0,0,2.8770819999999997,1.888858,0.129,0.0
2022-04-02 16:30:00,2021,1,1,Manchester United,Leicester,0.902127,1.07638,0.2852,0.3279,0.3869,11,11,5,3,7,4,12.1923,14.8947,2022,4,N,1,1,2,0,1.978507,-0.17425299999999988,0.455,0.273
2022-04-03 13:00:00,2021,2,1,West Ham,Everton,1.49657,0.657846,0.6251,0.2475,0.1274,11,13,5,2,6,9,24.8462,24.328687499999997,2022,4,V,3,0,3,1,2.154416,0.8387239999999999,0.455,0.154
2022-04-03 15:30:00,2021,5,1,Tottenham,Newcastle United,3.6081,0.538152,0.9481,0.0412,0.0107,19,8,6,1,7,2,27.1333,13.4375,2022,4,V,3,0,6,4,4.146252,3.069948,0.316,0.125
2022-04-04 19:00:00,2021,3,0,Crystal Palace,Arsenal,1.39707,1.05199,0.4606,0.3009,0.2385,6,12,5,3,1,8,5.5556,22.375,2022,4,V,3,0,3,3,2.4490600000000002,0.34508000000000005,0.833,0.25
2022-04-06 18:30:00,2021,3,2,Burnley,Everton,2.24439,2.31574,0.3419,0.2811,0.377,13,16,4,4,12,6,5.7273,3.8182,2022,4,V,3,0,5,1,4.56013,-0.0713499999999998,0.308,0.25
2022-04-08 19:00:00,2021,1,0,Newcastle United,Wolverhampton Wanderers,1.43878,0.306867,0.755,0.1963,0.0487,12,5,4,2,5,1,10.3182,24.328687499999997,2022,4,V,3,0,1,1,1.745647,1.131913,0.333,0.4
2022-04-09 11:30:00,2021,1,0,Everton,Manchester United,0.357295,0.762357,0.1532,0.4059,0.4409,7,12,3,4,1,15,6.0,18.6875,2022,4,V,3,0,1,1,1.1196519999999999,-0.405062,0.429,0.333
2022-04-09 14:00:00,2021,0,3,Watford,Leeds,1.07422,0.895612,0.3941,0.3534,0.2525,8,10,1,5,2,2,4.5,6.8571,2022,4,D,0,3,3,-3,1.9698319999999998,0.178608,0.125,0.5
2022-04-09 14:00:00,2021,0,6,Southampton,Chelsea,0.564726,4.39683,0.0014,0.0138,0.9848,4,24,1,14,2,14,6.2083,24.328687499999997,2022,4,D,0,3,6,-6,4.961556,-3.8321039999999997,0.25,0.583
2022-04-09 14:00:00,2021,1,2,Arsenal,Brighton,2.35153,0.596106,0.8228,0.1343,0.0429,20,8,4,3,12,6,9.5714,6.5,2022,4,D,0,3,3,-1,2.947636,1.7554239999999999,0.2,0.375
2022-04-09 16:30:00,2021,0,4,Aston Villa,Tottenham,1.48712,0.983601,0.4892,0.2806,0.2302,19,11,8,5,12,5,15.1429,10.9655,2022,4,D,0,3,4,-4,2.470721,0.503519,0.421,0.455
2022-04-10 13:00:00,2021,2,0,Norwich,Burnley,1.6723,1.44652,0.4191,0.2754,0.3055,17,18,6,4,5,5,6.5789,13.5833,2022,4,V,3,0,2,2,3.11882,0.22577999999999987,0.353,0.222
2022-04-10 13:00:00,2021,2,1,Leicester,Crystal Palace,0.879235,1.52767,0.1683,0.2787,0.553,12,11,3,3,4,6,16.15,10.7576,2022,4,V,3,0,3,1,2.406905,-0.6484350000000001,0.25,0.273
2022-04-10 13:00:00,2021,2,0,Brentford,West Ham,1.85534,0.244824,0.8373,0.1364,0.0263,15,5,7,1,14,3,20.5,24.328687499999997,2022,4,V,3,0,2,2,2.100164,1.610516,0.467,0.2
2022-04-10 15:30:00,2021,2,2,Manchester City,Liverpool,1.34647,1.29983,0.3523,0.2984,0.3493,11,6,5,4,7,7,18.85,16.625,2022,4,N,1,1,4,0,2.6463,0.046640000000000015,0.455,0.667
2022-04-16 11:30:00,2021,0,1,Tottenham,Brighton,0.58624,0.711155,0.2559,0.4088,0.3353,5,12,0,5,5,4,10.6,9.8929,2022,4,D,0,3,1,-1,1.2973949999999999,-0.124915,0.0,0.417
2022-04-16 14:00:00,2021,1,2,Watford,Brentford,1.50381,2.12457,0.2041,0.2595,0.5364,17,16,4,5,6,4,9.6842,7.2593,2022,4,D,0,3,3,-1,3.62838,-0.6207599999999998,0.235,0.312
2022-04-16 14:00:00,2021,1,0,Southampton,Arsenal,1.04007,1.35002,0.2731,0.3173,0.4096,9,23,3,6,4,12,7.6364,24.328687499999997,2022,4,V,3,0,1,1,2.39009,-0.30994999999999995,0.333,0.261
2022-04-16 14:00:00,2021,3,2,Manchester United,Norwich,1.66737,1.79754,0.3489,0.2449,0.4062,20,15,9,4,19,12,14.15,10.5909,2022,4,V,3,0,5,1,3.4649099999999997,-0.1301699999999999,0.45,0.267
2022-04-17 13:15:00,2021,1,1,West Ham,Burnley,2.79175,1.88137,0.6115,0.2322,0.1563,21,9,8,1,12,4,16.1765,14.7778,2022,4,N,1,1,2,0,4.67312,0.91038,0.381,0.111
2022-04-17 13:15:00,2021,2,1,Newcastle United,Leicester,2.54294,0.541084,0.895,0.0821,0.0229,16,8,7,2,4,7,3.3448,12.6071,2022,4,V,3,0,3,1,3.0840240000000003,2.001856,0.438,0.25
2022-04-19 19:00:00,2021,4,0,Liverpool,Manchester United,2.25967,0.110227,0.915,0.0774,0.0076,14,2,5,1,14,3,27.855400000000003,11.9444,2022,4,V,3,0,4,4,2.369897,2.1494429999999998,0.357,0.5
2022-04-20 18:45:00,2021,1,1,Everton,Leicester,1.68819,0.786333,0.6266,0.2378,0.1356,13,11,3,3,6,12,7.3478,15.7391,2022,4,N,1,1,2,0,2.474523,0.9018570000000001,0.231,0.273
2022-04-20 18:45:00,2021,2,4,Chelsea,Arsenal,0.593801,1.87331,0.0793,0.1879,0.7328,11,14,2,4,11,6,16.4762,8.4737,2022,4,D,0,3,6,-2,2.467111,-1.279509,0.182,0.286
2022-04-20 18:45:00,2021,1,0,Newcastle United,Crystal Palace,0.767855,0.432788,0.4098,0.4012,0.189,13,10,4,2,5,4,5.3939,14.1481,2022,4,V,3,0,1,1,1.200643,0.33506699999999995,0.308,0.2
2022-04-20 19:00:00,2021,3,0,Manchester City,Brighton,1.52844,0.117354,0.7751,0.2009,0.024,17,2,5,1,11,3,19.8333,8.36,2022,4,V,3,0,3,3,1.645794,1.411086,0.294,0.5
2022-04-21 18:45:00,2021,2,0,Burnley,Southampton,2.14743,1.31837,0.585,0.2289,0.1861,16,11,6,3,4,4,9.8824,15.6,2022,4,V,3,0,2,2,3.4657999999999998,0.8290599999999999,0.375,0.273
2022-04-23 11:30:00,2021,3,1,Arsenal,Manchester United,2.54173,2.04244,0.51,0.2479,0.2421,14,14,7,5,7,3,17.625,15.2667,2022,4,V,3,0,4,2,4.58417,0.4992899999999998,0.5,0.357
2022-04-23 14:00:00,2021,0,3,Norwich,Newcastle United,0.657661,1.87558,0.0832,0.1983,0.7185,5,13,2,7,6,8,10.1429,11.2593,2022,4,D,0,3,3,-3,2.5332410000000003,-1.217919,0.4,0.538
2022-04-23 14:00:00,2021,5,1,Manchester City,Watford,3.68,0.42632,0.9691,0.0259,0.005,21,5,8,2,20,0,25.1333,4.0,2022,4,V,3,0,6,4,4.10632,3.25368,0.381,0.4
2022-04-23 14:00:00,2021,0,0,Leicester,Aston Villa,0.235635,0.593202,0.1237,0.487,0.3893,5,11,2,3,4,5,25.5385,4.56,2022,4,N,1,1,0,0,0.828837,-0.35756699999999997,0.4,0.273
2022-04-23 16:30:00,2021,0,0,Brentford,Tottenham,1.3153,0.517755,0.5837,0.2863,0.13,15,9,2,0,5,6,14.3571,14.875,2022,4,N,1,1,0,0,1.8330549999999999,0.797545,0.133,0.0
2022-04-24 13:00:00,2021,1,0,Chelsea,West Ham,2.34959,0.388975,0.8626,0.1106,0.0268,26,6,5,2,13,4,27.0,9.6471,2022,4,V,3,0,1,1,2.738565,1.960615,0.192,0.333
2022-04-24 13:00:00,2021,1,0,Burnley,Wolverhampton Wanderers,1.27298,0.592902,0.5697,0.2862,0.1441,14,10,5,4,5,14,6.4,12.6429,2022,4,V,3,0,1,1,1.865882,0.680078,0.357,0.4
2022-04-24 13:00:00,2021,2,2,Brighton,Southampton,1.87343,0.926764,0.6878,0.2058,0.1064,8,18,5,5,5,7,8.125,6.8182,2022,4,N,1,1,4,0,2.800194,0.9466659999999999,0.625,0.278
2022-04-24 15:30:00,2021,2,0,Liverpool,Everton,1.70397,0.424961,0.734,0.2012,0.0648,18,9,4,1,15,2,27.855400000000003,3.6,2022,4,V,3,0,2,2,2.128931,1.279009,0.222,0.111
2022-04-25 19:00:00,2021,0,0,Crystal Palace,Leeds,1.61656,0.374044,0.7322,0.2035,0.0643,17,9,7,2,7,3,6.122,5.6286,2022,4,N,1,1,0,0,1.990604,1.242516,0.412,0.222
2022-04-28 18:45:00,2021,1,1,Manchester United,Chelsea,0.618456,2.46868,0.0457,0.1281,0.8262,6,21,3,6,8,12,7.375,22.4615,2022,4,N,1,1,2,0,3.087136,-1.8502239999999999,0.5,0.286
2022-04-30 11:30:00,2021,0,1,Newcastle United,Liverpool,0.115353,2.73435,0.0014,0.0238,0.9748,4,24,2,10,1,10,3.6667,14.5455,2022,4,D,0,3,1,-1,2.849703,-2.6189970000000002,0.5,0.417
2022-04-30 14:00:00,2021,0,3,Wolverhampton Wanderers,Brighton,0.525912,2.90679,0.0198,0.0584,0.9218,11,17,1,9,5,6,12.3478,16.75,2022,4,D,0,3,3,-3,3.432702,-2.380878,0.091,0.529
2022-04-30 14:00:00,2021,1,2,Watford,Burnley,0.785742,1.37022,0.1972,0.2778,0.525,13,17,1,6,6,11,8.625,8.2222,2022,4,D,0,3,3,-1,2.155962,-0.5844779999999999,0.077,0.353
2022-04-30 14:00:00,2021,1,2,Southampton,Crystal Palace,0.650256,0.756217,0.284,0.3733,0.3427,8,14,3,5,5,5,10.6429,10.6667,2022,4,D,0,3,3,-1,1.406473,-0.10596100000000008,0.375,0.357
2022-04-30 14:00:00,2021,2,0,Aston Villa,Norwich,2.31192,0.352212,0.8501,0.1195,0.0304,21,9,6,3,9,6,14.2143,9.129,2022,4,V,3,0,2,2,2.6641320000000004,1.9597080000000002,0.286,0.333
2022-04-30 16:30:00,2021,0,4,Leeds,Manchester City,1.03608,3.01431,0.0594,0.1226,0.818,7,19,2,6,3,12,16.5,23.375,2022,4,D,0,3,4,-4,4.05039,-1.9782300000000002,0.286,0.316
2022-05-01 13:00:00,2021,3,1,Tottenham,Leicester,1.65338,0.274133,0.757,0.195,0.048,13,6,7,2,10,2,11.0476,13.9655,2022,5,V,3,0,4,2,1.927513,1.3792470000000001,0.538,0.333
2022-05-01 13:00:00,2021,1,0,Everton,Chelsea,1.11712,1.21141,0.3188,0.3054,0.3758,9,17,4,5,5,11,4.4375,17.1364,2022,5,V,3,0,1,1,2.3285299999999998,-0.09429000000000021,0.444,0.294
2022-05-01 15:30:00,2021,1,2,West Ham,Arsenal,0.451976,0.964564,0.166,0.3572,0.4768,8,13,3,7,3,4,16.6316,17.5,2022,5,D,0,3,3,-1,1.41654,-0.512588,0.375,0.538
2022-05-02 19:00:00,2021,3,0,Manchester United,Brentford,1.84111,0.681425,0.7204,0.1998,0.0798,9,12,5,4,5,9,27.855400000000003,15.6154,2022,5,V,3,0,3,3,2.522535,1.159685,0.556,0.333
2022-05-07 14:00:00,2021,1,0,Crystal Palace,Watford,2.49142,0.255373,0.9269,0.0629,0.0102,15,6,7,1,7,1,12.52,7.5294,2022,5,V,3,0,1,1,2.7467930000000003,2.236047,0.467,0.167
2022-05-07 14:00:00,2021,2,2,Chelsea,Wolverhampton Wanderers,1.82098,1.6842,0.4094,0.259,0.3316,19,14,6,4,10,3,18.3125,9.6364,2022,5,N,1,1,4,0,3.50518,0.13678000000000012,0.316,0.286
2022-05-07 14:00:00,2021,1,3,Burnley,Aston Villa,1.31028,1.81256,0.2284,0.2801,0.4915,14,12,6,7,4,5,13.8947,9.25,2022,5,D,0,3,4,-2,3.12284,-0.5022800000000001,0.429,0.583
2022-05-07 14:00:00,2021,3,0,Brentford,Southampton,3.68223,0.988574,0.9076,0.0664,0.026,18,19,5,4,11,5,9.3125,8.4583,2022,5,V,3,0,3,3,4.670804,2.6936560000000003,0.278,0.211
2022-05-07 16:30:00,2021,4,0,Brighton,Manchester United,2.82636,0.930715,0.8485,0.1119,0.0396,17,15,6,5,18,5,11.7333,12.2308,2022,5,V,3,0,4,4,3.7570750000000004,1.8956450000000002,0.353,0.333
2022-05-07 18:45:00,2021,1,1,Liverpool,Tottenham,1.0481,0.982635,0.3415,0.3248,0.3337,22,8,3,3,13,6,22.3333,6.3,2022,5,N,1,1,2,0,2.030735,0.065465,0.136,0.375
2022-05-08 13:00:00,2021,0,4,Norwich,West Ham,0.77895,3.25894,0.0105,0.0483,0.9412,8,13,2,5,5,10,16.6429,22.5789,2022,5,D,0,3,4,-4,4.03789,-2.47999,0.25,0.385
2022-05-08 13:00:00,2021,1,2,Leicester,Everton,1.47479,1.55635,0.3328,0.281,0.3862,16,10,9,4,10,4,22.5333,7.5556,2022,5,D,0,3,3,-1,3.0311399999999997,-0.08155999999999985,0.562,0.4
2022-05-08 13:00:00,2021,2,1,Arsenal,Leeds,2.7227,0.696785,0.8509,0.1136,0.0355,19,3,9,2,14,3,20.4,8.8214,2022,5,V,3,0,3,1,3.419485,2.0259150000000004,0.474,0.667
2022-05-08 15:30:00,2021,5,0,Manchester City,Newcastle United,4.05613,0.995099,0.9449,0.0407,0.0144,21,7,9,3,17,3,27.855400000000003,8.3529,2022,5,V,3,0,5,5,5.051228999999999,3.061031,0.429,0.429
2022-05-10 19:00:00,2021,1,2,Aston Villa,Liverpool,1.44726,1.75417,0.2466,0.3355,0.4179,9,17,4,6,3,13,6.3929,20.2143,2022,5,D,0,3,3,-1,3.20143,-0.30691,0.444,0.353
2022-05-11 18:30:00,2021,0,3,Leeds,Chelsea,0.499789,1.46853,0.1113,0.2727,0.616,5,17,0,4,0,9,9.8462,21.3478,2022,5,D,0,3,3,-3,1.968319,-0.9687409999999999,0.0,0.235
2022-05-11 18:45:00,2021,3,0,Leicester,Norwich,2.57058,1.21966,0.7056,0.1875,0.1069,20,9,8,5,13,3,27.855400000000003,7.6429,2022,5,V,3,0,3,3,3.79024,1.3509200000000001,0.4,0.556
2022-05-11 18:45:00,2021,0,0,Watford,Everton,0.232236,0.812193,0.0908,0.4161,0.4931,6,16,0,5,3,6,10.3929,18.6429,2022,5,N,1,1,0,0,1.044429,-0.5799570000000001,0.0,0.312
2022-05-11 19:15:00,2021,1,5,Wolverhampton Wanderers,Manchester City,0.411857,3.39304,0.006,0.0354,0.9586,7,16,3,5,6,13,9.25,24.328687499999997,2022,5,D,0,3,6,-4,3.804897,-2.981183,0.429,0.312
2022-05-12 18:45:00,2021,3,0,Tottenham,Arsenal,3.42522,0.387446,0.9603,0.0337,0.006,16,8,6,4,9,4,27.855400000000003,10.5238,2022,5,V,3,0,3,3,3.812666,3.0377739999999998,0.375,0.5
2022-05-15 11:00:00,2021,1,0,Tottenham,Burnley,2.39449,0.629888,0.8218,0.1317,0.0465,21,8,8,1,9,7,16.1364,9.0588,2022,5,V,3,0,1,1,3.0243779999999996,1.7646019999999998,0.381,0.125
2022-05-15 13:00:00,2021,1,1,Wolverhampton Wanderers,Norwich,0.999066,1.53212,0.2166,0.2746,0.5088,17,11,4,2,5,0,22.3846,13.4667,2022,5,N,1,1,2,0,2.531186,-0.5330539999999999,0.235,0.182
2022-05-15 13:00:00,2021,2,2,West Ham,Manchester City,1.0088,2.14723,0.1188,0.2122,0.669,6,31,2,8,3,19,6.7692,24.328687499999997,2022,5,N,1,1,4,0,3.15603,-1.13843,0.333,0.258
2022-05-15 13:00:00,2021,1,5,Watford,Leicester,2.58968,2.27297,0.4551,0.2287,0.3162,13,13,5,7,4,8,8.85,18.7222,2022,5,D,0,3,6,-4,4.86265,0.31671000000000005,0.385,0.538
2022-05-15 13:00:00,2021,1,1,Leeds,Brighton,2.22282,2.25898,0.3793,0.226,0.3947,19,15,5,6,10,12,13.9286,6.76,2022,5,N,1,1,2,0,4.4818,-0.03616000000000019,0.263,0.4
2022-05-15 13:00:00,2021,1,1,Aston Villa,Crystal Palace,0.799443,1.39009,0.1488,0.2957,0.5555,13,16,4,4,3,5,8.7857,13.7273,2022,5,N,1,1,2,0,2.189533,-0.590647,0.308,0.25
2022-05-15 15:30:00,2021,2,3,Everton,Brentford,2.69589,1.81626,0.6124,0.1977,0.1899,11,18,6,7,5,7,5.8571,24.328687499999997,2022,5,D,0,3,5,-1,4.51215,0.8796299999999999,0.545,0.389
2022-05-16 19:00:00,2021,2,0,Newcastle United,Arsenal,1.68299,0.492454,0.7075,0.2077,0.0848,16,11,4,2,9,5,11.1429,7.2609,2022,5,V,3,0,2,2,2.175444,1.190536,0.25,0.182
2022-05-17 18:45:00,2021,1,2,Southampton,Liverpool,0.121506,1.19178,0.032,0.2996,0.6684,4,24,2,5,3,12,7.75,19.0,2022,5,D,0,3,3,-1,1.3132860000000002,-1.070274,0.5,0.208
2022-05-19 18:45:00,2021,3,2,Everton,Crystal Palace,0.813157,1.6023,0.1151,0.2604,0.6245,12,7,6,5,4,3,7.1176,13.55,2022,5,V,3,0,5,1,2.415457,-0.789143,0.5,0.714
2022-05-19 19:00:00,2021,1,1,Aston Villa,Burnley,0.996403,1.63117,0.1754,0.2434,0.5812,22,10,9,5,12,5,20.0,7.0714,2022,5,N,1,1,2,0,2.627573,-0.634767,0.409,0.5
2022-05-19 19:00:00,2021,1,1,Chelsea,Leicester,1.61996,0.0417972,0.835,0.1584,0.0066,20,2,7,1,11,0,27.855400000000003,8.88,2022,5,N,1,1,2,0,1.6617572,1.5781628,0.35,0.5
2022-05-22 15:00:00,2021,5,1,Arsenal,Everton,4.35597,1.08601,0.963,0.0318,0.0052,26,6,9,2,11,5,27.855400000000003,4.8,2022,5,V,3,0,6,4,5.44198,3.26996,0.346,0.333
2022-05-22 15:00:00,2021,1,2,Brentford,Leeds,0.844985,1.47786,0.169,0.2727,0.5583,14,14,5,6,4,4,13.1,9.8095,2022,5,D,0,3,3,-1,2.322845,-0.632875,0.357,0.429
2022-05-22 15:00:00,2021,3,1,Brighton,West Ham,1.67774,0.268845,0.7693,0.1843,0.0464,18,7,7,2,21,4,16.6429,17.2857,2022,5,V,3,0,4,2,1.946585,1.408895,0.389,0.286
2022-05-22 15:00:00,2021,1,2,Burnley,Newcastle United,1.49164,1.74291,0.276,0.2986,0.4254,12,8,5,6,6,4,7.4737,21.0,2022,5,D,0,3,3,-1,3.23455,-0.2512699999999999,0.417,0.75
2022-05-22 15:00:00,2021,2,1,Chelsea,Watford,2.59231,0.575755,0.8571,0.1059,0.037,19,8,8,3,14,3,27.855400000000003,6.375,2022,5,V,3,0,3,1,3.168065,2.016555,0.421,0.375
2022-05-22 15:00:00,2021,1,0,Crystal Palace,Manchester United,0.354618,0.782005,0.1466,0.4028,0.4506,6,10,3,4,4,5,5.8889,15.5,2022,5,V,3,0,1,1,1.136623,-0.42738699999999996,0.5,0.4
2022-05-22 15:00:00,2021,4,1,Leicester,Southampton,3.42058,1.05141,0.9057,0.0717,0.0226,12,7,6,2,7,5,12.6,12.4375,2022,5,V,3,0,5,3,4.47199,2.3691700000000004,0.5,0.286
2022-05-22 15:00:00,2021,3,1,Liverpool,Wolverhampton Wanderers,3.19385,1.11708,0.8332,0.1119,0.0549,29,7,8,5,24,4,27.855400000000003,10.28,2022,5,V,3,0,4,2,4.31093,2.07677,0.276,0.714
2022-05-22 15:00:00,2021,3,2,Manchester City,Aston Villa,3.3209,0.247841,0.9766,0.0197,0.0037,25,4,5,2,22,1,23.5,7.2941,2022,5,V,3,0,5,1,3.568741,3.0730589999999998,0.2,0.5
2022-05-22 15:00:00,2021,0,5,Norwich,Tottenham,0.310789,3.815,0.002,0.0157,0.9823,9,19,0,13,6,12,17.0714,16.7917,2022,5,D,0,3,5,-5,4.125789,-3.5042109999999997,0.0,0.684
2022-08-05 19:00:00,2022,0,2,Crystal Palace,Arsenal,1.20637,1.43601,0.2864,0.2912,0.4224,10,10,2,2,8,13,12.6786,10.25,2022,8,D,0,3,2,-2,2.64238,-0.22964000000000007,0.2,0.2
2022-08-06 11:30:00,2022,2,2,Fulham,Liverpool,1.26822,2.34111,0.1225,0.2133,0.6642,9,11,3,4,4,11,6.3333,18.4737,2022,8,N,1,1,4,0,3.60933,-1.0728900000000001,0.333,0.364
2022-08-06 14:00:00,2022,2,0,Bournemouth,Aston Villa,0.588341,0.488895,0.3213,0.4397,0.239,7,15,3,2,3,11,6.6087,11.68,2022,8,V,3,0,2,2,1.077236,0.09944599999999998,0.429,0.133
2022-08-06 14:00:00,2022,2,1,Leeds,Wolverhampton Wanderers,0.88917,1.10119,0.2798,0.3166,0.4036,12,15,4,6,5,9,10.6471,9.2857,2022,8,V,3,0,3,1,1.99036,-0.21201999999999988,0.333,0.4
2022-08-06 14:00:00,2022,2,0,Newcastle United,Nottingham Forest,1.8591,0.235825,0.8023,0.1695,0.0282,23,5,10,0,24,2,13.3333,6.08,2022,8,V,3,0,2,2,2.094925,1.623275,0.435,0.0
2022-08-06 14:00:00,2022,4,1,Tottenham,Southampton,1.6172,0.386546,0.7002,0.2209,0.0789,18,9,8,2,12,7,15.5455,5.7,2022,8,V,3,0,5,3,2.003746,1.230654,0.444,0.222
2022-08-06 16:30:00,2022,0,1,Everton,Chelsea,0.541983,1.92315,0.06,0.1717,0.7683,8,15,4,6,3,7,6.1923,12.0,2022,8,D,0,3,1,-1,2.465133,-1.381167,0.5,0.4
2022-08-07 13:00:00,2022,1,2,Manchester United,Brighton,1.42103,1.7289,0.281,0.269,0.45,17,15,5,4,7,5,9.9615,10.0909,2022,8,D,0,3,3,-1,3.1499300000000003,-0.3078700000000001,0.294,0.267
2022-08-07 13:00:00,2022,2,2,Leicester,Brentford,0.455695,0.931067,0.1615,0.3491,0.4894,14,9,5,3,5,3,22.2143,17.7059,2022,8,N,1,1,4,0,1.386762,-0.47537199999999996,0.357,0.333
2022-08-07 15:30:00,2022,0,2,West Ham,Manchester City,0.246188,2.58739,0.0083,0.0551,0.9366,6,14,1,2,2,11,25.5,24.328687499999997,2022,8,D,0,3,2,-2,2.833578,-2.341202,0.167,0.143
2022-08-13 11:30:00,2022,2,1,Aston Villa,Everton,2.66696,1.37507,0.7131,0.1861,0.1008,12,15,4,4,13,4,18.6154,9.3043,2022,8,V,3,0,3,1,4.0420300000000005,1.29189,0.333,0.267
2022-08-13 14:00:00,2022,0,0,Brighton,Newcastle United,1.60835,0.183952,0.791,0.1797,0.0293,13,4,7,1,15,2,9.2941,6.2917,2022,8,N,1,1,0,0,1.7923019999999998,1.424398,0.538,0.25
2022-08-13 14:00:00,2022,4,0,Manchester City,Bournemouth,1.69064,0.123946,0.8105,0.1721,0.0174,19,3,7,1,11,0,27.855400000000003,12.1579,2022,8,V,3,0,4,4,1.8145859999999998,1.566694,0.368,0.333
2022-08-13 14:00:00,2022,2,2,Southampton,Leeds,1.40906,1.99694,0.2126,0.2674,0.52,14,13,4,5,4,9,4.8529,13.2632,2022,8,N,1,1,4,0,3.4059999999999997,-0.58788,0.286,0.385
2022-08-13 14:00:00,2022,0,0,Wolverhampton Wanderers,Fulham,0.975375,1.08813,0.2638,0.3644,0.3718,7,9,1,3,1,2,14.7143,11.7333,2022,8,N,1,1,0,0,2.063505,-0.11275500000000005,0.143,0.333
2022-08-13 14:00:00,2022,4,2,Arsenal,Leicester,3.0107,0.690679,0.8878,0.0853,0.0269,19,6,7,2,10,5,14.0,10.3333,2022,8,V,3,0,6,2,3.701379,2.3200209999999997,0.368,0.333
2022-08-13 16:30:00,2022,4,0,Brentford,Manchester United,1.38785,0.896038,0.4929,0.2947,0.2124,13,15,7,4,3,11,6.6923,20.4,2022,8,V,3,0,4,4,2.283888,0.491812,0.538,0.267
2022-08-14 13:00:00,2022,1,0,Nottingham Forest,West Ham,1.9717,2.08634,0.3469,0.2571,0.396,13,19,6,5,4,7,8.2,10.8125,2022,8,V,3,0,1,1,4.05804,-0.11463999999999985,0.462,0.263
2022-08-14 15:30:00,2022,2,2,Chelsea,Tottenham,1.83945,1.58708,0.4329,0.2553,0.3118,16,10,3,5,12,2,12.2857,6.6552,2022,8,N,1,1,4,0,3.42653,0.25237,0.188,0.5
2022-08-15 19:00:00,2022,1,1,Liverpool,Crystal Palace,2.23596,1.64468,0.5129,0.231,0.2561,24,7,4,3,20,2,27.855400000000003,3.4146,2022,8,N,1,1,2,0,3.8806399999999996,0.59128,0.167,0.429
2022-08-20 11:30:00,2022,1,0,Tottenham,Wolverhampton Wanderers,1.46608,0.686123,0.593,0.2565,0.1505,11,20,4,3,8,6,20.6429,11.6,2022,8,V,3,0,1,1,2.152203,0.779957,0.364,0.15
2022-08-20 14:00:00,2022,3,1,Crystal Palace,Aston Villa,2.91137,0.803828,0.865,0.0964,0.0386,17,13,9,5,8,3,7.4118,13.9444,2022,8,V,3,0,4,2,3.715198,2.1075419999999996,0.529,0.385
2022-08-20 14:00:00,2022,1,1,Everton,Nottingham Forest,1.43408,0.918315,0.5009,0.2717,0.2274,19,14,8,5,8,1,15.7857,18.6154,2022,8,N,1,1,2,0,2.352395,0.515765,0.421,0.357
2022-08-20 14:00:00,2022,3,2,Fulham,Brentford,2.89934,1.59352,0.7051,0.1816,0.1133,18,13,9,5,7,8,11.1538,9.625,2022,8,V,3,0,5,1,4.49286,1.30582,0.5,0.385
2022-08-20 14:00:00,2022,1,2,Leicester,Southampton,0.242948,1.24155,0.0592,0.2702,0.6706,6,9,1,3,5,4,15.7619,4.8065,2022,8,D,0,3,3,-1,1.4844979999999999,-0.998602,0.167,0.333
2022-08-20 16:30:00,2022,0,3,Bournemouth,Arsenal,0.211335,1.71081,0.0283,0.1571,0.8146,6,14,1,6,1,8,8.72,15.6522,2022,8,D,0,3,3,-3,1.922145,-1.499475,0.167,0.429
2022-08-21 13:00:00,2022,3,0,Leeds,Chelsea,2.20971,0.692492,0.8405,0.1271,0.0324,12,14,6,3,1,7,4.6333,8.5625,2022,8,V,3,0,3,3,2.902202,1.5172179999999997,0.5,0.214
2022-08-21 13:00:00,2022,0,2,West Ham,Brighton,0.768634,1.82645,0.1043,0.2129,0.6828,13,11,3,2,6,2,18.8571,24.328687499999997,2022,8,D,0,3,2,-2,2.595084,-1.0578159999999999,0.231,0.182
2022-08-21 15:30:00,2022,3,3,Newcastle United,Manchester City,2.2127,3.67382,0.1483,0.1574,0.6943,12,21,6,10,9,9,6.7778,12.069,2022,8,N,1,1,6,0,5.88652,-1.4611200000000002,0.5,0.476
2022-08-22 19:00:00,2022,2,1,Manchester United,Liverpool,2.01764,1.52301,0.4942,0.2493,0.2565,12,17,4,5,8,16,6.5789,17.7,2022,8,V,3,0,3,1,3.5406500000000003,0.4946300000000001,0.333,0.294
2022-08-27 11:30:00,2022,0,1,Southampton,Manchester United,1.35887,1.34359,0.3237,0.3356,0.3407,17,11,5,6,11,11,8.3333,12.5625,2022,8,D,0,3,1,-1,2.7024600000000003,0.01527999999999996,0.294,0.545
2022-08-27 14:00:00,2022,1,1,Brentford,Everton,2.28391,1.65465,0.5416,0.2321,0.2263,19,14,5,7,9,7,17.4,11.5,2022,8,N,1,1,2,0,3.93856,0.6292600000000002,0.263,0.5
2022-08-27 14:00:00,2022,1,0,Brighton,Leeds,1.60986,1.14874,0.4733,0.2893,0.2374,13,10,4,2,6,5,5.5,12.35,2022,8,V,3,0,1,1,2.7586000000000004,0.46112,0.308,0.2
2022-08-27 14:00:00,2022,2,1,Chelsea,Leicester,1.74916,1.96023,0.3295,0.2616,0.4089,7,17,3,5,3,10,21.5,11.24,2022,8,V,3,0,3,1,3.70939,-0.21106999999999987,0.429,0.294
2022-08-27 14:00:00,2022,9,0,Liverpool,Bournemouth,4.86035,0.180991,0.9985,0.0014,0.0001,19,5,12,2,18,4,27.855400000000003,8.8889,2022,8,V,3,0,9,9,5.041341,4.679359000000001,0.632,0.4
2022-08-27 14:00:00,2022,4,2,Manchester City,Crystal Palace,2.3853,0.091976,0.9376,0.057,0.0054,18,2,5,2,18,1,27.855400000000003,6.9048,2022,8,V,3,0,6,2,2.477276,2.293324,0.278,1.0
2022-08-27 16:30:00,2022,2,1,Arsenal,Fulham,2.47427,0.926007,0.7576,0.165,0.0774,22,11,8,3,17,1,14.8636,5.4211,2022,8,V,3,0,3,1,3.400277,1.5482630000000002,0.364,0.273
2022-08-28 13:00:00,2022,0,1,Aston Villa,West Ham,0.304555,0.334589,0.1929,0.5741,0.233,9,7,3,2,4,3,17.55,13.5,2022,8,D,0,3,1,-1,0.639144,-0.030034000000000005,0.333,0.286
2022-08-28 13:00:00,2022,1,1,Wolverhampton Wanderers,Newcastle United,1.13248,1.93362,0.1904,0.2345,0.5751,10,21,4,6,3,13,9.4615,18.9231,2022,8,N,1,1,2,0,3.0660999999999996,-0.80114,0.4,0.286
2022-08-28 15:30:00,2022,0,2,Nottingham Forest,Tottenham,0.801369,2.44473,0.0753,0.1383,0.7864,17,18,1,7,11,6,15.1111,9.7241,2022,8,D,0,3,2,-2,3.246099,-1.6433609999999998,0.059,0.389
2022-08-30 18:30:00,2022,2,1,Fulham,Brighton,1.07093,1.75359,0.1682,0.2629,0.5689,10,7,3,4,7,4,6.6,14.0909,2022,8,V,3,0,3,1,2.8245199999999997,-0.68266,0.3,0.571
2022-08-30 18:30:00,2022,1,1,Crystal Palace,Brentford,0.777363,1.61808,0.1616,0.2398,0.5986,13,9,4,3,1,8,14.4737,13.0,2022,8,N,1,1,2,0,2.395443,-0.8407169999999999,0.308,0.333
2022-08-30 18:45:00,2022,2,1,Southampton,Chelsea,1.44086,1.5047,0.3329,0.2916,0.3755,9,10,7,4,3,7,3.4074,12.125,2022,8,V,3,0,3,1,2.94556,-0.0638399999999999,0.778,0.4
2022-08-30 19:00:00,2022,1,1,Leeds,Everton,1.04551,1.17189,0.3025,0.3131,0.3844,14,7,5,2,9,3,13.64,5.8571,2022,8,N,1,1,2,0,2.2174,-0.12638000000000016,0.357,0.286
2022-08-31 18:30:00,2022,6,0,Manchester City,Nottingham Forest,3.83759,0.729752,0.9435,0.0444,0.0121,17,8,9,1,13,1,27.855400000000003,6.3913,2022,8,V,3,0,6,6,4.567342,3.107838,0.529,0.125
2022-08-31 18:30:00,2022,2,1,Arsenal,Aston Villa,2.79971,0.297168,0.9316,0.0579,0.0105,22,4,9,3,18,3,14.6316,9.8824,2022,8,V,3,0,3,1,3.0968780000000002,2.502542,0.409,0.75
2022-08-31 18:30:00,2022,0,0,Bournemouth,Wolverhampton Wanderers,0.362035,1.53246,0.0649,0.2238,0.7113,5,17,2,4,7,14,6.8333,17.6111,2022,8,N,1,1,0,0,1.894495,-1.1704249999999998,0.4,0.235
2022-08-31 18:45:00,2022,1,1,West Ham,Tottenham,1.52267,0.723285,0.5865,0.2581,0.1554,14,13,4,4,3,6,18.9,24.328687499999997,2022,8,N,1,1,2,0,2.245955,0.799385,0.286,0.308
2022-08-31 19:00:00,2022,2,1,Liverpool,Newcastle United,1.76119,0.643546,0.6785,0.2216,0.0999,24,5,6,2,13,2,21.2353,9.9167,2022,8,V,3,0,3,1,2.4047359999999998,1.117644,0.25,0.4
2022-09-01 19:00:00,2022,0,1,Leicester,Manchester United,0.615266,1.09969,0.1672,0.3399,0.4929,10,9,2,2,2,11,22.9412,12.0,2022,9,D,0,3,1,-1,1.714956,-0.4844240000000001,0.2,0.222
2022-09-03 11:30:00,2022,0,0,Everton,Liverpool,1.39169,1.38617,0.373,0.2708,0.3562,14,23,3,8,10,12,6.0833,23.0909,2022,9,N,1,1,0,0,2.77786,0.005520000000000191,0.214,0.348
2022-09-03 14:00:00,2022,0,0,Newcastle United,Crystal Palace,2.90672,0.920595,0.8161,0.1241,0.0598,23,19,6,9,10,4,11.8667,6.303,2022,9,N,1,1,0,0,3.827315,1.986125,0.261,0.474
2022-09-03 14:00:00,2022,2,3,Nottingham Forest,Bournemouth,1.32895,0.905041,0.488,0.3058,0.2062,11,8,3,3,6,10,15.6875,13.6471,2022,9,D,0,3,5,-1,2.233991,0.4239090000000001,0.273,0.375
2022-09-03 14:00:00,2022,2,1,Tottenham,Fulham,2.67823,0.381556,0.9103,0.072,0.0177,23,9,10,3,16,1,16.2222,12.0526,2022,9,V,3,0,3,1,3.059786,2.2966740000000003,0.435,0.333
2022-09-03 14:00:00,2022,1,0,Wolverhampton Wanderers,Southampton,1.10039,1.20838,0.3189,0.3149,0.3662,7,12,2,1,8,12,7.5172,9.3684,2022,9,V,3,0,1,1,2.30877,-0.10799000000000003,0.286,0.083
2022-09-03 14:00:00,2022,5,2,Brentford,Leeds,2.7485,1.796,0.6119,0.2192,0.1689,14,16,8,6,5,9,3.3548,6.7,2022,9,V,3,0,7,3,4.5445,0.9524999999999999,0.571,0.375
2022-09-03 14:00:00,2022,2,1,Chelsea,West Ham,0.707333,1.4196,0.1001,0.2892,0.6107,8,6,3,3,4,1,23.3571,9.6471,2022,9,V,3,0,3,1,2.126933,-0.712267,0.375,0.5
2022-09-03 16:30:00,2022,1,1,Aston Villa,Manchester City,0.279392,1.92143,0.029,0.1347,0.8363,3,13,1,4,2,12,13.5455,24.328687499999997,2022,9,N,1,1,2,0,2.200822,-1.6420379999999999,0.333,0.308
2022-09-04 13:00:00,2022,5,2,Brighton,Leicester,2.73166,1.06549,0.7719,0.1533,0.0748,23,6,11,4,10,4,27.855400000000003,11.84,2022,9,V,3,0,7,3,3.7971500000000002,1.6661700000000002,0.478,0.667
2022-09-04 15:30:00,2022,3,1,Manchester United,Arsenal,2.02904,1.42238,0.5287,0.2353,0.236,10,16,6,3,5,16,8.4444,16.0667,2022,9,V,3,0,4,2,3.45142,0.6066600000000002,0.6,0.188
2022-09-16 19:00:00,2022,1,0,Aston Villa,Southampton,1.34365,0.218302,0.7544,0.2115,0.0341,11,7,3,1,6,2,8.04,5.9487,2022,9,V,3,0,1,1,1.561952,1.125348,0.273,0.143
2022-09-16 19:00:00,2022,2,3,Nottingham Forest,Fulham,1.41541,1.3496,0.3774,0.2812,0.3414,11,14,3,6,2,2,12.1111,16.1053,2022,9,D,0,3,5,-1,2.76501,0.06581000000000015,0.273,0.429
2022-09-17 11:30:00,2022,0,3,Wolverhampton Wanderers,Manchester City,0.310995,1.4242,0.0615,0.2244,0.7141,6,16,1,7,4,8,14.3333,18.2174,2022,9,D,0,3,3,-3,1.735195,-1.1132049999999998,0.167,0.438
2022-09-17 14:00:00,2022,1,1,Newcastle United,Bournemouth,1.54758,0.976948,0.5126,0.303,0.1844,20,10,7,3,18,5,20.3571,4.2414,2022,9,N,1,1,2,0,2.524528,0.5706319999999999,0.35,0.3
2022-09-17 16:30:00,2022,6,2,Tottenham,Leicester,1.98619,1.59449,0.4664,0.2515,0.2821,16,19,11,7,6,10,17.1111,21.2143,2022,9,V,3,0,8,4,3.58068,0.39169999999999994,0.688,0.368
2022-09-18 11:00:00,2022,0,3,Brentford,Arsenal,0.54011,1.32021,0.1394,0.2865,0.5741,5,13,2,7,3,9,10.0556,11.5417,2022,9,D,0,3,3,-3,1.8603200000000002,-0.7801000000000001,0.4,0.538
2022-09-18 13:15:00,2022,1,0,Everton,West Ham,0.39773,0.655351,0.1859,0.4494,0.3647,7,14,2,4,3,2,11.381,15.4615,2022,9,V,3,0,1,1,1.053081,-0.25762100000000004,0.286,0.286
2022-10-01 11:30:00,2022,3,1,Arsenal,Tottenham,2.48403,1.5027,0.6233,0.2347,0.142,22,7,9,3,12,2,18.4615,10.3889,2022,10,V,3,0,4,2,3.98673,0.9813300000000003,0.409,0.429
2022-10-01 14:00:00,2022,0,0,Bournemouth,Brentford,0.758128,1.046,0.2475,0.3269,0.4256,7,13,1,4,6,9,7.64,19.0625,2022,10,N,1,1,0,0,1.804128,-0.287872,0.143,0.308
2022-10-01 14:00:00,2022,1,2,Crystal Palace,Chelsea,0.70987,1.25506,0.1777,0.3084,0.5139,7,13,3,3,2,12,7.8077,17.0,2022,10,D,0,3,3,-1,1.96493,-0.5451900000000001,0.429,0.231
2022-10-01 14:00:00,2022,1,4,Fulham,Newcastle United,0.683701,4.67198,0.0008,0.0059,0.9933,4,19,1,10,5,17,8.1667,24.328687499999997,2022,10,D,0,3,5,-3,5.355681,-3.9882789999999995,0.25,0.526
2022-10-01 14:00:00,2022,3,3,Liverpool,Brighton,2.1515,2.36567,0.3275,0.2387,0.4338,15,6,7,6,13,7,17.3333,12.95,2022,10,N,1,1,6,0,4.51717,-0.2141700000000002,0.467,1.0
2022-10-01 14:00:00,2022,1,2,Southampton,Everton,1.95961,1.99979,0.3591,0.245,0.3959,21,12,6,5,12,4,14.4375,9.2381,2022,10,D,0,3,3,-1,3.9594,-0.04017999999999988,0.286,0.417
2022-10-01 16:30:00,2022,2,0,West Ham,Wolverhampton Wanderers,1.03934,0.575988,0.4659,0.3317,0.2024,18,15,5,4,4,10,20.2,21.3846,2022,10,V,3,0,2,2,1.6153279999999999,0.4633519999999999,0.278,0.267
2022-10-02 13:00:00,2022,6,3,Manchester City,Manchester United,3.01103,1.71335,0.6839,0.1915,0.1246,22,12,10,8,17,5,19.5789,15.1579,2022,10,V,3,0,9,3,4.72438,1.29768,0.455,0.667
2022-10-02 15:30:00,2022,0,0,Leeds,Aston Villa,0.298626,1.89645,0.0342,0.1457,0.8201,6,19,1,7,6,12,9.5833,13.3333,2022,10,N,1,1,0,0,2.195076,-1.597824,0.167,0.368
2022-10-03 19:00:00,2022,4,0,Leicester,Nottingham Forest,1.2497,1.22169,0.3618,0.2848,0.3534,17,10,7,3,7,4,21.5385,10.0345,2022,10,V,3,0,4,4,2.47139,0.02801000000000009,0.412,0.3
2022-10-08 14:00:00,2022,2,1,Bournemouth,Leicester,1.14891,1.18125,0.3192,0.3312,0.3496,10,9,4,5,7,8,8.6786,24.328687499999997,2022,10,V,3,0,3,1,2.3301600000000002,-0.03233999999999981,0.4,0.556
2022-10-08 14:00:00,2022,3,0,Chelsea,Wolverhampton Wanderers,2.43092,0.748449,0.7831,0.143,0.0739,20,8,7,2,11,4,27.855400000000003,11.2917,2022,10,V,3,0,3,3,3.179369,1.682471,0.35,0.25
2022-10-08 14:00:00,2022,4,0,Manchester City,Southampton,2.73536,0.101148,0.942,0.0531,0.0049,21,5,8,0,12,0,26.7368,15.1333,2022,10,V,3,0,4,4,2.836508,2.634212,0.381,0.0
2022-10-08 14:00:00,2022,5,1,Newcastle United,Brentford,2.44631,1.13466,0.7371,0.1881,0.0748,16,6,6,3,9,4,9.15,7.7273,2022,10,V,3,0,6,4,3.5809699999999998,1.31165,0.375,0.5
2022-10-08 16:30:00,2022,0,1,Brighton,Tottenham,0.899735,0.771641,0.3516,0.3567,0.2917,14,8,4,3,15,6,14.1667,14.3333,2022,10,D,0,3,1,-1,1.671376,0.12809399999999993,0.286,0.375
2022-10-09 13:00:00,2022,2,1,Crystal Palace,Leeds,1.65194,1.06564,0.5257,0.2625,0.2118,13,10,5,4,5,10,6.3684,7.1053,2022,10,V,3,0,3,1,2.71758,0.5863,0.385,0.4
2022-10-09 13:00:00,2022,3,1,West Ham,Fulham,3.43676,0.549848,0.9548,0.0369,0.0083,17,8,8,2,7,5,17.9333,24.328687499999997,2022,10,V,3,0,4,2,3.986608,2.886912,0.471,0.25
2022-10-09 15:30:00,2022,3,2,Arsenal,Liverpool,2.81968,0.765151,0.8957,0.0875,0.0168,11,8,7,3,14,4,10.875,16.7647,2022,10,V,3,0,5,1,3.584831,2.054529,0.636,0.375
2022-10-09 18:00:00,2022,1,2,Everton,Manchester United,0.365844,1.82612,0.0485,0.1658,0.7857,10,12,2,4,7,8,8.7826,19.8824,2022,10,D,0,3,3,-1,2.191964,-1.460276,0.2,0.333
2022-10-10 19:00:00,2022,1,1,Nottingham Forest,Aston Villa,0.221346,0.657187,0.1074,0.4655,0.4271,6,12,3,2,0,9,7.1364,24.328687499999997,2022,10,N,1,1,2,0,0.878533,-0.435841,0.5,0.167
2022-10-14 19:00:00,2022,2,0,Brentford,Brighton,1.90636,2.15668,0.308,0.27,0.422,7,21,3,7,8,14,3.96,13.0,2022,10,V,3,0,2,2,4.06304,-0.2503200000000001,0.429,0.333
2022-10-15 11:30:00,2022,0,0,Leicester,Crystal Palace,0.973426,0.346808,0.5272,0.3513,0.1215,14,8,5,1,13,1,24.3571,7.7105,2022,10,N,1,1,0,0,1.3202340000000001,0.626618,0.357,0.125
2022-10-15 14:00:00,2022,2,2,Fulham,Bournemouth,1.61738,1.62829,0.3546,0.2867,0.3587,19,10,4,6,8,4,14.95,8.25,2022,10,N,1,1,4,0,3.24567,-0.010909999999999975,0.211,0.6
2022-10-15 14:00:00,2022,1,0,Wolverhampton Wanderers,Nottingham Forest,1.22368,1.24761,0.3039,0.378,0.3181,9,10,2,2,5,3,9.6,10.5,2022,10,V,3,0,1,1,2.47129,-0.023930000000000007,0.222,0.2
2022-10-15 16:30:00,2022,2,0,Tottenham,Everton,2.49409,0.560039,0.8457,0.1223,0.032,21,4,7,0,8,0,25.0714,12.5,2022,10,V,3,0,2,2,3.0541289999999996,1.934051,0.333,0.0
2022-10-16 13:00:00,2022,0,2,Aston Villa,Chelsea,2.44542,1.23643,0.6794,0.1924,0.1282,18,8,7,4,6,5,13.5333,14.037,2022,10,D,0,3,2,-2,3.68185,1.20899,0.389,0.5
2022-10-16 13:00:00,2022,0,1,Leeds,Arsenal,2.02232,0.821757,0.6846,0.2144,0.101,16,9,4,4,8,5,10.4737,12.1429,2022,10,D,0,3,1,-1,2.844077,1.2005630000000003,0.25,0.444
2022-10-16 13:00:00,2022,0,0,Manchester United,Newcastle United,1.41606,0.78815,0.5506,0.278,0.1714,15,9,2,2,8,9,13.2778,9.0,2022,10,N,1,1,0,0,2.2042100000000002,0.6279100000000001,0.133,0.222
2022-10-16 13:00:00,2022,1,1,Southampton,West Ham,0.524479,1.70727,0.0936,0.2206,0.6858,10,25,8,4,2,8,11.2308,18.0,2022,10,N,1,1,2,0,2.231749,-1.182791,0.8,0.16
2022-10-16 15:30:00,2022,1,0,Liverpool,Manchester City,1.9992,0.911493,0.6548,0.2089,0.1363,13,16,2,6,6,17,12.5789,24.328687499999997,2022,10,V,3,0,1,1,2.910693,1.087707,0.154,0.375
2022-10-18 18:30:00,2022,0,0,Brighton,Nottingham Forest,2.10188,0.195003,0.8805,0.104,0.0155,19,3,7,0,15,1,20.0,7.7647,2022,10,N,1,1,0,0,2.296883,1.906877,0.368,0.0
2022-10-18 19:15:00,2022,2,1,Crystal Palace,Wolverhampton Wanderers,1.25617,0.857837,0.4633,0.2981,0.2386,14,10,4,4,8,8,8.3667,7.7273,2022,10,V,3,0,3,1,2.114007,0.39833300000000005,0.286,0.4
2022-10-19 18:30:00,2022,0,1,Bournemouth,Southampton,0.810452,1.23878,0.213,0.2994,0.4876,15,8,3,3,8,6,13.65,11.7619,2022,10,D,0,3,1,-1,2.049232,-0.42832800000000004,0.2,0.375
2022-10-19 18:30:00,2022,0,0,Brentford,Chelsea,1.45228,0.557405,0.6519,0.2453,0.1028,8,14,5,5,7,14,10.5,16.7059,2022,10,N,1,1,0,0,2.009685,0.894875,0.625,0.357
2022-10-19 18:30:00,2022,1,0,Newcastle United,Everton,1.13393,0.0609567,0.6685,0.3125,0.019,16,1,4,0,8,5,10.9,9.5769,2022,10,V,3,0,1,1,1.1948867,1.0729733000000001,0.25,0.0
2022-10-19 18:30:00,2022,1,0,Liverpool,West Ham,2.24066,2.48649,0.3183,0.2359,0.4458,22,8,7,3,8,4,26.7143,12.76,2022,10,V,3,0,1,1,4.72715,-0.24582999999999977,0.318,0.375
2022-10-19 19:15:00,2022,2,0,Manchester United,Tottenham,1.70973,0.658526,0.6423,0.2415,0.1162,28,9,10,2,10,7,18.3571,18.4118,2022,10,V,3,0,2,2,2.3682559999999997,1.051204,0.357,0.222
2022-10-20 18:30:00,2022,3,0,Fulham,Aston Villa,2.892,0.711487,0.8816,0.0849,0.0335,18,12,8,6,8,2,18.6,11.2667,2022,10,V,3,0,3,3,3.603487,2.180513,0.444,0.5
2022-10-20 19:15:00,2022,2,0,Leicester,Leeds,0.655249,1.19464,0.1801,0.3123,0.5076,5,14,1,2,4,5,8.7,10.6786,2022,10,V,3,0,2,2,1.849889,-0.539391,0.2,0.143
2022-10-22 11:30:00,2022,1,0,Nottingham Forest,Liverpool,2.50163,2.19752,0.4594,0.2303,0.3103,10,15,7,7,6,13,5.45,24.328687499999997,2022,10,V,3,0,1,1,4.6991499999999995,0.3041100000000001,0.7,0.467
2022-10-22 14:00:00,2022,3,0,Everton,Crystal Palace,1.93396,0.597167,0.7649,0.1702,0.0649,9,9,6,2,5,4,8.5833,9.6552,2022,10,V,3,0,3,3,2.5311269999999997,1.336793,0.667,0.222
2022-10-22 14:00:00,2022,3,1,Manchester City,Brighton,1.86239,0.52863,0.7596,0.18,0.0604,10,8,4,2,14,5,13.5882,12.0,2022,10,V,3,0,4,2,2.39102,1.3337599999999998,0.4,0.25
2022-10-22 15:30:00,2022,1,1,Chelsea,Manchester United,1.20238,0.730935,0.5149,0.3177,0.1674,6,13,2,6,3,8,16.3077,16.0,2022,10,N,1,1,2,0,1.933315,0.471445,0.333,0.462
2022-10-23 13:00:00,2022,4,0,Aston Villa,Brentford,3.45617,1.00462,0.9111,0.0678,0.0211,19,12,11,3,9,3,7.3636,7.1724,2022,10,V,3,0,4,4,4.46079,2.45155,0.579,0.25
2022-10-23 13:00:00,2022,2,3,Leeds,Fulham,1.96384,2.47512,0.2725,0.2214,0.5061,14,11,5,5,8,3,14.6842,6.0333,2022,10,D,0,3,5,-1,4.43896,-0.51128,0.357,0.455
2022-10-23 13:00:00,2022,1,1,Southampton,Arsenal,0.622653,1.57897,0.1135,0.2527,0.6338,10,12,3,3,7,8,9.5652,21.0667,2022,10,N,1,1,2,0,2.201623,-0.956317,0.3,0.25
2022-10-23 13:00:00,2022,0,4,Wolverhampton Wanderers,Leicester,1.61785,0.989075,0.5134,0.2724,0.2142,21,5,5,4,11,5,19.5294,24.328687499999997,2022,10,D,0,3,4,-4,2.606925,0.628775,0.238,0.8
2022-10-23 15:30:00,2022,1,2,Tottenham,Newcastle United,1.56513,1.1294,0.4711,0.2735,0.2554,17,13,5,5,7,11,15.0556,8.5,2022,10,D,0,3,3,-1,2.69453,0.43572999999999995,0.294,0.385
2022-10-24 19:00:00,2022,2,0,West Ham,Bournemouth,1.97715,0.730443,0.7246,0.2045,0.0709,20,5,4,3,7,4,15.6842,11.3182,2022,10,V,3,0,2,2,2.707593,1.246707,0.2,0.6
2022-10-29 11:30:00,2022,0,1,Leicester,Manchester City,0.693597,0.703827,0.3111,0.381,0.3079,10,15,5,5,2,14,14.9412,24.328687499999997,2022,10,D,0,3,1,-1,1.397424,-0.010229999999999961,0.5,0.333
2022-10-29 14:00:00,2022,2,3,Bournemouth,Tottenham,0.887533,2.1946,0.1026,0.1995,0.6979,6,23,4,7,3,10,18.4,20.5625,2022,10,D,0,3,5,-1,3.082133,-1.307067,0.667,0.304
2022-10-29 14:00:00,2022,1,1,Brentford,Wolverhampton Wanderers,1.29257,0.557605,0.5841,0.2769,0.139,12,14,3,4,6,2,12.7222,5.84,2022,10,N,1,1,2,0,1.8501750000000001,0.734965,0.25,0.286
2022-10-29 14:00:00,2022,4,1,Brighton,Chelsea,2.881,1.07554,0.8126,0.1331,0.0543,19,15,9,7,5,8,12.5,22.6923,2022,10,V,3,0,5,3,3.9565399999999995,1.8054599999999998,0.474,0.467
2022-10-29 14:00:00,2022,1,0,Crystal Palace,Southampton,1.00384,1.35803,0.2594,0.3006,0.44,12,14,3,4,7,8,7.3,11.6087,2022,10,V,3,0,1,1,2.36187,-0.35419,0.25,0.286
2022-10-29 14:00:00,2022,4,0,Newcastle United,Aston Villa,4.18808,0.270814,0.9905,0.0086,0.0009,20,3,7,0,15,2,17.5,10.7222,2022,10,V,3,0,4,4,4.458894,3.917266,0.35,0.0
2022-10-29 16:30:00,2022,0,0,Fulham,Everton,1.76438,1.19166,0.5075,0.27,0.2225,24,9,6,4,11,2,22.6364,11.15,2022,10,N,1,1,0,0,2.95604,0.5727200000000001,0.25,0.444
2022-10-29 18:45:00,2022,1,2,Liverpool,Leeds,1.90889,1.61271,0.4399,0.2565,0.3036,22,14,10,6,14,6,27.855400000000003,10.9167,2022,10,D,0,3,3,-1,3.5216000000000003,0.2961799999999999,0.455,0.429
2022-10-30 14:00:00,2022,5,0,Arsenal,Nottingham Forest,3.00699,0.206127,0.9566,0.0379,0.0055,24,5,10,2,21,2,26.25,7.7895,2022,10,V,3,0,5,5,3.213117,2.800863,0.417,0.4
2022-10-30 16:15:00,2022,1,0,Manchester United,West Ham,1.7514,1.00033,0.5661,0.2616,0.1723,16,13,3,5,6,5,16.4667,13.5,2022,10,V,3,0,1,1,2.7517300000000002,0.7510700000000001,0.188,0.385
2022-11-05 15:00:00,2022,4,3,Leeds,Bournemouth,2.22532,1.55594,0.5481,0.2398,0.2121,18,9,4,6,8,5,15.3846,4.7576,2022,11,V,3,0,7,1,3.78126,0.6693799999999999,0.222,0.667
2022-11-05 15:00:00,2022,2,1,Manchester City,Fulham,2.39332,0.843884,0.7901,0.1705,0.0394,16,4,5,2,11,1,27.855400000000003,12.0625,2022,11,V,3,0,3,1,3.237204,1.549436,0.312,0.5
2022-11-05 15:00:00,2022,2,2,Nottingham Forest,Brentford,1.29696,1.2204,0.348,0.3175,0.3345,15,6,7,2,10,6,13.3571,16.2353,2022,11,N,1,1,4,0,2.51736,0.07655999999999996,0.467,0.333
2022-11-05 15:00:00,2022,2,3,Wolverhampton Wanderers,Brighton,1.29252,1.87375,0.2155,0.2709,0.5136,8,19,5,8,2,18,8.9286,21.9444,2022,11,D,0,3,5,-1,3.16627,-0.5812300000000001,0.625,0.421
2022-11-05 17:30:00,2022,0,2,Everton,Leicester,1.3729,2.2679,0.205,0.2148,0.5802,12,22,2,8,12,11,15.7333,22.5333,2022,11,D,0,3,2,-2,3.6408,-0.895,0.167,0.364
2022-11-06 12:00:00,2022,0,1,Chelsea,Arsenal,0.278815,2.37846,0.0122,0.0736,0.9142,5,14,1,2,5,3,5.9677,8.5517,2022,11,D,0,3,1,-1,2.657275,-2.099645,0.2,0.143
2022-11-06 14:00:00,2022,3,1,Aston Villa,Manchester United,0.578563,0.517189,0.298,0.4411,0.2609,6,8,4,3,5,10,10.9565,18.0,2022,11,V,3,0,4,2,1.095752,0.06137400000000004,0.667,0.375
2022-11-06 14:00:00,2022,1,4,Southampton,Newcastle United,1.65228,1.42101,0.4256,0.2807,0.2937,16,7,5,4,6,4,14.2667,9.0455,2022,11,D,0,3,5,-3,3.07329,0.23126999999999986,0.312,0.571
2022-11-06 14:00:00,2022,1,2,West Ham,Crystal Palace,0.192579,1.03344,0.0601,0.3321,0.6078,5,15,2,6,1,9,27.855400000000003,18.0556,2022,11,D,0,3,3,-1,1.226019,-0.8408609999999999,0.4,0.4
2022-11-06 16:30:00,2022,1,2,Tottenham,Liverpool,1.81736,1.46548,0.4503,0.2538,0.2959,14,13,5,6,4,7,17.0588,15.4583,2022,11,D,0,3,3,-1,3.28284,0.3518800000000002,0.357,0.462
2022-11-12 12:30:00,2022,1,2,Manchester City,Brentford,1.605,3.29012,0.0967,0.1384,0.7649,29,10,6,8,26,6,16.4615,4.2,2022,11,D,0,3,3,-1,4.89512,-1.68512,0.207,0.8
2022-11-12 15:00:00,2022,3,0,Bournemouth,Everton,2.45642,0.768756,0.8095,0.1338,0.0567,16,15,9,3,8,7,5.5,22.4286,2022,11,V,3,0,3,3,3.2251760000000003,1.687664,0.562,0.2
2022-11-12 15:00:00,2022,3,1,Liverpool,Southampton,2.74418,1.43427,0.6924,0.1735,0.1341,15,9,7,5,10,9,21.8,20.0,2022,11,V,3,0,4,2,4.17845,1.3099100000000001,0.467,0.556
2022-11-12 15:00:00,2022,1,0,Nottingham Forest,Crystal Palace,1.23752,1.14552,0.3495,0.3518,0.2987,9,8,2,0,4,3,8.2,24.328687499999997,2022,11,V,3,0,1,1,2.3830400000000003,0.09199999999999986,0.222,0.0
2022-11-12 15:00:00,2022,4,3,Tottenham,Leeds,2.58046,1.71731,0.5788,0.204,0.2172,14,12,8,5,7,6,21.5333,16.7273,2022,11,V,3,0,7,1,4.29777,0.8631500000000001,0.571,0.417
2022-11-12 15:00:00,2022,0,2,West Ham,Leicester,0.720721,1.60566,0.122,0.2312,0.6468,18,9,6,6,6,5,11.6522,12.2381,2022,11,D,0,3,2,-2,2.326381,-0.8849390000000001,0.333,0.667
2022-11-12 17:30:00,2022,1,0,Newcastle United,Chelsea,1.3601,0.359105,0.6864,0.2399,0.0737,10,5,3,2,7,2,10.6818,8.4857,2022,11,V,3,0,1,1,1.719205,1.000995,0.3,0.4
2022-11-12 19:45:00,2022,0,2,Wolverhampton Wanderers,Arsenal,0.512339,2.27996,0.0353,0.1195,0.8452,11,14,2,4,4,4,13.1429,18.1176,2022,11,D,0,3,2,-2,2.792299,-1.767621,0.182,0.286
2022-11-13 14:00:00,2022,1,2,Brighton,Aston Villa,0.829107,1.15437,0.2078,0.3416,0.4506,7,8,2,2,7,6,16.3889,4.9688,2022,11,D,0,3,3,-1,1.983477,-0.32526299999999986,0.286,0.25
2022-11-13 16:30:00,2022,1,2,Fulham,Manchester United,1.70218,3.37664,0.086,0.142,0.772,14,14,7,9,6,6,20.4167,11.8571,2022,11,D,0,3,3,-1,5.07882,-1.67446,0.5,0.643
2022-12-26 12:30:00,2022,2,2,Brentford,Tottenham,2.25263,0.883787,0.7598,0.1641,0.0761,9,16,5,8,7,5,8.8125,11.5833,2022,12,N,1,1,4,0,3.136417,1.368843,0.556,0.5
2022-12-26 15:00:00,2022,0,3,Crystal Palace,Fulham,0.421754,2.69927,0.0218,0.079,0.8992,4,23,0,11,2,13,8.6786,18.1111,2022,12,D,0,3,3,-3,3.121024,-2.277516,0.0,0.478
2022-12-26 15:00:00,2022,1,2,Everton,Wolverhampton Wanderers,1.22653,1.22076,0.3391,0.3145,0.3464,12,7,6,4,4,6,9.4,8.5909,2022,12,D,0,3,3,-1,2.4472899999999997,0.005769999999999831,0.5,0.571
2022-12-26 15:00:00,2022,0,3,Leicester,Newcastle United,0.31099,1.76382,0.0339,0.1497,0.8164,8,12,2,5,4,5,23.2,6.9667,2022,12,D,0,3,3,-3,2.07481,-1.45283,0.25,0.417
2022-12-26 15:00:00,2022,1,3,Southampton,Brighton,1.70709,1.00714,0.5656,0.281,0.1534,14,7,4,4,5,10,11.0625,20.2273,2022,12,D,0,3,4,-2,2.7142299999999997,0.6999500000000001,0.286,0.571
2022-12-26 17:30:00,2022,1,3,Aston Villa,Liverpool,1.69155,3.50694,0.0917,0.1312,0.7771,12,16,6,9,5,8,12.3182,24.328687499999997,2022,12,D,0,3,4,-2,5.1984900000000005,-1.81539,0.5,0.562
2022-12-26 20:00:00,2022,3,1,Arsenal,West Ham,1.88828,1.02652,0.5915,0.2609,0.1476,16,8,5,4,14,1,19.5263,7.5769,2022,12,V,3,0,4,2,2.9148,0.8617599999999999,0.312,0.5
2022-12-27 17:30:00,2022,2,0,Chelsea,Bournemouth,1.91378,0.44307,0.7782,0.1645,0.0573,15,9,5,4,7,4,15.2917,10.4706,2022,12,V,3,0,2,2,2.35685,1.47071,0.333,0.444
2022-12-27 20:00:00,2022,3,0,Manchester United,Nottingham Forest,2.13668,0.477076,0.8027,0.1485,0.0488,17,8,8,3,22,2,27.855400000000003,5.6957,2022,12,V,3,0,3,3,2.613756,1.659604,0.471,0.375
2022-12-28 20:00:00,2022,1,3,Leeds,Manchester City,0.603751,4.16249,0.0095,0.0335,0.957,9,26,1,9,7,13,7.9,24.328687499999997,2022,12,D,0,3,4,-2,4.766241,-3.558739,0.111,0.346
2022-12-30 19:45:00,2022,0,2,West Ham,Brentford,1.13979,1.51436,0.2474,0.2674,0.4852,20,9,5,6,5,7,27.855400000000003,10.0,2022,12,D,0,3,2,-2,2.65415,-0.37456999999999985,0.25,0.667
2022-12-30 20:00:00,2022,2,1,Liverpool,Leicester,2.02463,0.863312,0.6596,0.2117,0.1287,21,7,5,2,6,3,22.0625,14.65,2022,12,V,3,0,3,1,2.8879420000000002,1.161318,0.238,0.286
2022-12-31 12:30:00,2022,0,1,Wolverhampton Wanderers,Manchester United,0.587672,2.44728,0.0488,0.1258,0.8254,10,16,3,6,2,13,8.7308,11.1818,2022,12,D,0,3,1,-1,3.034952,-1.8596080000000001,0.3,0.375
2022-12-31 15:00:00,2022,0,2,Bournemouth,Crystal Palace,0.895819,1.75264,0.1237,0.2679,0.6084,6,15,2,6,8,8,9.7308,7.05,2022,12,D,0,3,2,-2,2.648459,-0.8568209999999999,0.333,0.4
2022-12-31 15:00:00,2022,2,1,Fulham,Southampton,1.49305,0.698711,0.621,0.2632,0.1158,8,9,2,3,6,2,13.5909,7.5238,2022,12,V,3,0,3,1,2.191761,0.794339,0.25,0.333
2022-12-31 15:00:00,2022,1,1,Manchester City,Everton,2.36333,0.0760019,0.9324,0.0634,0.0042,16,2,3,1,13,2,27.855400000000003,5.0,2022,12,N,1,1,2,0,2.4393319,2.2873281,0.188,0.5
2022-12-31 15:00:00,2022,0,0,Newcastle United,Leeds,2.78846,0.517099,0.881,0.0883,0.0307,16,8,5,1,9,4,9.087,6.3913,2022,12,N,1,1,0,0,3.305559,2.271361,0.312,0.125
2022-12-31 17:30:00,2022,2,4,Brighton,Arsenal,1.15663,3.22106,0.0456,0.1051,0.8493,9,14,5,7,9,8,15.5,8.125,2022,12,D,0,3,6,-2,4.37769,-2.0644299999999998,0.556,0.5
2023-01-01 14:00:00,2022,0,2,Tottenham,Aston Villa,0.569383,1.21733,0.1431,0.2918,0.5651,6,13,2,4,6,7,17.2778,10.2727,2023,1,D,0,3,2,-2,1.786713,-0.647947,0.333,0.308
2023-01-01 16:30:00,2022,1,1,Nottingham Forest,Chelsea,0.985219,1.37305,0.2313,0.2919,0.4768,12,7,5,2,10,6,6.1364,19.2917,2023,1,N,1,1,2,0,2.358269,-0.38783100000000015,0.417,0.286
2023-01-02 17:30:00,2022,3,1,Brentford,Liverpool,2.0991,2.10461,0.3736,0.2734,0.353,10,16,7,6,0,19,4.7778,16.1176,2023,1,V,3,0,4,2,4.20371,-0.005510000000000126,0.7,0.375
2023-01-03 19:45:00,2022,0,0,Arsenal,Newcastle United,0.970637,0.959523,0.3226,0.3381,0.3393,17,8,4,1,9,4,11.9091,7.4667,2023,1,N,1,1,0,0,1.9301599999999999,0.011113999999999957,0.235,0.125
2023-01-03 19:45:00,2022,1,4,Everton,Brighton,1.16896,2.50731,0.102,0.1911,0.7069,10,19,4,8,4,4,21.2,22.3333,2023,1,D,0,3,5,-3,3.6762699999999997,-1.33835,0.4,0.421
2023-01-03 19:45:00,2022,0,1,Leicester,Fulham,1.45221,1.33493,0.3898,0.2799,0.3303,15,11,6,2,6,4,15.2273,6.25,2023,1,D,0,3,1,-1,2.78714,0.11728000000000005,0.4,0.182
2023-01-03 20:00:00,2022,3,0,Manchester United,Bournemouth,2.97383,0.679022,0.8881,0.0826,0.0293,18,7,6,4,13,2,24.0714,10.7619,2023,1,V,3,0,3,3,3.652852,2.2948079999999997,0.333,0.571
2023-01-04 19:30:00,2022,0,1,Southampton,Nottingham Forest,0.62937,1.22324,0.153,0.3001,0.5469,8,11,0,1,4,4,11.85,5.5652,2023,1,D,0,3,1,-1,1.85261,-0.5938700000000001,0.0,0.091
2023-01-04 19:45:00,2022,2,2,Leeds,West Ham,1.2577,1.29245,0.324,0.3108,0.3652,14,15,6,2,7,3,9.5926,4.2609,2023,1,N,1,1,4,0,2.5501500000000004,-0.03475000000000006,0.429,0.133
2023-01-04 20:00:00,2022,1,1,Aston Villa,Wolverhampton Wanderers,1.03226,0.832522,0.3969,0.3272,0.2759,13,10,4,3,4,2,13.7,18.6923,2023,1,N,1,1,2,0,1.864782,0.19973799999999997,0.308,0.3
2023-01-04 20:00:00,2022,0,4,Crystal Palace,Tottenham,0.787525,1.66514,0.1413,0.2366,0.6221,19,14,4,6,8,9,14.2353,14.75,2023,1,D,0,3,4,-4,2.452665,-0.877615,0.211,0.429
2023-01-05 20:00:00,2022,0,1,Chelsea,Manchester City,0.493576,1.71972,0.065,0.1925,0.7425,8,12,2,3,5,10,12.7692,13.5833,2023,1,D,0,3,1,-1,2.2132959999999997,-1.226144,0.25,0.25
2023-01-12 19:00:00,2022,2,1,Fulham,Chelsea,0.711266,2.39911,0.0519,0.1442,0.8039,8,20,3,10,2,7,8.7308,14.5909,2023,1,V,3,0,3,1,3.1103759999999996,-1.687844,0.375,0.5
2023-01-13 20:00:00,2022,2,1,Aston Villa,Leeds,1.64599,2.46295,0.1931,0.2242,0.5827,11,16,5,4,5,1,6.2195,7.45,2023,1,V,3,0,3,1,4.1089400000000005,-0.8169600000000001,0.455,0.25
2023-01-14 12:30:00,2022,2,1,Manchester United,Manchester City,1.98228,0.73695,0.7313,0.2034,0.0653,8,5,4,1,9,10,16.5455,24.328687499999997,2023,1,V,3,0,3,1,2.71923,1.24533,0.5,0.2
2023-01-14 15:00:00,2022,3,0,Brighton,Liverpool,2.40062,1.28853,0.6565,0.2102,0.1333,16,6,9,2,13,5,15.4815,13.0,2023,1,V,3,0,3,3,3.6891499999999997,1.11209,0.562,0.333
2023-01-14 15:00:00,2022,1,2,Everton,Southampton,1.18191,1.08412,0.3807,0.3021,0.3172,12,13,4,5,4,8,6.84,13.0714,2023,1,D,0,3,3,-1,2.2660299999999998,0.09779000000000004,0.333,0.385
2023-01-14 15:00:00,2022,2,0,Nottingham Forest,Leicester,1.75313,0.803421,0.6211,0.2387,0.1402,15,6,5,1,6,3,11.625,17.0526,2023,1,V,3,0,2,2,2.5565510000000002,0.949709,0.333,0.167
2023-01-14 15:00:00,2022,1,0,Wolverhampton Wanderers,West Ham,0.806232,0.735105,0.3464,0.365,0.2886,17,16,4,4,5,7,14.8095,15.3077,2023,1,V,3,0,1,1,1.541337,0.07112699999999994,0.235,0.25
2023-01-14 17:30:00,2022,2,0,Brentford,Bournemouth,1.29815,0.269283,0.7302,0.2253,0.0445,12,7,4,2,3,2,10.1429,13.0,2023,1,V,3,0,2,2,1.5674329999999999,1.028867,0.333,0.286
2023-01-15 14:00:00,2022,1,0,Chelsea,Crystal Palace,2.12987,0.837366,0.7152,0.1938,0.091,15,10,5,5,9,3,11.5,5.7391,2023,1,V,3,0,1,1,2.9672359999999998,1.2925039999999999,0.333,0.5
2023-01-15 14:00:00,2022,1,0,Newcastle United,Fulham,1.96256,0.989872,0.6207,0.2552,0.1241,20,5,5,0,13,3,14.7333,6.1667,2023,1,V,3,0,1,1,2.952432,0.9726880000000001,0.25,0.0
2023-01-15 16:30:00,2022,0,2,Tottenham,Arsenal,1.71032,2.04232,0.293,0.2491,0.4579,17,14,7,5,8,8,11.5,16.9231,2023,1,D,0,3,2,-2,3.7526400000000004,-0.3320000000000001,0.412,0.357
2023-01-18 15:30:00,2022,1,1,Crystal Palace,Manchester United,0.413339,1.39437,0.0948,0.2512,0.654,10,15,5,4,3,12,7.9583,13.069,2023,1,N,1,1,2,0,1.807709,-0.9810310000000001,0.5,0.267
2023-01-19 19:00:00,2022,4,2,Manchester City,Tottenham,2.34166,1.16499,0.6717,0.203,0.1253,16,9,6,3,11,8,19.5882,12.619,2023,1,V,3,0,6,2,3.50665,1.17667,0.375,0.333
2023-01-21 12:30:00,2022,0,0,Liverpool,Chelsea,1.30125,1.84467,0.2375,0.2581,0.5044,15,11,3,2,7,7,9.8148,10.5625,2023,1,N,1,1,0,0,3.1459200000000003,-0.54342,0.2,0.182
2023-01-21 15:00:00,2022,1,1,Bournemouth,Nottingham Forest,1.80549,1.57544,0.4241,0.2689,0.307,16,20,4,5,10,5,10.0,19.5,2023,1,N,1,1,2,0,3.38093,0.2300500000000001,0.25,0.25
2023-01-21 15:00:00,2022,2,2,Leicester,Brighton,1.35941,1.94491,0.2166,0.2601,0.5233,9,13,2,4,2,12,9.8095,24.328687499999997,2023,1,N,1,1,4,0,3.3043199999999997,-0.5854999999999999,0.222,0.308
2023-01-21 15:00:00,2022,0,1,Southampton,Aston Villa,0.672444,1.16432,0.201,0.3311,0.4679,8,16,5,5,4,8,7.5714,12.0357,2023,1,D,0,3,1,-1,1.836764,-0.491876,0.625,0.312
2023-01-21 15:00:00,2022,2,0,West Ham,Everton,2.46879,0.286826,0.9339,0.0568,0.0093,11,5,4,2,3,4,10.5263,21.2,2023,1,V,3,0,2,2,2.755616,2.181964,0.364,0.4
2023-01-21 17:30:00,2022,0,0,Crystal Palace,Newcastle United,0.333154,1.44384,0.0722,0.2329,0.6949,6,16,1,7,3,13,6.8421,7.871,2023,1,N,1,1,0,0,1.776994,-1.110686,0.167,0.438
2023-01-22 14:00:00,2022,0,0,Leeds,Brentford,0.374736,0.17114,0.2817,0.5991,0.1192,9,6,5,0,7,5,7.037,7.2609,2023,1,N,1,1,0,0,0.545876,0.20359600000000003,0.556,0.0
2023-01-22 14:00:00,2022,3,0,Manchester City,Wolverhampton Wanderers,3.32757,0.469277,0.9503,0.0408,0.0089,13,10,7,1,9,4,19.0,20.0667,2023,1,V,3,0,3,3,3.796847,2.858293,0.538,0.1
2023-01-22 16:30:00,2022,3,2,Arsenal,Manchester United,2.90273,0.272246,0.9363,0.0541,0.0096,25,6,5,4,15,1,13.7778,11.8333,2023,1,V,3,0,5,1,3.174976,2.630484,0.2,0.667
2023-01-23 20:00:00,2022,0,1,Fulham,Tottenham,1.09339,0.993805,0.3629,0.3376,0.2995,10,10,5,3,7,7,12.9524,9.2759,2023,1,D,0,3,1,-1,2.0871950000000004,0.09958500000000003,0.5,0.3
2023-02-03 20:00:00,2022,0,0,Chelsea,Fulham,1.41471,0.493341,0.6334,0.254,0.1126,11,10,2,4,5,5,19.7273,4.2727,2023,2,N,1,1,0,0,1.908051,0.9213689999999999,0.182,0.4
2023-02-04 12:30:00,2022,1,0,Everton,Arsenal,2.09191,0.690102,0.7682,0.1665,0.0653,12,15,4,3,4,11,5.7778,18.0,2023,2,V,3,0,1,1,2.782012,1.401808,0.333,0.2
2023-02-04 15:00:00,2022,2,4,Aston Villa,Leicester,1.4989,2.49784,0.1591,0.2124,0.6285,19,9,4,5,15,5,13.3333,7.72,2023,2,D,0,3,6,-2,3.99674,-0.9989400000000002,0.211,0.556
2023-02-04 15:00:00,2022,3,0,Brentford,Southampton,2.36747,0.644385,0.8146,0.1377,0.0477,14,14,4,6,12,5,8.5789,12.0588,2023,2,V,3,0,3,3,3.0118549999999997,1.723085,0.286,0.429
2023-02-04 15:00:00,2022,1,0,Brighton,Bournemouth,2.55696,0.908298,0.7945,0.1408,0.0647,20,12,6,2,15,2,23.2667,6.9474,2023,2,V,3,0,1,1,3.4652580000000004,1.648662,0.3,0.167
2023-02-04 15:00:00,2022,2,1,Manchester United,Crystal Palace,2.07035,1.3798,0.5467,0.2671,0.1862,14,10,5,3,11,4,16.4667,13.8235,2023,2,V,3,0,3,1,3.45015,0.69055,0.357,0.3
2023-02-04 15:00:00,2022,3,0,Wolverhampton Wanderers,Liverpool,2.63328,1.30193,0.7065,0.1715,0.122,12,22,7,4,5,14,11.7,24.328687499999997,2023,2,V,3,0,3,3,3.93521,1.33135,0.583,0.182
2023-02-04 17:30:00,2022,1,1,Newcastle United,West Ham,1.22883,1.27831,0.33,0.31,0.36,8,10,2,1,6,4,10.5769,8.05,2023,2,N,1,1,2,0,2.50714,-0.04947999999999997,0.25,0.1
2023-02-05 14:00:00,2022,1,0,Nottingham Forest,Leeds,0.3325,1.12331,0.0866,0.2912,0.6222,6,10,2,4,1,7,3.3333,14.4286,2023,2,V,3,0,1,1,1.45581,-0.79081,0.333,0.4
2023-02-05 16:30:00,2022,1,0,Tottenham,Manchester City,1.42168,0.773747,0.5572,0.2724,0.1704,12,15,3,5,3,5,5.8,20.2143,2023,2,V,3,0,1,1,2.195427,0.6479330000000001,0.25,0.333
2023-02-08 19:00:00,2022,2,2,Manchester United,Leeds,2.00007,0.554798,0.7559,0.1739,0.0702,24,8,7,2,11,4,12.2222,5.65,2023,2,N,1,1,4,0,2.554868,1.4452720000000001,0.292,0.25
2023-02-11 12:30:00,2022,1,1,West Ham,Chelsea,1.07615,0.900465,0.3903,0.331,0.2787,10,12,2,4,6,10,5.65,21.3333,2023,2,N,1,1,2,0,1.9766149999999998,0.17568499999999998,0.2,0.333
2023-02-11 15:00:00,2022,1,1,Arsenal,Brentford,1.36738,2.17538,0.1738,0.2237,0.6025,23,9,7,2,21,15,12.0,6.4667,2023,2,N,1,1,2,0,3.5427600000000004,-0.808,0.304,0.222
2023-02-11 15:00:00,2022,1,1,Crystal Palace,Brighton,0.928279,2.64981,0.0646,0.1488,0.7866,6,17,1,7,2,8,3.6333,21.619,2023,2,N,1,1,2,0,3.578089,-1.7215310000000001,0.167,0.412
2023-02-11 15:00:00,2022,2,0,Fulham,Nottingham Forest,1.69704,0.686824,0.658,0.2237,0.1183,16,10,3,1,6,6,11.45,11.2174,2023,2,V,3,0,2,2,2.383864,1.0102160000000002,0.188,0.1
2023-02-11 15:00:00,2022,4,1,Leicester,Tottenham,1.41208,1.11709,0.4281,0.3074,0.2645,15,11,7,4,6,4,16.1875,7.0732,2023,2,V,3,0,5,3,2.5291699999999997,0.2949900000000001,0.467,0.364
2023-02-11 15:00:00,2022,1,2,Southampton,Wolverhampton Wanderers,1.30203,0.615651,0.5648,0.2886,0.1466,17,11,2,1,7,2,5.9474,8.4706,2023,2,D,0,3,3,-1,1.917681,0.6863790000000001,0.118,0.091
2023-02-11 17:30:00,2022,1,1,Bournemouth,Newcastle United,1.54458,1.54853,0.3298,0.3393,0.3309,11,15,5,7,4,6,4.5926,15.5,2023,2,N,1,1,2,0,3.0931100000000002,-0.003949999999999898,0.455,0.467
2023-02-12 14:00:00,2022,0,2,Leeds,Manchester United,1.89163,1.30375,0.5262,0.2469,0.2269,16,11,6,5,5,5,5.75,11.2667,2023,2,D,0,3,2,-2,3.19538,0.58788,0.375,0.455
2023-02-12 16:30:00,2022,3,1,Manchester City,Aston Villa,3.60987,0.275348,0.9777,0.0192,0.0031,17,6,9,2,7,4,23.6,8.0909,2023,2,V,3,0,4,2,3.885218,3.3345219999999998,0.529,0.333
2023-02-13 20:00:00,2022,2,0,Liverpool,Everton,2.23291,0.402331,0.8479,0.1222,0.0299,15,6,6,1,7,3,14.4074,10.9167,2023,2,V,3,0,2,2,2.6352409999999997,1.830579,0.4,0.167
2023-02-15 18:30:00,2022,1,3,Arsenal,Manchester City,1.70139,2.00841,0.2895,0.2762,0.4343,10,9,1,6,9,7,12.3846,8.7778,2023,2,D,0,3,4,-2,3.7098,-0.30702000000000007,0.1,0.667
2023-02-18 12:30:00,2022,2,4,Aston Villa,Arsenal,0.335752,2.85981,0.0159,0.0617,0.9224,7,20,5,5,2,14,9.1579,14.6842,2023,2,D,0,3,6,-2,3.195562,-2.524058,0.714,0.25
2023-02-18 15:00:00,2022,1,1,Brentford,Crystal Palace,0.610105,1.12202,0.1813,0.31,0.5087,12,10,5,4,12,3,19.7333,7.32,2023,2,N,1,1,2,0,1.732125,-0.511915,0.417,0.4
2023-02-18 15:00:00,2022,0,1,Brighton,Fulham,2.71375,0.224214,0.9284,0.0626,0.009,21,5,7,2,10,0,22.0588,6.2,2023,2,D,0,3,1,-1,2.937964,2.489536,0.333,0.4
2023-02-18 15:00:00,2022,0,1,Chelsea,Southampton,1.61723,0.619532,0.6624,0.2351,0.1025,17,8,5,5,11,3,7.119,5.8621,2023,2,D,0,3,1,-1,2.2367619999999997,0.997698,0.294,0.625
2023-02-18 15:00:00,2022,1,0,Everton,Leeds,1.53811,0.597403,0.6387,0.244,0.1173,15,8,6,0,7,6,12.1176,10.1579,2023,2,V,3,0,1,1,2.135513,0.9407070000000001,0.4,0.0
2023-02-18 15:00:00,2022,1,1,Nottingham Forest,Manchester City,1.12735,2.80966,0.0313,0.1269,0.8418,4,23,1,6,1,16,7.4706,24.328687499999997,2023,2,N,1,1,2,0,3.93701,-1.68231,0.25,0.261
2023-02-18 15:00:00,2022,0,1,Wolverhampton Wanderers,Bournemouth,0.911415,1.15274,0.2191,0.3382,0.4427,15,5,4,1,11,4,21.2353,6.6,2023,2,D,0,3,1,-1,2.064155,-0.24132500000000012,0.267,0.2
2023-02-18 17:30:00,2022,0,2,Newcastle United,Liverpool,1.74852,2.16549,0.2877,0.2362,0.4761,14,13,4,7,5,7,7.0769,24.328687499999997,2023,2,D,0,3,2,-2,3.91401,-0.41697000000000006,0.286,0.538
2023-02-19 14:00:00,2022,3,0,Manchester United,Leicester,4.24663,1.39678,0.8915,0.0703,0.0382,26,19,8,3,12,7,11.5862,10.5455,2023,2,V,3,0,3,3,5.643409999999999,2.84985,0.308,0.158
2023-02-19 16:30:00,2022,2,0,Tottenham,West Ham,1.43042,0.365173,0.6822,0.2443,0.0735,16,6,6,1,8,3,10.8214,6.5926,2023,2,V,3,0,2,2,1.795593,1.065247,0.375,0.167
2023-02-24 20:00:00,2022,1,1,Fulham,Wolverhampton Wanderers,0.913133,0.997097,0.308,0.3322,0.3598,10,8,5,2,6,6,8.6552,9.4815,2023,2,N,1,1,2,0,1.9102299999999999,-0.08396400000000004,0.5,0.25
2023-02-25 15:00:00,2022,0,2,Everton,Aston Villa,1.54109,2.06037,0.2358,0.253,0.5112,15,9,5,5,9,5,11.0,7.1053,2023,2,D,0,3,2,-2,3.60146,-0.5192799999999997,0.333,0.556
2023-02-25 15:00:00,2022,1,0,Leeds,Southampton,0.720048,0.391128,0.4014,0.4255,0.1731,14,8,4,2,10,2,10.9615,5.4444,2023,2,V,3,0,1,1,1.111176,0.32892000000000005,0.286,0.25
2023-02-25 15:00:00,2022,0,1,Leicester,Arsenal,0.0203463,0.722059,0.0101,0.4553,0.5346,1,10,0,2,2,10,7.9474,15.7222,2023,2,D,0,3,1,-1,0.7424053,-0.7017127,0.0,0.2
2023-02-25 15:00:00,2022,4,0,West Ham,Nottingham Forest,3.05032,0.350849,0.9617,0.0326,0.0057,18,8,5,3,13,3,14.6923,10.4091,2023,2,V,3,0,4,4,3.4011690000000003,2.699471,0.278,0.375
2023-02-25 17:30:00,2022,1,4,Bournemouth,Manchester City,1.08527,2.98206,0.0517,0.1222,0.8261,13,20,2,5,4,15,7.5714,24.328687499999997,2023,2,D,0,3,5,-3,4.06733,-1.8967900000000002,0.154,0.25
2023-02-25 19:45:00,2022,0,0,Crystal Palace,Liverpool,0.989086,1.35123,0.2465,0.2938,0.4597,6,12,0,4,1,5,8.3158,18.6818,2023,2,N,1,1,0,0,2.340316,-0.3621439999999999,0.0,0.333
2023-02-26 13:30:00,2022,2,0,Tottenham,Chelsea,0.926313,0.262281,0.6002,0.3262,0.0736,8,10,3,2,5,5,8.0333,11.48,2023,2,V,3,0,2,2,1.1885940000000002,0.6640320000000001,0.375,0.2
2023-03-01 20:00:00,2022,2,0,Liverpool,Wolverhampton Wanderers,2.70191,0.78681,0.8368,0.1239,0.0393,15,4,6,1,11,4,8.4615,7.6286,2023,3,V,3,0,2,2,3.48872,1.9150999999999998,0.4,0.25
2023-03-01 20:00:00,2022,4,0,Arsenal,Everton,3.06919,1.604,0.7363,0.1702,0.0935,15,8,5,5,13,5,22.0,7.6471,2023,3,V,3,0,4,4,4.67319,1.4651899999999998,0.333,0.625
2023-03-04 12:30:00,2022,2,0,Manchester City,Newcastle United,1.34144,0.359809,0.6421,0.2711,0.0868,11,5,3,2,12,7,14.5455,10.5455,2023,3,V,3,0,2,2,1.701249,0.9816309999999999,0.273,0.4
2023-03-04 15:00:00,2022,3,2,Arsenal,Bournemouth,2.46279,1.74267,0.5372,0.2353,0.2275,30,4,9,4,31,3,14.2,4.0,2023,3,V,3,0,5,1,4.20546,0.7201200000000001,0.3,1.0
2023-03-04 15:00:00,2022,1,0,Aston Villa,Crystal Palace,0.890605,0.152761,0.5676,0.3749,0.0575,8,3,1,0,8,0,9.4054,8.5769,2023,3,V,3,0,1,1,1.043366,0.7378439999999999,0.125,0.0
2023-03-04 15:00:00,2022,4,0,Brighton,West Ham,3.49993,0.250045,0.9876,0.0113,0.0011,20,3,9,2,9,3,19.3636,10.4737,2023,3,V,3,0,4,4,3.749975,3.249885,0.45,0.667
2023-03-04 15:00:00,2022,1,0,Chelsea,Leeds,1.8678,0.633995,0.7086,0.1964,0.095,13,11,3,2,8,4,17.8947,8.44,2023,3,V,3,0,1,1,2.501795,1.2338049999999998,0.231,0.182
2023-03-04 15:00:00,2022,1,0,Wolverhampton Wanderers,Tottenham,0.562477,1.25588,0.1582,0.2936,0.5482,8,22,5,6,3,7,10.5217,19.3571,2023,3,V,3,0,1,1,1.8183570000000002,-0.6934030000000001,0.625,0.273
2023-03-04 17:30:00,2022,1,0,Southampton,Leicester,1.34332,1.67051,0.269,0.2878,0.4432,11,11,5,0,1,12,5.9643,13.1154,2023,3,V,3,0,1,1,3.01383,-0.32718999999999987,0.455,0.0
2023-03-05 14:00:00,2022,2,2,Nottingham Forest,Everton,0.799733,1.70877,0.1136,0.2522,0.6342,10,10,4,3,5,12,7.9091,6.9048,2023,3,N,1,1,4,0,2.508503,-0.9090369999999999,0.4,0.3
2023-03-05 16:30:00,2022,7,0,Liverpool,Manchester United,3.44269,0.837542,0.9027,0.0679,0.0294,18,8,8,4,14,3,13.2105,5.9565,2023,3,V,3,0,7,7,4.280232,2.605148,0.444,0.5
2023-03-06 20:00:00,2022,3,2,Brentford,Fulham,2.44358,1.67531,0.5684,0.2384,0.1932,14,9,6,5,7,3,4.5217,6.2105,2023,3,V,3,0,5,1,4.11889,0.7682699999999998,0.429,0.556
2023-03-11 12:30:00,2022,1,0,Bournemouth,Liverpool,1.10128,2.13465,0.1228,0.2227,0.6545,5,15,2,6,1,12,5.0,24.328687499999997,2023,3,V,3,0,1,1,3.23593,-1.0333700000000001,0.4,0.4
2023-03-11 15:00:00,2022,1,0,Everton,Brentford,1.71599,1.95088,0.3049,0.261,0.4341,13,12,6,4,0,7,6.0556,11.5,2023,3,V,3,0,1,1,3.66687,-0.23489000000000004,0.462,0.333
2023-03-11 15:00:00,2022,2,2,Leeds,Brighton,0.596738,1.51388,0.1289,0.2323,0.6388,12,14,4,2,9,10,7.88,11.6897,2023,3,N,1,1,4,0,2.1106179999999997,-0.9171419999999999,0.333,0.143
2023-03-11 15:00:00,2022,1,3,Leicester,Chelsea,2.36139,1.49478,0.6059,0.2194,0.1747,17,12,7,6,6,6,13.1818,10.6774,2023,3,D,0,3,4,-2,3.85617,0.8666100000000001,0.412,0.5
2023-03-11 15:00:00,2022,3,1,Tottenham,Nottingham Forest,1.73482,1.62805,0.3636,0.305,0.3314,15,9,7,5,10,6,16.2632,8.75,2023,3,V,3,0,4,2,3.36287,0.10677000000000003,0.467,0.556
2023-03-11 17:30:00,2022,0,1,Crystal Palace,Manchester City,0.185498,2.1884,0.0116,0.0758,0.9126,4,14,0,4,0,8,5.4333,17.4118,2023,3,D,0,3,1,-1,2.373898,-2.002902,0.0,0.286
2023-03-12 14:00:00,2022,0,3,Fulham,Arsenal,0.61832,2.64355,0.0328,0.1033,0.8639,12,15,2,7,5,20,11.0435,17.05,2023,3,D,0,3,3,-3,3.26187,-2.0252299999999996,0.167,0.467
2023-03-12 14:00:00,2022,0,0,Manchester United,Southampton,0.910911,1.18053,0.2713,0.3138,0.4149,10,17,4,4,8,4,8.92,9.1538,2023,3,N,1,1,0,0,2.091441,-0.26961900000000005,0.4,0.235
2023-03-12 14:00:00,2022,1,1,West Ham,Aston Villa,2.14634,1.99139,0.4022,0.2566,0.3412,17,12,6,4,3,10,23.0,12.3704,2023,3,N,1,1,2,0,4.1377299999999995,0.15494999999999992,0.353,0.333
2023-03-12 16:30:00,2022,2,1,Newcastle United,Wolverhampton Wanderers,2.45527,0.709895,0.7916,0.1474,0.061,19,7,8,4,12,3,13.0909,10.6522,2023,3,V,3,0,3,1,3.165165,1.7453750000000001,0.421,0.571
2023-03-15 19:30:00,2022,0,2,Southampton,Brentford,0.358977,1.66591,0.0268,0.1534,0.8198,7,11,1,5,6,4,11.8077,5.4,2023,3,D,0,3,2,-2,2.024887,-1.306933,0.143,0.455
2023-03-15 19:30:00,2022,1,0,Brighton,Crystal Palace,0.588727,1.21452,0.1611,0.2961,0.5428,11,11,5,3,5,7,10.5,8.4815,2023,3,V,3,0,1,1,1.803247,-0.625793,0.455,0.273
2023-03-17 20:00:00,2022,1,2,Nottingham Forest,Newcastle United,0.531985,2.50027,0.0273,0.1053,0.8674,5,15,3,4,3,15,4.9259,10.8182,2023,3,D,0,3,3,-1,3.032255,-1.9682849999999998,0.6,0.267
2023-03-18 15:00:00,2022,3,0,Aston Villa,Bournemouth,3.45474,0.50014,0.9472,0.0425,0.0103,20,9,9,3,16,5,7.7714,8.24,2023,3,V,3,0,3,3,3.95488,2.9546,0.45,0.333
2023-03-18 15:00:00,2022,1,1,Brentford,Leicester,0.476467,1.42133,0.1013,0.2484,0.6503,11,14,2,1,7,5,9.88,9.1333,2023,3,N,1,1,2,0,1.897797,-0.944863,0.182,0.071
2023-03-18 15:00:00,2022,3,3,Southampton,Tottenham,2.52077,1.88473,0.5397,0.2182,0.2421,19,17,7,3,12,6,7.5769,10.4444,2023,3,N,1,1,6,0,4.4055,0.6360400000000002,0.368,0.176
2023-03-18 15:00:00,2022,2,4,Wolverhampton Wanderers,Leeds,2.76358,1.6549,0.6326,0.1942,0.1732,23,11,8,4,11,3,18.5,4.4667,2023,3,D,0,3,6,-2,4.418480000000001,1.10868,0.348,0.364
2023-03-18 17:30:00,2022,2,2,Chelsea,Everton,1.90027,1.64675,0.4255,0.2703,0.3042,20,12,7,3,9,1,12.9583,7.1333,2023,3,N,1,1,4,0,3.54702,0.25351999999999997,0.35,0.25
2023-03-19 14:00:00,2022,4,1,Arsenal,Crystal Palace,1.53568,1.19194,0.438,0.2882,0.2738,15,8,5,4,13,5,17.2222,12.6875,2023,3,V,3,0,5,3,2.72762,0.34373999999999993,0.333,0.5
2023-04-01 11:30:00,2022,4,1,Manchester City,Liverpool,3.01243,0.318171,0.9428,0.0485,0.0087,17,4,8,1,18,3,25.4444,11.0,2023,4,V,3,0,5,3,3.330601,2.694259,0.471,0.25
2023-04-01 14:00:00,2022,4,1,Arsenal,Leeds,3.29548,0.497609,0.9456,0.0454,0.009,13,7,6,5,6,6,16.8,8.4444,2023,4,V,3,0,5,3,3.793089,2.7978709999999998,0.462,0.714
2023-04-01 14:00:00,2022,2,1,Bournemouth,Fulham,3.14054,0.601049,0.947,0.0429,0.0101,12,10,7,2,10,6,7.0385,12.0417,2023,4,V,3,0,3,1,3.7415890000000003,2.539491,0.583,0.2
2023-04-01 14:00:00,2022,3,3,Brighton,Brentford,3.8195,1.2788,0.8751,0.0894,0.0355,33,7,15,5,11,4,11.9565,6.3125,2023,4,N,1,1,6,0,5.0983,2.5407,0.455,0.714
2023-04-01 14:00:00,2022,2,1,Crystal Palace,Leicester,1.93471,0.198959,0.8241,0.151,0.0249,31,3,9,2,14,2,8.4074,12.9524,2023,4,V,3,0,3,1,2.133669,1.735751,0.29,0.667
2023-04-01 14:00:00,2022,1,1,Nottingham Forest,Wolverhampton Wanderers,1.11441,0.383739,0.5567,0.3262,0.1171,17,8,7,1,5,5,5.5,16.3077,2023,4,N,1,1,2,0,1.498149,0.7306709999999998,0.412,0.125
2023-04-01 16:30:00,2022,0,2,Chelsea,Aston Villa,2.38024,0.765794,0.7612,0.1654,0.0734,27,5,8,2,19,2,12.2917,4.5429,2023,4,D,0,3,2,-2,3.146034,1.614446,0.296,0.4
2023-04-02 13:00:00,2022,1,0,West Ham,Southampton,1.40363,0.318261,0.6879,0.243,0.0691,12,9,2,3,3,3,7.7586,8.973,2023,4,V,3,0,1,1,1.7218909999999998,1.085369,0.167,0.333
2023-04-02 15:30:00,2022,2,0,Newcastle United,Manchester United,3.33162,0.334127,0.9585,0.0373,0.0042,22,6,6,1,11,5,6.2308,7.3235,2023,4,V,3,0,2,2,3.665747,2.997493,0.273,0.167
2023-04-03 19:00:00,2022,1,1,Everton,Tottenham,0.823365,1.39177,0.1746,0.284,0.5414,15,8,6,2,7,9,8.6111,12.6552,2023,4,N,1,1,2,0,2.215135,-0.5684049999999999,0.4,0.25
2023-04-04 18:45:00,2022,1,2,Leicester,Aston Villa,0.671597,1.00159,0.2261,0.3348,0.4391,9,15,4,5,2,11,10.4,10.2222,2023,4,D,0,3,3,-1,1.673187,-0.329993,0.444,0.333
2023-04-04 18:45:00,2022,0,2,Bournemouth,Brighton,1.15322,2.63392,0.0954,0.1605,0.7441,14,16,3,6,7,13,11.0,11.5,2023,4,D,0,3,2,-2,3.78714,-1.4807,0.214,0.375
2023-04-04 18:45:00,2022,2,1,Leeds,Nottingham Forest,2.43248,0.613917,0.8207,0.129,0.0503,21,13,6,1,12,4,10.4348,5.3929,2023,4,V,3,0,3,1,3.046397,1.818563,0.286,0.077
2023-04-04 19:00:00,2022,0,0,Chelsea,Liverpool,2.18903,0.202217,0.8998,0.0894,0.0108,12,7,3,4,12,8,10.4194,15.75,2023,4,N,1,1,0,0,2.391247,1.9868129999999997,0.25,0.571
2023-04-05 19:00:00,2022,1,5,West Ham,Newcastle United,0.83342,2.84091,0.0388,0.1129,0.8483,7,15,2,8,3,11,6.36,11.5833,2023,4,D,0,3,6,-4,3.6743300000000003,-2.0074899999999998,0.286,0.533
2023-04-05 19:00:00,2022,1,0,Manchester United,Brentford,1.1445,0.64499,0.4718,0.3392,0.189,18,6,3,1,12,2,17.7059,9.4737,2023,4,V,3,0,1,1,1.78949,0.4995100000000001,0.167,0.167
2023-04-08 11:30:00,2022,2,0,Manchester United,Everton,4.38578,0.949183,0.9363,0.0453,0.0184,29,15,11,1,18,4,12.2143,10.6429,2023,4,V,3,0,2,2,5.334962999999999,3.4365969999999995,0.379,0.067
2023-04-08 14:00:00,2022,2,0,Aston Villa,Nottingham Forest,1.42718,0.232452,0.7383,0.2184,0.0433,8,6,3,2,8,1,12.3913,6.0526,2023,4,V,3,0,2,2,1.6596319999999998,1.194728,0.375,0.333
2023-04-08 14:00:00,2022,1,2,Brentford,Newcastle United,2.06521,1.02337,0.6806,0.207,0.1124,12,10,6,4,5,9,5.4815,12.5625,2023,4,D,0,3,3,-1,3.08858,1.04184,0.5,0.4
2023-04-08 14:00:00,2022,0,1,Fulham,West Ham,0.456524,1.23261,0.1188,0.2784,0.6028,16,9,3,5,9,4,16.5789,4.2778,2023,4,D,0,3,1,-1,1.689134,-0.776086,0.188,0.556
2023-04-08 14:00:00,2022,0,1,Leicester,Bournemouth,0.731965,1.92396,0.1123,0.2085,0.6792,14,19,4,7,5,7,10.6818,12.1765,2023,4,D,0,3,1,-1,2.655925,-1.191995,0.286,0.368
2023-04-08 14:00:00,2022,2,1,Tottenham,Brighton,0.594139,1.47549,0.1236,0.2613,0.6151,9,17,3,4,7,10,6.3929,13.5714,2023,4,V,3,0,3,1,2.069629,-0.881351,0.333,0.235
2023-04-08 14:00:00,2022,1,0,Wolverhampton Wanderers,Chelsea,0.601153,0.815308,0.2479,0.3819,0.3702,9,13,4,1,3,14,10.1765,10.0357,2023,4,V,3,0,1,1,1.416461,-0.21415499999999998,0.444,0.077
2023-04-08 16:30:00,2022,1,4,Southampton,Manchester City,0.492801,3.05999,0.0084,0.0519,0.9397,4,13,1,8,1,11,8.8889,24.328687499999997,2023,4,D,0,3,5,-3,3.552791,-2.567189,0.25,0.615
2023-04-09 13:00:00,2022,1,5,Leeds,Crystal Palace,1.02075,3.22687,0.0363,0.0999,0.8638,11,16,7,8,7,6,11.0,5.186,2023,4,D,0,3,6,-4,4.2476199999999995,-2.20612,0.636,0.5
2023-04-09 15:30:00,2022,2,2,Liverpool,Arsenal,4.64012,1.53631,0.9331,0.0484,0.0185,21,9,6,5,19,1,13.2381,7.4231,2023,4,N,1,1,4,0,6.17643,3.1038099999999993,0.286,0.556
2023-04-15 11:30:00,2022,3,0,Aston Villa,Newcastle United,1.91802,0.425086,0.7878,0.1598,0.0524,15,8,6,2,12,6,5.7632,6.963,2023,4,V,3,0,3,3,2.343106,1.492934,0.4,0.25
2023-04-15 14:00:00,2022,1,2,Chelsea,Brighton,0.46331,2.52107,0.0348,0.1111,0.8541,8,26,2,10,6,11,10.375,15.55,2023,4,D,0,3,3,-1,2.98438,-2.05776,0.25,0.385
2023-04-15 14:00:00,2022,1,3,Everton,Fulham,2.24262,1.92209,0.4638,0.2338,0.3024,15,20,7,7,5,8,13.4667,13.5625,2023,4,D,0,3,4,-2,4.16471,0.32053,0.467,0.35
2023-04-15 14:00:00,2022,0,2,Southampton,Crystal Palace,0.678449,0.86306,0.241,0.3639,0.3951,11,9,4,2,9,8,9.0909,8.4783,2023,4,D,0,3,2,-2,1.541509,-0.18461100000000008,0.364,0.222
2023-04-15 14:00:00,2022,2,3,Tottenham,Bournemouth,2.30604,1.20598,0.6307,0.2053,0.164,24,9,8,6,8,5,13.1579,8.9091,2023,4,D,0,3,5,-1,3.5120199999999997,1.1000599999999998,0.333,0.667
2023-04-15 14:00:00,2022,2,0,Wolverhampton Wanderers,Brentford,0.93912,1.5133,0.1812,0.294,0.5248,11,10,9,3,3,4,12.9524,14.0,2023,4,V,3,0,2,2,2.45242,-0.5741800000000001,0.818,0.3
2023-04-15 16:30:00,2022,3,1,Manchester City,Leicester,1.60702,1.92692,0.2627,0.3,0.4373,12,10,4,4,2,7,21.7895,9.6,2023,4,V,3,0,4,2,3.53394,-0.3199000000000001,0.333,0.4
2023-04-16 13:00:00,2022,2,2,West Ham,Arsenal,1.96095,2.71782,0.1874,0.2299,0.5827,16,11,3,5,4,10,6.5,15.8,2023,4,N,1,1,4,0,4.67877,-0.7568700000000002,0.188,0.455
2023-04-16 15:30:00,2022,0,2,Nottingham Forest,Manchester United,1.05289,3.33747,0.0346,0.0984,0.867,6,22,0,8,5,17,6.8889,16.5294,2023,4,D,0,3,2,-2,4.39036,-2.28458,0.0,0.364
2023-04-17 19:00:00,2022,1,6,Leeds,Liverpool,1.16748,2.65476,0.0965,0.1659,0.7376,13,13,3,7,2,13,4.2813,24.328687499999997,2023,4,D,0,3,7,-5,3.82224,-1.48728,0.231,0.538
2023-04-21 19:00:00,2022,3,3,Arsenal,Southampton,2.39609,1.43063,0.6053,0.2205,0.1742,25,8,6,6,23,3,18.9286,4.16,2023,4,N,1,1,6,0,3.82672,0.96546,0.24,0.75
2023-04-22 11:30:00,2022,2,1,Fulham,Leeds,1.43763,1.07482,0.444,0.3467,0.2093,12,10,5,2,1,4,6.3125,12.1765,2023,4,V,3,0,3,1,2.5124500000000003,0.36280999999999985,0.417,0.2
2023-04-22 14:00:00,2022,1,1,Brentford,Aston Villa,2.03162,1.66602,0.4558,0.2414,0.3028,16,14,5,2,7,4,8.3125,9.2308,2023,4,N,1,1,2,0,3.6976400000000003,0.36560000000000015,0.312,0.143
2023-04-22 14:00:00,2022,0,0,Crystal Palace,Everton,0.368137,0.433712,0.2205,0.5156,0.2639,12,10,2,5,5,3,8.8182,9.4375,2023,4,N,1,1,0,0,0.801849,-0.065575,0.167,0.5
2023-04-22 14:00:00,2022,2,1,Leicester,Wolverhampton Wanderers,2.66929,0.59626,0.8827,0.0886,0.0287,15,16,8,3,5,5,6.4828,14.1579,2023,4,V,3,0,3,1,3.26555,2.07303,0.533,0.188
2023-04-22 14:00:00,2022,3,2,Liverpool,Nottingham Forest,3.32745,0.724666,0.9207,0.0591,0.0202,18,11,6,5,11,8,27.855400000000003,2.5294,2023,4,V,3,0,5,1,4.052116,2.6027839999999998,0.333,0.455
2023-04-23 13:00:00,2022,0,4,Bournemouth,West Ham,0.974687,2.52322,0.0926,0.159,0.7484,17,18,5,10,8,8,14.0,9.3529,2023,4,D,0,3,4,-4,3.4979069999999997,-1.548533,0.294,0.556
2023-04-23 13:00:00,2022,6,1,Newcastle United,Tottenham,3.98532,0.883001,0.9289,0.0521,0.019,25,11,8,3,12,2,14.1667,14.1765,2023,4,V,3,0,7,5,4.868321,3.102319,0.32,0.273
2023-04-25 18:30:00,2022,2,0,Wolverhampton Wanderers,Crystal Palace,1.12829,0.580294,0.5456,0.3095,0.1449,9,14,3,4,3,5,8.75,9.5,2023,4,V,3,0,2,2,1.708584,0.547996,0.333,0.286
2023-04-25 18:45:00,2022,1,0,Aston Villa,Fulham,0.839159,0.079864,0.546,0.4254,0.0286,14,1,3,0,7,1,8.125,15.3125,2023,4,V,3,0,1,1,0.919023,0.7592949999999999,0.214,0.0
2023-04-25 19:00:00,2022,1,1,Leeds,Leicester,2.09645,2.08594,0.3848,0.2356,0.3796,13,15,3,3,2,7,5.12,7.2759,2023,4,N,1,1,2,0,4.18239,0.01051000000000002,0.231,0.2
2023-04-26 18:30:00,2022,3,1,Nottingham Forest,Brighton,2.43846,2.33064,0.4038,0.247,0.3492,12,17,5,7,6,15,4.52,20.35,2023,4,V,3,0,4,2,4.7691,0.10782000000000025,0.417,0.412
2023-04-26 18:45:00,2022,1,2,West Ham,Liverpool,0.939348,1.7045,0.1609,0.2635,0.5756,7,20,2,4,2,12,4.7813,24.328687499999997,2023,4,D,0,3,3,-1,2.6438479999999998,-0.7651519999999999,0.286,0.2
2023-04-26 18:45:00,2022,0,2,Chelsea,Brentford,1.21124,0.695344,0.5025,0.305,0.1925,15,7,4,1,10,3,14.4,8.3333,2023,4,D,0,3,2,-2,1.906584,0.5158960000000001,0.267,0.143
2023-04-26 19:00:00,2022,4,1,Manchester City,Arsenal,2.01168,0.398372,0.7958,0.1569,0.0473,14,8,9,2,9,6,16.8421,10.4643,2023,4,V,3,0,5,3,2.4100520000000003,1.6133080000000002,0.643,0.25
2023-04-27 18:45:00,2022,1,4,Everton,Newcastle United,0.777008,2.86368,0.0286,0.0922,0.8792,13,15,5,9,6,9,9.0,11.3636,2023,4,D,0,3,5,-3,3.640688,-2.086672,0.385,0.6
2023-04-27 18:45:00,2022,0,1,Southampton,Bournemouth,0.477034,0.988554,0.1707,0.3469,0.4824,11,16,2,2,5,5,10.2222,7.8846,2023,4,D,0,3,1,-1,1.4655880000000001,-0.51152,0.182,0.125
2023-04-27 19:15:00,2022,2,2,Tottenham,Manchester United,2.37239,1.96508,0.4766,0.2343,0.2891,18,17,7,8,2,12,12.4706,15.2857,2023,4,N,1,1,4,0,4.33747,0.4073100000000003,0.389,0.471
2023-04-29 11:30:00,2022,4,3,Crystal Palace,West Ham,2.31888,1.98262,0.4401,0.2774,0.2825,16,8,6,4,13,1,8.75,7.55,2023,4,V,3,0,7,1,4.3015,0.33626,0.375,0.5
2023-04-29 14:00:00,2022,2,1,Brentford,Nottingham Forest,1.32059,0.939693,0.4482,0.3423,0.2095,14,5,8,3,5,3,18.75,11.5833,2023,4,V,3,0,3,1,2.260283,0.38089699999999993,0.571,0.6
2023-04-29 14:00:00,2022,6,0,Brighton,Wolverhampton Wanderers,3.60471,0.603985,0.9381,0.0461,0.0158,22,10,8,2,12,3,15.2857,7.1333,2023,4,V,3,0,6,6,4.208695,3.000725,0.364,0.2
2023-04-30 13:00:00,2022,4,1,Bournemouth,Leeds,2.51723,1.33691,0.6689,0.1998,0.1313,12,15,7,6,8,9,6.871,12.55,2023,4,V,3,0,5,3,3.85414,1.18032,0.583,0.4
2023-04-30 13:00:00,2022,1,2,Fulham,Manchester City,0.431813,2.32338,0.0184,0.0981,0.8835,4,12,1,9,2,11,9.3333,18.9524,2023,4,D,0,3,3,-1,2.755193,-1.8915669999999998,0.25,0.75
2023-04-30 13:00:00,2022,1,0,Manchester United,Aston Villa,1.3056,0.434738,0.6111,0.282,0.1069,14,7,6,1,12,4,23.6429,9.56,2023,4,V,3,0,1,1,1.7403380000000002,0.870862,0.429,0.143
2023-04-30 13:00:00,2022,3,1,Newcastle United,Southampton,3.91457,0.897175,0.9711,0.0256,0.0033,22,4,5,3,12,4,15.3529,6.08,2023,4,V,3,0,4,2,4.811745,3.017395,0.227,0.75
2023-04-30 15:30:00,2022,4,3,Liverpool,Tottenham,2.42911,1.44927,0.6313,0.205,0.1637,12,10,4,7,7,3,27.7333,8.75,2023,4,V,3,0,7,1,3.87838,0.97984,0.333,0.7
2023-05-01 19:00:00,2022,2,2,Leicester,Everton,3.32486,3.28648,0.3878,0.2549,0.3573,15,23,6,8,5,9,8.6923,7.5238,2023,5,N,1,1,4,0,6.61134,0.03838000000000008,0.4,0.348
2023-05-02 19:00:00,2022,3,1,Arsenal,Chelsea,2.7832,0.785202,0.8352,0.1143,0.0505,16,7,10,4,13,8,23.7692,12.4583,2023,5,V,3,0,4,2,3.568402,1.997998,0.625,0.571
2023-05-03 19:00:00,2022,1,0,Liverpool,Fulham,1.67372,0.740125,0.641,0.2473,0.1117,15,9,3,3,10,4,27.855400000000003,9.9643,2023,5,V,3,0,1,1,2.4138450000000002,0.9335950000000001,0.2,0.333
2023-05-03 19:00:00,2022,3,0,Manchester City,West Ham,2.99908,0.492075,0.9124,0.0699,0.0177,16,6,7,2,15,2,27.855400000000003,6.8333,2023,5,V,3,0,3,3,3.491155,2.5070050000000004,0.438,0.333
2023-05-04 19:00:00,2022,1,0,Brighton,Manchester United,2.09953,1.32105,0.5709,0.2314,0.1977,22,16,6,5,6,9,17.0952,6.6429,2023,5,V,3,0,1,1,3.42058,0.7784800000000001,0.273,0.312
2023-05-06 14:00:00,2022,1,3,Bournemouth,Chelsea,1.21755,1.76852,0.2269,0.2578,0.5153,10,11,4,5,9,13,6.3478,19.3125,2023,5,D,0,3,4,-2,2.98607,-0.5509700000000002,0.4,0.455
2023-05-06 14:00:00,2022,2,1,Manchester City,Leeds,2.83472,0.140924,0.9595,0.0363,0.0042,18,4,6,2,14,0,22.8421,7.5,2023,5,V,3,0,3,1,2.975644,2.693796,0.333,0.5
2023-05-06 14:00:00,2022,1,0,Tottenham,Crystal Palace,1.15665,0.306669,0.6238,0.2913,0.0849,8,7,3,2,1,4,10.7931,7.8148,2023,5,V,3,0,1,1,1.463319,0.8499809999999999,0.375,0.286
2023-05-06 14:00:00,2022,1,0,Wolverhampton Wanderers,Aston Villa,0.80605,1.50158,0.1767,0.2772,0.5461,6,16,2,3,2,7,7.1429,8.3571,2023,5,V,3,0,1,1,2.30763,-0.6955299999999999,0.333,0.188
2023-05-06 16:30:00,2022,1,0,Liverpool,Brentford,1.992,0.183892,0.9264,0.066,0.0076,15,5,5,1,13,3,9.0,7.6957,2023,5,V,3,0,1,1,2.175892,1.808108,0.333,0.2
2023-05-07 15:30:00,2022,0,2,Newcastle United,Arsenal,1.37224,1.29061,0.3739,0.2886,0.3375,12,10,5,6,11,8,7.9615,8.2083,2023,5,D,0,3,2,-2,2.6628499999999997,0.08162999999999987,0.417,0.6
2023-05-07 18:00:00,2022,1,0,West Ham,Manchester United,1.76618,1.1942,0.531,0.2501,0.2189,15,19,4,4,4,15,7.7391,24.328687499999997,2023,5,V,3,0,1,1,2.96038,0.5719800000000002,0.267,0.211
2023-05-08 14:00:00,2022,5,3,Fulham,Leicester,1.75276,2.92566,0.1436,0.1852,0.6712,17,18,7,9,10,4,10.6429,7.2963,2023,5,V,3,0,8,2,4.67842,-1.1729,0.412,0.5
2023-05-08 16:30:00,2022,1,5,Brighton,Everton,3.23717,2.94223,0.4391,0.232,0.3289,23,10,5,5,16,10,17.05,3.0588,2023,5,D,0,3,6,-4,6.179399999999999,0.29494,0.217,0.5
2023-05-08 19:00:00,2022,4,3,Nottingham Forest,Southampton,1.91326,3.31096,0.1255,0.1743,0.7002,9,19,4,5,8,12,10.8571,13.0,2023,5,V,3,0,7,1,5.22422,-1.3977000000000002,0.444,0.263
2023-05-13 11:30:00,2022,2,2,Leeds,Newcastle United,2.01567,2.35118,0.2582,0.3062,0.4356,9,18,4,5,5,9,3.6207,7.8929,2023,5,N,1,1,4,0,4.3668499999999995,-0.33550999999999975,0.444,0.278
2023-05-13 14:00:00,2022,2,1,Aston Villa,Tottenham,1.79987,1.18505,0.5362,0.281,0.1828,8,5,4,2,10,6,8.875,10.4231,2023,5,V,3,0,3,1,2.98492,0.6148200000000001,0.5,0.4
2023-05-13 14:00:00,2022,2,2,Chelsea,Nottingham Forest,0.999181,1.96797,0.1474,0.2098,0.6428,14,11,6,2,10,2,13.8846,5.15,2023,5,N,1,1,4,0,2.967151,-0.968789,0.429,0.182
2023-05-13 14:00:00,2022,2,0,Crystal Palace,Bournemouth,1.40237,0.262022,0.7151,0.2341,0.0508,17,5,5,0,9,5,13.3478,14.3158,2023,5,V,3,0,2,2,1.6643919999999999,1.140348,0.294,0.0
2023-05-13 14:00:00,2022,2,0,Manchester United,Wolverhampton Wanderers,3.10118,0.268789,0.9466,0.0458,0.0076,27,5,9,0,13,4,13.5,8.5806,2023,5,V,3,0,2,2,3.3699689999999998,2.832391,0.333,0.0
2023-05-13 14:00:00,2022,0,2,Southampton,Fulham,0.149649,1.27085,0.0341,0.2317,0.7342,5,9,1,4,0,11,7.8696,12.7778,2023,5,D,0,3,2,-2,1.420499,-1.1212010000000001,0.2,0.444
2023-05-14 13:00:00,2022,2,0,Brentford,West Ham,4.42571,0.203312,0.9953,0.0042,0.0005,24,4,10,4,7,2,19.1333,12.9474,2023,5,V,3,0,2,2,4.629022,4.222397999999999,0.417,1.0
2023-05-14 13:00:00,2022,0,3,Everton,Manchester City,1.18597,1.04338,0.3704,0.3466,0.283,7,9,3,4,1,9,17.1538,24.328687499999997,2023,5,D,0,3,3,-3,2.22935,0.14259,0.429,0.444
2023-05-14 15:30:00,2022,0,3,Arsenal,Brighton,0.958651,2.21276,0.1098,0.1901,0.7001,14,12,2,6,8,2,9.55,10.4848,2023,5,D,0,3,3,-3,3.171411,-1.2541089999999997,0.143,0.5
2023-05-15 19:00:00,2022,0,3,Leicester,Liverpool,0.527496,1.77085,0.081,0.21,0.709,4,16,4,5,3,13,5.4667,12.1667,2023,5,D,0,3,3,-3,2.298346,-1.243354,1.0,0.312
2023-05-18 18:30:00,2022,4,1,Newcastle United,Brighton,4.11359,0.593493,0.9688,0.0256,0.0056,22,8,9,2,15,2,7.0,9.2703,2023,5,V,3,0,5,3,4.707083000000001,3.5200970000000003,0.409,0.25
2023-05-20 11:30:00,2022,1,3,Tottenham,Brentford,1.61667,1.15344,0.4731,0.2743,0.2526,21,11,8,4,3,5,19.625,13.2667,2023,5,D,0,3,4,-2,2.77011,0.46323000000000003,0.381,0.364
2023-05-20 14:00:00,2022,0,1,Bournemouth,Manchester United,0.815723,1.71783,0.1472,0.2468,0.606,10,20,4,5,8,12,13.2273,20.0,2023,5,D,0,3,1,-1,2.533553,-0.902107,0.4,0.25
2023-05-20 14:00:00,2022,2,2,Fulham,Crystal Palace,1.95519,1.70785,0.4194,0.3021,0.2785,11,11,4,5,12,10,11.9333,9.1364,2023,5,N,1,1,4,0,3.66304,0.2473399999999999,0.364,0.455
2023-05-20 14:00:00,2022,1,1,Liverpool,Aston Villa,0.918508,1.46948,0.1667,0.311,0.5223,10,6,5,3,10,2,12.6818,3.0789,2023,5,N,1,1,2,0,2.387988,-0.5509719999999999,0.5,0.5
2023-05-20 14:00:00,2022,1,1,Wolverhampton Wanderers,Everton,1.28976,2.46976,0.1332,0.1917,0.6751,13,19,5,4,6,9,9.0313,8.1905,2023,5,N,1,1,2,0,3.75952,-1.18,0.385,0.211
2023-05-20 16:30:00,2022,1,0,Nottingham Forest,Arsenal,1.1397,0.4902,0.5664,0.3,0.1336,6,11,2,3,5,11,2.7895,16.8824,2023,5,V,3,0,1,1,1.6299,0.6495,0.333,0.273
2023-05-21 12:30:00,2022,3,1,West Ham,Leeds,2.48001,0.645828,0.8262,0.1234,0.0504,19,12,8,3,15,8,9.8966,9.7059,2023,5,V,3,0,4,2,3.125838,1.8341820000000002,0.421,0.25
2023-05-21 13:00:00,2022,3,1,Brighton,Southampton,2.41418,0.863659,0.7403,0.1748,0.0849,26,5,8,1,22,2,19.1111,10.8571,2023,5,V,3,0,4,2,3.277839,1.550521,0.308,0.2
2023-05-21 15:00:00,2022,1,0,Manchester City,Chelsea,1.20557,1.15648,0.3649,0.2926,0.3425,15,13,2,6,12,7,22.8421,9.6957,2023,5,V,3,0,1,1,2.36205,0.04909000000000008,0.133,0.462
2023-05-22 19:00:00,2022,0,0,Newcastle United,Leicester,2.05089,0.0839072,0.896,0.0971,0.0069,23,1,4,1,13,0,27.855400000000003,4.1875,2023,5,N,1,1,0,0,2.1347972,1.9669827999999998,0.174,1.0
2023-05-24 19:00:00,2022,1,1,Brighton,Manchester City,2.11486,1.92973,0.4155,0.2416,0.3429,20,13,7,4,6,9,13.0667,11.8788,2023,5,N,1,1,2,0,4.04459,0.18513000000000024,0.35,0.308
2023-05-25 19:00:00,2022,4,1,Manchester United,Chelsea,4.92231,1.68364,0.9468,0.0385,0.0147,18,13,9,5,18,11,11.7,14.5385,2023,5,V,3,0,5,3,6.60595,3.2386700000000004,0.5,0.385
2023-05-28 15:30:00,2022,5,0,Arsenal,Wolverhampton Wanderers,3.02466,0.38772,0.9405,0.0479,0.0116,14,6,8,0,12,3,15.9286,12.625,2023,5,V,3,0,5,5,3.4123799999999997,2.63694,0.571,0.0
2023-05-28 15:30:00,2022,2,1,Aston Villa,Brighton,2.55845,1.23117,0.7151,0.18,0.1049,12,8,5,4,9,3,5.9091,8.3226,2023,5,V,3,0,3,1,3.78962,1.32728,0.417,0.5
2023-05-28 15:30:00,2022,1,0,Brentford,Manchester City,1.43893,1.18649,0.4392,0.2769,0.2839,11,17,4,3,12,11,14.6667,8.125,2023,5,V,3,0,1,1,2.62542,0.25244,0.364,0.176
2023-05-28 15:30:00,2022,1,1,Chelsea,Newcastle United,2.01924,1.51899,0.4891,0.2383,0.2726,22,13,5,4,17,5,16.3333,6.7241,2023,5,N,1,1,2,0,3.53823,0.5002499999999999,0.227,0.308
2023-05-28 15:30:00,2022,1,1,Crystal Palace,Nottingham Forest,1.00786,0.436439,0.4983,0.3449,0.1568,16,7,4,4,11,1,16.5625,7.381,2023,5,N,1,1,2,0,1.444299,0.571421,0.25,0.571
2023-05-28 15:30:00,2022,1,0,Everton,Bournemouth,1.12933,0.432084,0.571,0.303,0.126,13,7,6,2,4,4,7.45,13.8846,2023,5,V,3,0,1,1,1.561414,0.6972459999999999,0.462,0.286
2023-05-28 15:30:00,2022,1,4,Leeds,Tottenham,1.19151,2.03315,0.1833,0.2159,0.6008,19,11,2,7,6,5,13.7333,8.6897,2023,5,D,0,3,5,-3,3.22466,-0.8416399999999999,0.105,0.636
2023-05-28 15:30:00,2022,2,1,Leicester,West Ham,2.03013,0.970352,0.6472,0.2106,0.1422,13,16,4,3,8,8,15.65,14.6667,2023,5,V,3,0,3,1,3.0004820000000003,1.059778,0.308,0.188
2023-05-28 15:30:00,2022,2,1,Manchester United,Fulham,2.74766,1.88167,0.5742,0.2159,0.2099,21,10,8,3,14,8,16.875,7.6774,2023,5,V,3,0,3,1,4.62933,0.8659900000000003,0.381,0.3
2023-05-28 15:30:00,2022,4,4,Southampton,Liverpool,1.33964,4.00345,0.0397,0.0762,0.8841,15,30,10,8,4,20,3.75,24.328687499999997,2023,5,N,1,1,8,0,5.34309,-2.66381,0.667,0.267
2023-08-11 19:00:00,2023,0,3,Burnley,Manchester City,0.311032,2.40074,0.0177,0.0854,0.8969,6,17,1,8,4,9,15.8,24.328687499999997,2023,8,D,0,3,3,-3,2.711772,-2.089708,0.167,0.471
2023-08-12 11:30:00,2023,2,1,Arsenal,Nottingham Forest,0.84262,0.966305,0.2797,0.3363,0.384,15,6,7,2,9,4,27.855400000000003,4.0,2023,8,V,3,0,3,1,1.808925,-0.12368499999999993,0.467,0.333
2023-08-12 14:00:00,2023,1,1,Bournemouth,West Ham,1.51025,1.4834,0.3559,0.3169,0.3272,14,16,5,3,9,8,9.7333,5.1111,2023,8,N,1,1,2,0,2.99365,0.02685000000000004,0.357,0.188
2023-08-12 14:00:00,2023,4,1,Brighton,Luton,4.36748,1.88594,0.879,0.0876,0.0334,27,9,12,3,17,5,23.0625,6.875,2023,8,V,3,0,5,3,6.253419999999999,2.48154,0.444,0.333
2023-08-12 14:00:00,2023,0,1,Everton,Fulham,2.59001,1.58144,0.6371,0.1989,0.164,19,9,9,2,7,6,17.4,14.8261,2023,8,D,0,3,1,-1,4.17145,1.00857,0.474,0.222
2023-08-12 14:00:00,2023,0,1,Sheffield United,Crystal Palace,0.422704,2.27616,0.0358,0.1179,0.8463,8,24,1,8,2,9,4.3913,14.1818,2023,8,D,0,3,1,-1,2.698864,-1.853456,0.125,0.333
2023-08-12 16:30:00,2023,5,1,Newcastle United,Aston Villa,4.32208,1.486,0.8987,0.0665,0.0348,17,15,13,5,9,6,11.5714,15.0,2023,8,V,3,0,6,4,5.8080799999999995,2.83608,0.765,0.333
2023-08-13 13:00:00,2023,2,2,Brentford,Tottenham,1.90756,1.45316,0.4985,0.2608,0.2407,11,18,6,6,11,7,5.871,14.1,2023,8,N,1,1,4,0,3.3607199999999997,0.4543999999999999,0.545,0.333
2023-08-13 15:30:00,2023,1,1,Chelsea,Liverpool,1.93258,1.29994,0.5323,0.2472,0.2205,10,13,4,1,11,9,20.0476,8.9474,2023,8,N,1,1,2,0,3.23252,0.6326399999999999,0.4,0.077
2023-08-14 19:00:00,2023,1,0,Manchester United,Wolverhampton Wanderers,1.97087,1.72228,0.4419,0.2505,0.3076,15,23,3,6,16,12,13.5,7.2813,2023,8,V,3,0,1,1,3.69315,0.24858999999999987,0.2,0.261
2023-08-18 18:45:00,2023,2,1,Nottingham Forest,Sheffield United,1.37181,0.551038,0.5965,0.2786,0.1249,16,7,4,3,6,4,12.5263,15.8667,2023,8,V,3,0,3,1,1.9228480000000001,0.820772,0.25,0.429
2023-08-19 14:00:00,2023,1,4,Wolverhampton Wanderers,Brighton,2.68821,3.15562,0.3046,0.2057,0.4897,16,16,5,8,6,14,7.5143,13.625,2023,8,D,0,3,5,-3,5.8438300000000005,-0.46740999999999966,0.312,0.5
2023-08-19 14:00:00,2023,0,3,Fulham,Brentford,0.399899,3.46888,0.005,0.0284,0.9666,9,17,1,8,8,13,12.7895,10.4783,2023,8,D,0,3,3,-3,3.868779,-3.068981,0.111,0.471
2023-08-19 14:00:00,2023,3,1,Liverpool,Bournemouth,3.25448,1.3867,0.8032,0.1308,0.066,26,13,10,5,11,8,11.125,7.2609,2023,8,V,3,0,4,2,4.64118,1.86778,0.385,0.385
2023-08-19 16:30:00,2023,2,0,Tottenham,Manchester United,2.53904,2.44604,0.4211,0.2102,0.3687,17,22,6,6,12,12,12.52,9.85,2023,8,V,3,0,2,2,4.98508,0.09299999999999997,0.353,0.273
2023-08-19 19:00:00,2023,1,0,Manchester City,Newcastle United,1.22528,0.257154,0.6449,0.2857,0.0694,14,7,4,1,9,5,15.5185,13.619,2023,8,V,3,0,1,1,1.482434,0.9681259999999999,0.286,0.143
2023-08-20 13:00:00,2023,4,0,Aston Villa,Everton,3.24336,0.721465,0.9138,0.0655,0.0207,13,9,7,2,13,2,16.7391,17.0,2023,8,V,3,0,4,4,3.9648250000000003,2.5218949999999998,0.538,0.222
2023-08-20 15:30:00,2023,3,1,West Ham,Chelsea,1.71234,1.60916,0.3947,0.2905,0.3148,12,17,6,4,3,9,5.2727,24.328687499999997,2023,8,V,3,0,4,2,3.3215,0.10318000000000005,0.5,0.235
2023-08-21 19:00:00,2023,0,1,Crystal Palace,Arsenal,1.06916,2.20593,0.1279,0.1973,0.6748,14,14,2,3,10,7,9.6,14.375,2023,8,D,0,3,1,-1,3.27509,-1.1367699999999998,0.143,0.214
2023-08-25 19:00:00,2023,3,0,Chelsea,Luton,3.41419,0.465741,0.9422,0.0473,0.0105,19,11,8,1,17,4,19.1304,7.1,2023,8,V,3,0,3,3,3.879931,2.948449,0.421,0.091
2023-08-26 11:30:00,2023,0,2,Bournemouth,Tottenham,0.483582,2.26115,0.0438,0.129,0.8272,11,17,3,6,6,20,7.6923,10.1935,2023,8,D,0,3,2,-2,2.7447320000000004,-1.7775680000000003,0.273,0.353
2023-08-26 14:00:00,2023,2,2,Arsenal,Fulham,3.23088,0.849817,0.8911,0.0845,0.0244,19,8,11,3,22,2,27.855400000000003,8.0,2023,8,N,1,1,4,0,4.080697,2.381063,0.579,0.375
2023-08-26 14:00:00,2023,1,1,Brentford,Crystal Palace,0.948011,1.06061,0.3083,0.3264,0.3653,12,15,1,5,5,5,12.72,6.4,2023,8,N,1,1,2,0,2.008621,-0.112599,0.083,0.333
2023-08-26 14:00:00,2023,0,1,Everton,Wolverhampton Wanderers,1.89792,1.40228,0.4943,0.2476,0.2581,15,11,7,2,7,4,10.2105,13.0417,2023,8,D,0,3,1,-1,3.3002000000000002,0.4956400000000001,0.467,0.182
2023-08-26 14:00:00,2023,3,2,Manchester United,Nottingham Forest,3.02803,0.960354,0.861,0.1027,0.0363,18,9,9,4,13,5,19.8462,8.4211,2023,8,V,3,0,5,1,3.9883840000000004,2.067676,0.5,0.444
2023-08-26 16:30:00,2023,1,3,Brighton,West Ham,1.3743,2.9527,0.0988,0.1413,0.7599,26,12,10,7,23,7,27.855400000000003,3.8095,2023,8,D,0,3,4,-2,4.327,-1.5784,0.385,0.583
2023-08-27 13:00:00,2023,1,3,Burnley,Aston Villa,0.630605,2.83691,0.0221,0.0821,0.8958,9,16,2,6,8,9,24.3333,8.1935,2023,8,D,0,3,4,-2,3.467515,-2.206305,0.222,0.375
2023-08-27 13:00:00,2023,1,2,Sheffield United,Manchester City,0.762232,3.84804,0.0099,0.0443,0.9458,6,30,2,9,3,22,6.5714,24.328687499999997,2023,8,D,0,3,3,-1,4.610272,-3.085808,0.333,0.3
2023-08-27 15:30:00,2023,1,2,Newcastle United,Liverpool,1.62037,0.856121,0.5588,0.2581,0.1831,23,9,8,4,5,5,16.087,10.8095,2023,8,D,0,3,3,-1,2.476491,0.7642490000000001,0.348,0.444
2023-09-01 19:00:00,2023,1,2,Luton,West Ham,2.02244,1.22528,0.5814,0.2473,0.1713,16,9,1,3,8,6,6.8696,21.3125,2023,9,D,0,3,3,-1,3.24772,0.7971600000000001,0.062,0.333
2023-09-02 11:30:00,2023,2,2,Sheffield United,Everton,1.575,2.73871,0.1261,0.2031,0.6708,13,16,8,6,5,3,8.6538,12.8,2023,9,N,1,1,4,0,4.31371,-1.1637100000000002,0.615,0.375
2023-09-02 14:00:00,2023,5,1,Manchester City,Fulham,2.00152,1.46427,0.523,0.3082,0.1688,7,6,5,4,8,4,24.5,7.9643,2023,9,V,3,0,6,4,3.46579,0.5372500000000002,0.714,0.667
2023-09-02 14:00:00,2023,2,2,Brentford,Bournemouth,3.07185,2.11013,0.5993,0.2049,0.1958,21,12,7,5,15,5,14.0,5.7083,2023,9,N,1,1,4,0,5.181979999999999,0.9617200000000001,0.333,0.417
2023-09-02 14:00:00,2023,2,5,Burnley,Tottenham,1.66604,2.39785,0.2232,0.2163,0.5605,16,20,4,10,7,16,12.3182,8.3684,2023,9,D,0,3,7,-3,4.06389,-0.7318100000000001,0.25,0.5
2023-09-02 14:00:00,2023,0,1,Chelsea,Nottingham Forest,2.28442,1.1505,0.6607,0.2127,0.1266,21,7,2,3,18,2,19.2778,6.2105,2023,9,D,0,3,1,-1,3.43492,1.1339199999999998,0.095,0.429
2023-09-02 16:30:00,2023,3,1,Brighton,Newcastle United,1.32258,0.90476,0.4762,0.3005,0.2233,15,9,6,2,9,7,12.0,10.1111,2023,9,V,3,0,4,2,2.22734,0.4178200000000001,0.4,0.222
2023-09-03 13:00:00,2023,3,2,Crystal Palace,Wolverhampton Wanderers,2.32935,1.13911,0.6847,0.1878,0.1275,16,12,11,4,11,8,6.5862,11.84,2023,9,V,3,0,5,1,3.46846,1.1902399999999997,0.688,0.333
2023-09-03 13:00:00,2023,3,0,Liverpool,Aston Villa,2.73138,0.615503,0.8684,0.0998,0.0318,17,9,4,3,11,3,27.855400000000003,8.5517,2023,9,V,3,0,3,3,3.346883,2.1158770000000002,0.235,0.333
2023-09-03 15:30:00,2023,3,1,Arsenal,Manchester United,1.90973,0.966109,0.629,0.2273,0.1437,17,10,5,2,11,4,26.1,19.4375,2023,9,V,3,0,4,2,2.875839,0.9436209999999999,0.294,0.2
2023-09-16 11:30:00,2023,1,3,Wolverhampton Wanderers,Liverpool,0.538833,2.82701,0.0189,0.0705,0.9106,11,16,2,6,9,16,10.0,18.3636,2023,9,D,0,3,4,-2,3.365843,-2.288177,0.182,0.375
2023-09-16 14:00:00,2023,2,1,Tottenham,Sheffield United,2.15909,0.790655,0.7114,0.187,0.1016,28,7,10,5,21,4,14.5714,4.75,2023,9,V,3,0,3,1,2.949745,1.3684349999999998,0.357,0.714
2023-09-16 14:00:00,2023,1,3,West Ham,Manchester City,0.895632,4.15046,0.0123,0.0352,0.9525,6,29,3,15,1,16,11.4,24.328687499999997,2023,9,D,0,3,4,-2,5.046092,-3.254828,0.5,0.517
2023-09-16 14:00:00,2023,3,1,Aston Villa,Crystal Palace,2.31518,1.11696,0.6875,0.201,0.1115,16,6,5,3,14,7,9.5333,4.5484,2023,9,V,3,0,4,2,3.4321399999999995,1.1982199999999998,0.312,0.5
2023-09-16 14:00:00,2023,1,0,Fulham,Luton,1.75704,1.45705,0.4351,0.2865,0.2784,13,7,2,2,9,3,27.855400000000003,6.6111,2023,9,V,3,0,1,1,3.2140899999999997,0.29999,0.154,0.286
2023-09-16 14:00:00,2023,1,3,Manchester United,Brighton,0.719951,1.93908,0.1055,0.1835,0.711,14,10,4,8,5,4,13.1364,22.4783,2023,9,D,0,3,4,-2,2.6590309999999997,-1.219129,0.286,0.8
2023-09-16 16:30:00,2023,1,0,Newcastle United,Brentford,1.50126,0.633678,0.647,0.2452,0.1078,9,11,2,2,8,4,7.963,7.6522,2023,9,V,3,0,1,1,2.134938,0.8675820000000001,0.222,0.182
2023-09-17 13:00:00,2023,0,0,Bournemouth,Chelsea,1.32515,1.39677,0.348,0.2784,0.3736,13,14,4,6,9,17,5.7143,16.3333,2023,9,N,1,1,0,0,2.72192,-0.07162000000000002,0.308,0.429
2023-09-17 15:30:00,2023,0,1,Everton,Arsenal,0.28317,0.802605,0.112,0.414,0.474,8,13,1,4,3,10,7.0,23.7647,2023,9,D,0,3,1,-1,1.085775,-0.5194350000000001,0.125,0.308
2023-09-18 18:45:00,2023,1,1,Nottingham Forest,Burnley,0.705795,0.807651,0.2724,0.3669,0.3607,14,10,4,3,9,1,9.0,15.25,2023,9,N,1,1,2,0,1.513446,-0.10185600000000006,0.286,0.3
2023-09-23 14:00:00,2023,1,1,Luton,Wolverhampton Wanderers,2.24101,0.762984,0.7771,0.1815,0.0414,20,3,4,3,17,1,12.4,6.8214,2023,9,N,1,1,2,0,3.003994,1.4780260000000003,0.2,1.0
2023-09-23 14:00:00,2023,2,0,Manchester City,Nottingham Forest,1.33984,0.729109,0.5453,0.2792,0.1755,7,10,4,3,7,7,14.1579,21.0,2023,9,V,3,0,2,2,2.068949,0.6107309999999999,0.571,0.3
2023-09-23 14:00:00,2023,0,0,Crystal Palace,Fulham,0.37236,0.542678,0.1986,0.488,0.3134,7,10,3,5,3,9,9.1667,14.0556,2023,9,N,1,1,0,0,0.915038,-0.17031799999999997,0.429,0.5
2023-09-23 16:30:00,2023,1,3,Brentford,Everton,1.57402,2.51497,0.1704,0.2246,0.605,12,18,2,6,6,10,14.36,14.0,2023,9,D,0,3,4,-2,4.08899,-0.94095,0.167,0.333
2023-09-23 19:00:00,2023,0,1,Burnley,Manchester United,0.935444,0.840273,0.3571,0.3448,0.2981,12,11,4,4,8,9,20.8421,17.9231,2023,9,D,0,3,1,-1,1.7757170000000002,0.095171,0.333,0.364
2023-09-24 13:00:00,2023,0,1,Chelsea,Aston Villa,1.19716,1.13479,0.3746,0.2965,0.3289,10,15,4,7,8,6,21.7692,8.84,2023,9,D,0,3,1,-1,2.33195,0.062370000000000037,0.4,0.467
2023-09-24 13:00:00,2023,3,1,Brighton,Bournemouth,2.14533,1.58984,0.5233,0.2401,0.2366,13,12,4,4,8,4,10.0571,5.5714,2023,9,V,3,0,4,2,3.73517,0.55549,0.308,0.333
2023-09-24 13:00:00,2023,2,2,Arsenal,Tottenham,2.3429,2.21166,0.417,0.2392,0.3438,13,13,6,5,4,9,6.6786,9.0968,2023,9,N,1,1,4,0,4.55456,0.13124000000000002,0.462,0.385
2023-09-24 13:00:00,2023,3,1,Liverpool,West Ham,4.14262,1.53878,0.882,0.0793,0.0387,22,11,7,4,14,1,18.4,6.0571,2023,9,V,3,0,4,2,5.6814,2.60384,0.318,0.364
2023-09-24 15:30:00,2023,0,8,Sheffield United,Newcastle United,0.579392,5.1082,0.0032,0.0084,0.9884,9,22,1,15,5,11,8.7333,14.92,2023,9,D,0,3,8,-8,5.687592,-4.528808,0.111,0.682
2023-09-30 11:30:00,2023,6,1,Aston Villa,Brighton,1.90746,1.72819,0.4133,0.2584,0.3283,19,11,9,3,15,11,4.2941,9.7273,2023,9,V,3,0,7,5,3.63565,0.17927000000000004,0.474,0.273
2023-09-30 14:00:00,2023,1,2,Everton,Luton,3.65377,1.5102,0.85,0.1072,0.0428,23,9,5,2,11,1,12.5,5.6,2023,9,D,0,3,3,-1,5.16397,2.1435700000000004,0.217,0.222
2023-09-30 14:00:00,2023,0,1,Manchester United,Crystal Palace,1.55408,1.19015,0.4561,0.2712,0.2727,19,8,4,2,16,1,20.9474,3.6552,2023,9,D,0,3,1,-1,2.74423,0.36392999999999986,0.211,0.25
2023-09-30 14:00:00,2023,2,0,Newcastle United,Burnley,3.08516,0.801849,0.8934,0.0819,0.0247,20,8,8,2,7,5,18.2222,10.6667,2023,9,V,3,0,2,2,3.887009,2.2833110000000003,0.4,0.25
2023-09-30 14:00:00,2023,0,4,Bournemouth,Arsenal,0.644443,4.0742,0.0052,0.0212,0.9736,8,15,1,8,13,15,5.9643,15.0,2023,9,D,0,3,4,-4,4.718643,-3.4297570000000004,0.125,0.533
2023-09-30 14:00:00,2023,2,0,West Ham,Sheffield United,3.19753,0.911997,0.8683,0.0908,0.0409,20,16,9,2,16,5,21.2667,14.125,2023,9,V,3,0,2,2,4.109527,2.285533,0.45,0.125
2023-09-30 14:00:00,2023,2,1,Wolverhampton Wanderers,Manchester City,0.673985,0.98075,0.2467,0.3543,0.399,3,23,1,8,1,13,5.3214,16.0769,2023,9,V,3,0,3,1,1.654735,-0.30676500000000007,0.333,0.348
2023-09-30 16:30:00,2023,2,1,Tottenham,Liverpool,2.18823,1.12299,0.6518,0.2076,0.1406,24,12,8,4,18,7,16.0,7.5172,2023,9,V,3,0,3,1,3.3112199999999996,1.06524,0.333,0.333
2023-10-01 13:00:00,2023,1,1,Nottingham Forest,Brentford,0.800317,1.75862,0.1472,0.2359,0.6169,6,18,1,5,2,11,15.6429,24.328687499999997,2023,10,N,1,1,2,0,2.5589370000000002,-0.9583030000000001,0.167,0.278
2023-10-02 19:00:00,2023,0,2,Fulham,Chelsea,0.889383,1.98461,0.1096,0.2252,0.6652,10,11,3,4,7,8,14.44,10.5517,2023,10,D,0,3,2,-2,2.873993,-1.095227,0.3,0.364
2023-10-03 18:30:00,2023,1,2,Luton,Burnley,1.53058,0.920206,0.5256,0.2762,0.1982,18,14,3,4,4,5,8.0,12.8462,2023,10,D,0,3,3,-1,2.450786,0.6103740000000001,0.167,0.286
2023-10-07 11:30:00,2023,0,1,Luton,Tottenham,0.848118,2.37947,0.0838,0.1565,0.7597,12,15,2,4,6,15,4.7143,12.0,2023,10,D,0,3,1,-1,3.227588,-1.531352,0.167,0.267
2023-10-07 14:00:00,2023,1,4,Burnley,Chelsea,0.956642,1.97566,0.1114,0.2281,0.6605,10,9,3,5,3,10,7.8286,22.95,2023,10,D,0,3,5,-3,2.932302,-1.019018,0.3,0.556
2023-10-07 14:00:00,2023,3,0,Everton,Bournemouth,3.16482,0.981732,0.8722,0.0938,0.034,25,11,8,4,8,13,8.6818,7.1471,2023,10,V,3,0,3,3,4.146552,2.183088,0.32,0.364
2023-10-07 14:00:00,2023,3,1,Fulham,Sheffield United,2.26612,0.251809,0.8781,0.1012,0.0207,20,5,6,2,9,0,10.5217,6.2222,2023,10,V,3,0,4,2,2.517929,2.0143109999999997,0.3,0.4
2023-10-07 14:00:00,2023,2,1,Manchester United,Brentford,1.29356,1.02509,0.4271,0.2936,0.2793,21,11,8,3,17,2,8.4348,8.55,2023,10,V,3,0,3,1,2.31865,0.26847,0.381,0.273
2023-10-07 16:30:00,2023,0,0,Crystal Palace,Nottingham Forest,0.982452,1.22105,0.282,0.3104,0.4076,8,16,2,5,5,12,14.0909,16.5882,2023,10,N,1,1,0,0,2.203502,-0.23859799999999998,0.25,0.312
2023-10-08 13:00:00,2023,2,2,Brighton,Liverpool,2.23187,2.51029,0.316,0.236,0.448,14,14,3,4,4,15,7.6944,15.4286,2023,10,N,1,1,4,0,4.74216,-0.2784200000000001,0.214,0.286
2023-10-08 13:00:00,2023,2,2,West Ham,Newcastle United,0.931345,1.97865,0.0927,0.2316,0.6757,5,10,3,3,2,6,6.3043,24.328687499999997,2023,10,N,1,1,4,0,2.909995,-1.0473050000000002,0.6,0.3
2023-10-08 13:00:00,2023,1,1,Wolverhampton Wanderers,Aston Villa,1.76232,1.81618,0.3672,0.2589,0.3739,8,18,3,4,3,9,14.8667,11.381,2023,10,N,1,1,2,0,3.5785,-0.0538599999999998,0.375,0.222
2023-10-08 15:30:00,2023,1,0,Arsenal,Manchester City,0.386558,0.858071,0.1372,0.3669,0.4959,12,4,2,1,9,7,15.3684,12.5714,2023,10,V,3,0,1,1,1.244629,-0.471513,0.167,0.25
2023-10-21 11:30:00,2023,2,0,Liverpool,Everton,2.28568,0.0937725,0.9342,0.0613,0.0045,26,6,6,1,13,5,27.855400000000003,3.3462,2023,10,V,3,0,2,2,2.3794525,2.1919075,0.231,0.167
2023-10-21 14:00:00,2023,1,2,Bournemouth,Wolverhampton Wanderers,1.01839,2.30454,0.102,0.2,0.698,7,20,4,7,5,15,6.4762,14.1905,2023,10,D,0,3,3,-1,3.3229299999999995,-1.28615,0.571,0.35
2023-10-21 14:00:00,2023,3,0,Brentford,Burnley,3.15685,0.693129,0.9067,0.0745,0.0188,23,6,10,1,15,3,14.6667,9.6786,2023,10,V,3,0,3,3,3.849979,2.463721,0.435,0.167
2023-10-21 14:00:00,2023,2,1,Manchester City,Brighton,0.962509,0.963733,0.3367,0.3286,0.3347,10,5,6,3,7,4,14.6522,14.5833,2023,10,V,3,0,3,1,1.9262419999999998,-0.0012240000000000029,0.6,0.6
2023-10-21 14:00:00,2023,4,0,Newcastle United,Crystal Palace,3.73336,1.08795,0.9023,0.0693,0.0284,10,17,7,3,9,3,12.6071,12.0,2023,10,V,3,0,4,4,4.8213099999999995,2.64541,0.7,0.176
2023-10-21 14:00:00,2023,2,2,Nottingham Forest,Luton,3.27549,1.49555,0.7817,0.1325,0.0858,19,13,8,4,4,6,16.2222,8.8889,2023,10,N,1,1,4,0,4.77104,1.77994,0.421,0.308
2023-10-21 16:30:00,2023,2,2,Chelsea,Arsenal,1.71838,1.05791,0.5596,0.2612,0.1792,11,13,5,3,8,5,9.3,24.328687499999997,2023,10,N,1,1,4,0,2.77629,0.6604700000000001,0.455,0.231
2023-10-21 19:00:00,2023,1,2,Sheffield United,Manchester United,1.41074,1.46187,0.3358,0.3137,0.3505,12,14,6,5,7,7,12.2727,14.0952,2023,10,D,0,3,3,-1,2.87261,-0.0511299999999999,0.5,0.357
2023-10-22 15:30:00,2023,4,1,Aston Villa,West Ham,2.34143,0.659622,0.814,0.1326,0.0534,15,14,7,4,9,4,14.4211,11.8235,2023,10,V,3,0,5,3,3.001052,1.6818079999999997,0.467,0.286
2023-10-23 19:00:00,2023,2,0,Tottenham,Fulham,1.63523,0.745838,0.6093,0.2524,0.1383,15,10,5,3,13,5,13.6786,12.3478,2023,10,V,3,0,2,2,2.381068,0.889392,0.333,0.3
2023-10-27 19:00:00,2023,1,2,Crystal Palace,Tottenham,0.561834,0.989103,0.1774,0.342,0.4806,13,10,3,1,3,12,4.1304,13.9118,2023,10,D,0,3,3,-1,1.5509369999999998,-0.427269,0.231,0.1
2023-10-28 11:30:00,2023,0,2,Chelsea,Brentford,1.71801,2.48137,0.2146,0.2109,0.5745,17,7,2,5,16,6,20.7692,6.0345,2023,10,D,0,3,2,-2,4.19938,-0.76336,0.118,0.714
2023-10-28 14:00:00,2023,2,1,Bournemouth,Burnley,1.10052,0.90255,0.3721,0.3582,0.2697,13,6,6,3,8,4,11.3333,9.3,2023,10,V,3,0,3,1,2.00307,0.19796999999999998,0.462,0.5
2023-10-28 14:00:00,2023,5,0,Arsenal,Sheffield United,3.03496,0.0281554,0.9842,0.0156,0.0002,13,2,8,0,9,1,27.855400000000003,11.9375,2023,10,V,3,0,5,5,3.0631154,3.0068045999999997,0.615,0.0
2023-10-28 16:30:00,2023,2,2,Wolverhampton Wanderers,Newcastle United,0.863393,2.31987,0.0639,0.1559,0.7802,11,13,6,5,8,3,7.2333,11.8214,2023,10,N,1,1,4,0,3.1832629999999997,-1.456477,0.545,0.385
2023-10-29 13:00:00,2023,0,1,West Ham,Everton,0.618578,0.733813,0.2689,0.3788,0.3523,12,10,2,4,5,3,15.0769,12.9375,2023,10,D,0,3,1,-1,1.352391,-0.11523500000000009,0.167,0.4
2023-10-29 14:00:00,2023,3,1,Aston Villa,Luton,3.07654,0.453117,0.9407,0.0493,0.01,17,7,6,1,15,2,24.6471,13.4,2023,10,V,3,0,4,2,3.5296570000000003,2.623423,0.353,0.143
2023-10-29 14:00:00,2023,1,1,Brighton,Fulham,1.31996,0.552523,0.5703,0.2799,0.1498,18,10,7,5,8,9,19.6552,7.625,2023,10,N,1,1,2,0,1.872483,0.767437,0.389,0.5
2023-10-29 14:00:00,2023,3,0,Liverpool,Nottingham Forest,2.70428,0.642014,0.8733,0.0954,0.0313,21,9,8,1,11,3,27.855400000000003,7.9474,2023,10,V,3,0,3,3,3.346294,2.0622659999999997,0.381,0.111
2023-10-29 15:30:00,2023,0,3,Manchester United,Manchester City,0.714628,4.54595,0.0029,0.0138,0.9833,7,21,3,10,4,21,19.0833,21.2143,2023,10,D,0,3,3,-3,5.260578000000001,-3.831322,0.429,0.476
2023-11-04 12:30:00,2023,0,1,Fulham,Manchester United,1.18241,0.697095,0.4803,0.3166,0.2031,18,12,2,5,3,7,8.3636,16.9333,2023,11,D,0,3,1,-1,1.879505,0.48531499999999994,0.111,0.417
2023-11-04 15:00:00,2023,3,2,Brentford,West Ham,1.82944,1.75505,0.363,0.2981,0.3389,16,12,4,2,9,6,13.3043,12.0,2023,11,V,3,0,5,1,3.5844899999999997,0.07438999999999996,0.25,0.167
2023-11-04 15:00:00,2023,0,2,Burnley,Crystal Palace,1.4998,1.43653,0.3571,0.3072,0.3357,17,4,5,3,9,2,25.3571,8.0,2023,11,D,0,3,2,-2,2.93633,0.06326999999999994,0.294,0.75
2023-11-04 15:00:00,2023,1,1,Everton,Brighton,0.617607,0.442489,0.3494,0.4439,0.2067,10,7,4,2,0,11,9.3333,24.328687499999997,2023,11,N,1,1,2,0,1.0600960000000001,0.175118,0.4,0.286
2023-11-04 15:00:00,2023,6,1,Manchester City,Bournemouth,2.39949,0.643127,0.7963,0.1463,0.0574,21,5,8,1,18,6,27.855400000000003,21.5,2023,11,V,3,0,7,5,3.042617,1.7563630000000001,0.381,0.2
2023-11-04 15:00:00,2023,2,1,Sheffield United,Wolverhampton Wanderers,1.10165,1.14803,0.3009,0.3733,0.3258,11,10,2,3,3,4,24.0,9.6875,2023,11,V,3,0,3,1,2.24968,-0.04638000000000009,0.182,0.3
2023-11-04 17:30:00,2023,1,0,Newcastle United,Arsenal,1.12355,0.535473,0.577,0.3043,0.1187,9,14,2,1,4,7,8.95,8.125,2023,11,V,3,0,1,1,1.659023,0.5880770000000001,0.222,0.071
2023-11-05 14:00:00,2023,2,0,Nottingham Forest,Aston Villa,0.592447,1.33116,0.1456,0.2983,0.5561,5,13,3,3,3,23,7.2105,24.328687499999997,2023,11,V,3,0,2,2,1.9236069999999998,-0.738713,0.6,0.231
2023-11-05 16:30:00,2023,1,1,Luton,Liverpool,1.3411,3.03925,0.0721,0.1522,0.7757,8,24,5,6,1,14,3.7692,21.7059,2023,11,N,1,1,2,0,4.38035,-1.69815,0.625,0.25
2023-11-06 20:00:00,2023,1,4,Tottenham,Chelsea,0.959108,4.05865,0.0094,0.0329,0.9577,8,17,5,8,4,8,5.5,10.0,2023,11,D,0,3,5,-3,5.017758,-3.099542,0.625,0.471
2023-11-11 12:30:00,2023,2,1,Wolverhampton Wanderers,Tottenham,1.90884,0.432315,0.7738,0.1722,0.054,17,6,4,2,6,5,8.8276,10.2973,2023,11,V,3,0,3,1,2.341155,1.476525,0.235,0.333
2023-11-11 15:00:00,2023,3,1,Arsenal,Burnley,2.63194,0.327706,0.9544,0.0415,0.0041,16,8,6,5,14,2,19.6923,9.8421,2023,11,V,3,0,4,2,2.959646,2.304234,0.375,0.625
2023-11-11 15:00:00,2023,2,3,Crystal Palace,Everton,1.89194,1.7904,0.3803,0.2887,0.331,12,8,4,4,10,8,14.48,6.2,2023,11,D,0,3,5,-1,3.68234,0.10153999999999996,0.333,0.5
2023-11-11 15:00:00,2023,1,0,Manchester United,Luton,2.74105,0.408265,0.9169,0.0661,0.017,15,10,4,4,10,4,20.3077,8.1905,2023,11,V,3,0,1,1,3.149315,2.332785,0.267,0.4
2023-11-11 17:30:00,2023,2,0,Bournemouth,Newcastle United,2.78424,0.306141,0.9374,0.0517,0.0109,19,8,10,5,7,3,23.1,9.5556,2023,11,V,3,0,2,2,3.090381,2.4780990000000003,0.526,0.625
2023-11-12 14:00:00,2023,3,1,Aston Villa,Fulham,2.86039,0.648745,0.9227,0.0642,0.0131,12,9,6,5,8,2,9.4571,16.4444,2023,11,V,3,0,4,2,3.509135,2.2116450000000003,0.5,0.556
2023-11-12 14:00:00,2023,1,1,Brighton,Sheffield United,1.08601,0.84434,0.4067,0.3328,0.2605,11,9,6,1,4,13,12.5152,12.5625,2023,11,N,1,1,2,0,1.9303499999999998,0.24166999999999994,0.545,0.111
2023-11-12 14:00:00,2023,3,0,Liverpool,Brentford,1.56004,1.44954,0.3975,0.264,0.3385,17,16,10,3,11,8,10.5909,6.5926,2023,11,V,3,0,3,3,3.00958,0.11050000000000004,0.588,0.188
2023-11-12 14:00:00,2023,3,2,West Ham,Nottingham Forest,2.06402,1.42128,0.5298,0.2455,0.2247,16,10,6,5,5,4,18.8824,15.8125,2023,11,V,3,0,5,1,3.4853000000000005,0.6427400000000001,0.375,0.5
2023-11-12 16:30:00,2023,4,4,Chelsea,Manchester City,3.47238,3.19324,0.455,0.2211,0.3239,17,15,9,10,4,17,12.2083,17.875,2023,11,N,1,1,8,0,6.66562,0.27913999999999994,0.529,0.667
2023-11-25 12:30:00,2023,1,1,Manchester City,Liverpool,1.79622,0.766278,0.6472,0.2244,0.1284,16,8,5,3,11,6,23.0,11.7143,2023,11,N,1,1,2,0,2.5624979999999997,1.029942,0.312,0.375
2023-11-25 15:00:00,2023,1,2,Burnley,West Ham,1.44228,1.36963,0.3708,0.308,0.3212,11,11,5,3,2,2,22.8571,10.72,2023,11,D,0,3,3,-1,2.81191,0.0726500000000001,0.455,0.273
2023-11-25 15:00:00,2023,2,1,Luton,Crystal Palace,0.996153,1.83546,0.1537,0.2577,0.5886,8,16,3,8,4,10,6.4615,13.1304,2023,11,V,3,0,3,1,2.831613,-0.8393070000000001,0.375,0.5
2023-11-25 15:00:00,2023,4,1,Newcastle United,Chelsea,2.15227,0.968061,0.6848,0.1926,0.1226,14,7,5,4,7,6,9.7407,9.4444,2023,11,V,3,0,5,3,3.120331,1.184209,0.357,0.571
2023-11-25 15:00:00,2023,2,3,Nottingham Forest,Brighton,2.22655,1.21792,0.6382,0.2258,0.136,18,11,5,5,12,9,17.5714,24.328687499999997,2023,11,D,0,3,5,-1,3.44447,1.0086300000000001,0.278,0.455
2023-11-25 15:00:00,2023,1,3,Sheffield United,Bournemouth,0.816227,3.13975,0.0405,0.095,0.8645,10,23,2,11,7,7,17.5455,10.5769,2023,11,D,0,3,4,-2,3.955977,-2.323523,0.2,0.478
2023-11-25 17:30:00,2023,0,1,Brentford,Arsenal,1.66315,1.82699,0.3338,0.274,0.3922,9,15,3,4,4,4,7.6667,8.5238,2023,11,D,0,3,1,-1,3.49014,-0.16383999999999999,0.333,0.267
2023-11-26 14:00:00,2023,1,2,Tottenham,Aston Villa,2.22542,2.39755,0.3333,0.2488,0.4179,18,15,8,5,18,5,18.6,9.375,2023,11,D,0,3,3,-1,4.6229700000000005,-0.17212999999999967,0.444,0.333
2023-11-26 16:30:00,2023,0,3,Everton,Manchester United,2.49764,2.07334,0.4626,0.2624,0.275,23,9,6,4,10,6,13.75,10.4583,2023,11,D,0,3,3,-3,4.5709800000000005,0.4243000000000001,0.261,0.444
2023-11-27 20:00:00,2023,3,2,Fulham,Wolverhampton Wanderers,2.49057,1.57875,0.6313,0.2309,0.1378,12,10,6,6,12,4,27.855400000000003,8.5484,2023,11,V,3,0,5,1,4.06932,0.9118199999999999,0.5,0.6
2023-12-02 15:00:00,2023,2,1,Arsenal,Wolverhampton Wanderers,3.30368,1.07886,0.8622,0.0986,0.0392,19,6,6,3,16,1,17.0588,8.625,2023,12,V,3,0,3,1,4.38254,2.2248200000000002,0.316,0.5
2023-12-02 15:00:00,2023,3,1,Brentford,Luton,3.25952,0.227176,0.9661,0.0298,0.0041,27,7,6,1,4,3,27.855400000000003,4.8621,2023,12,V,3,0,4,2,3.4866960000000002,3.032344,0.222,0.143
2023-12-02 15:00:00,2023,5,0,Burnley,Sheffield United,2.60469,0.618131,0.8499,0.1154,0.0347,19,6,7,3,13,3,15.2778,11.4118,2023,12,V,3,0,5,5,3.222821,1.9865590000000002,0.368,0.5
2023-12-02 17:30:00,2023,0,1,Nottingham Forest,Everton,0.673085,0.623789,0.3119,0.4027,0.2854,13,12,2,3,6,7,13.0,9.0625,2023,12,D,0,3,1,-1,1.296874,0.049296000000000006,0.154,0.25
2023-12-02 20:00:00,2023,1,0,Newcastle United,Manchester United,2.90191,0.422674,0.9224,0.0633,0.0143,22,8,4,1,17,2,15.6667,8.5,2023,12,V,3,0,1,1,3.3245839999999998,2.479236,0.182,0.125
2023-12-03 14:00:00,2023,2,2,Bournemouth,Aston Villa,2.54937,0.89511,0.7928,0.144,0.0632,15,11,7,3,10,3,4.75,7.7353,2023,12,N,1,1,4,0,3.44448,1.6542600000000003,0.467,0.273
2023-12-03 14:00:00,2023,3,2,Chelsea,Brighton,1.66304,0.855058,0.6179,0.2445,0.1376,8,18,5,9,8,13,7.0833,22.4375,2023,12,V,3,0,5,1,2.518098,0.8079820000000001,0.625,0.5
2023-12-03 14:00:00,2023,4,3,Liverpool,Fulham,2.72831,1.51005,0.6648,0.1927,0.1425,26,9,12,5,17,5,14.2917,8.3478,2023,12,V,3,0,7,1,4.23836,1.2182600000000001,0.462,0.556
2023-12-03 14:00:00,2023,1,1,West Ham,Crystal Palace,1.1466,0.987682,0.3755,0.3287,0.2958,9,9,3,2,5,7,14.8636,9.9167,2023,12,N,1,1,2,0,2.134282,0.15891800000000011,0.333,0.222
2023-12-03 16:30:00,2023,3,3,Manchester City,Tottenham,2.90729,0.433077,0.9091,0.0719,0.019,18,8,4,4,12,3,21.6923,14.1304,2023,12,N,1,1,6,0,3.340367,2.474213,0.222,0.5
2023-12-05 19:30:00,2023,1,0,Wolverhampton Wanderers,Burnley,1.11886,0.781542,0.4371,0.34,0.2229,7,12,4,3,4,2,11.56,11.3684,2023,12,V,3,0,1,1,1.900402,0.337318,0.571,0.25
2023-12-05 20:15:00,2023,3,4,Luton,Arsenal,0.526254,2.58815,0.0299,0.1032,0.8669,6,23,4,9,0,19,6.08,15.5217,2023,12,D,0,3,7,-1,3.1144040000000004,-2.061896,0.667,0.391
2023-12-06 19:30:00,2023,2,1,Brighton,Brentford,1.54099,1.22007,0.4263,0.3121,0.2616,18,8,7,2,19,2,11.4615,8.9583,2023,12,V,3,0,3,1,2.76106,0.3209200000000001,0.389,0.25
2023-12-06 19:30:00,2023,5,0,Fulham,Nottingham Forest,3.09427,0.218659,0.9769,0.0204,0.0027,14,4,6,1,14,0,20.8421,10.913,2023,12,V,3,0,5,5,3.312929,2.8756109999999997,0.429,0.25
2023-12-06 19:30:00,2023,0,2,Sheffield United,Liverpool,0.834172,1.80116,0.1397,0.234,0.6263,5,15,1,8,2,14,3.1667,24.328687499999997,2023,12,D,0,3,2,-2,2.635332,-0.9669880000000001,0.2,0.533
2023-12-06 19:30:00,2023,0,2,Crystal Palace,Bournemouth,1.26441,1.79997,0.2221,0.2553,0.5226,16,11,3,4,9,7,9.4194,7.5652,2023,12,D,0,3,2,-2,3.06438,-0.53556,0.188,0.364
2023-12-06 20:15:00,2023,1,0,Aston Villa,Manchester City,2.1922,1.00198,0.6881,0.2247,0.0872,22,2,7,2,9,8,9.0357,13.7391,2023,12,V,3,0,1,1,3.1941800000000002,1.19022,0.318,1.0
2023-12-06 20:15:00,2023,2,1,Manchester United,Chelsea,4.03949,2.3512,0.7338,0.1466,0.1196,28,13,9,3,8,6,11.2222,14.7391,2023,12,V,3,0,3,1,6.390689999999999,1.6882899999999998,0.321,0.231
2023-12-07 19:30:00,2023,3,0,Everton,Newcastle United,2.95393,1.29564,0.7544,0.1534,0.0922,21,13,6,3,13,4,12.0833,9.0,2023,12,V,3,0,3,3,4.24957,1.6582900000000003,0.286,0.231
2023-12-07 20:15:00,2023,1,2,Tottenham,West Ham,1.61268,1.7409,0.3319,0.2535,0.4146,23,11,7,5,24,1,18.4706,4.2069,2023,12,D,0,3,3,-1,3.35358,-0.12822,0.304,0.455
2023-12-09 12:30:00,2023,1,2,Crystal Palace,Liverpool,1.79152,1.3708,0.4846,0.276,0.2394,8,14,4,2,4,15,3.1905,16.0,2023,12,D,0,3,3,-1,3.1623200000000002,0.42072,0.5,0.143
2023-12-09 15:00:00,2023,1,1,Brighton,Burnley,2.96247,1.05162,0.8189,0.1267,0.0544,29,6,11,3,22,4,27.855400000000003,7.619,2023,12,N,1,1,2,0,4.01409,1.9108500000000002,0.379,0.5
2023-12-09 15:00:00,2023,0,3,Manchester United,Bournemouth,1.11296,1.9742,0.1539,0.2242,0.6219,20,10,3,4,15,6,13.9167,6.4091,2023,12,D,0,3,3,-3,3.08716,-0.86124,0.15,0.4
2023-12-09 15:00:00,2023,1,0,Sheffield United,Brentford,0.841976,0.644638,0.3909,0.3656,0.2435,9,10,4,4,6,7,7.35,12.1818,2023,12,V,3,0,1,1,1.4866139999999999,0.1973379999999999,0.444,0.4
2023-12-09 15:00:00,2023,1,1,Wolverhampton Wanderers,Nottingham Forest,1.02199,1.21801,0.2745,0.3237,0.4018,10,8,4,2,4,5,18.8571,8.7778,2023,12,N,1,1,2,0,2.24,-0.19602000000000008,0.4,0.25
2023-12-09 17:30:00,2023,1,0,Aston Villa,Arsenal,0.628499,1.71667,0.0978,0.2163,0.6859,10,12,3,5,3,10,5.3462,9.6207,2023,12,V,3,0,1,1,2.345169,-1.088171,0.3,0.417
2023-12-10 14:00:00,2023,2,0,Everton,Chelsea,1.11437,0.885512,0.4245,0.3286,0.2469,9,16,5,4,3,9,4.48,14.5357,2023,12,V,3,0,2,2,1.999882,0.22885800000000012,0.556,0.25
2023-12-10 14:00:00,2023,5,0,Fulham,West Ham,2.1884,0.983,0.6859,0.1905,0.1236,14,9,8,5,10,5,20.2083,18.6,2023,12,V,3,0,5,5,3.1714,1.2054,0.571,0.556
2023-12-10 14:00:00,2023,1,2,Luton,Manchester City,0.689037,2.23353,0.054,0.178,0.768,4,18,2,6,4,9,9.5625,10.6071,2023,12,D,0,3,3,-1,2.922567,-1.5444930000000001,0.5,0.333
2023-12-10 16:30:00,2023,4,1,Tottenham,Newcastle United,4.40118,1.61368,0.8961,0.0703,0.0336,23,9,12,3,12,9,8.5,7.3,2023,12,V,3,0,5,3,6.0148600000000005,2.7875,0.522,0.333
2023-12-15 20:00:00,2023,0,2,Nottingham Forest,Tottenham,1.70569,1.60738,0.3911,0.2583,0.3506,15,12,1,6,8,10,7.0,10.8571,2023,12,D,0,3,2,-2,3.3130699999999997,0.0983099999999999,0.067,0.5
2023-12-16 15:00:00,2023,2,0,Chelsea,Sheffield United,3.27322,0.44014,0.9605,0.0315,0.008,15,6,6,1,13,3,21.4091,3.7407,2023,12,V,3,0,2,2,3.7133599999999998,2.83308,0.4,0.167
2023-12-16 15:00:00,2023,2,2,Manchester City,Crystal Palace,2.41646,1.64977,0.5547,0.2489,0.1964,19,5,9,2,5,4,27.855400000000003,7.6,2023,12,N,1,1,4,0,4.06623,0.7666899999999999,0.474,0.4
2023-12-16 15:00:00,2023,3,0,Newcastle United,Fulham,4.27933,0.471042,0.99,0.0089,0.0011,27,6,10,4,23,4,27.855400000000003,8.1111,2023,12,V,3,0,3,3,4.750372,3.8082879999999997,0.37,0.667
2023-12-16 17:30:00,2023,0,2,Burnley,Everton,0.811435,2.22305,0.082,0.1611,0.7569,14,9,2,6,10,7,22.9286,12.2857,2023,12,D,0,3,2,-2,3.034485,-1.4116150000000003,0.143,0.667
2023-12-17 14:00:00,2023,2,0,Arsenal,Brighton,2.76976,0.663054,0.8439,0.1165,0.0396,26,6,9,1,19,3,19.4167,13.76,2023,12,V,3,0,2,2,3.4328140000000005,2.106706,0.346,0.167
2023-12-17 14:00:00,2023,1,2,Brentford,Aston Villa,0.796812,1.4664,0.1774,0.2816,0.541,4,15,3,5,4,13,6.3333,5.2051,2023,12,D,0,3,3,-1,2.263212,-0.669588,0.75,0.333
2023-12-17 14:00:00,2023,3,0,West Ham,Wolverhampton Wanderers,1.03828,0.556206,0.4864,0.3306,0.183,13,14,4,3,4,9,8.037,11.56,2023,12,V,3,0,3,3,1.594486,0.4820740000000001,0.308,0.214
2023-12-17 16:30:00,2023,0,0,Liverpool,Manchester United,1.97111,0.632715,0.7148,0.1924,0.0928,34,6,8,1,12,7,23.3846,5.1786,2023,12,N,1,1,0,0,2.603825,1.3383949999999998,0.235,0.167
2023-12-21 20:00:00,2023,1,1,Crystal Palace,Brighton,1.65409,1.33653,0.455,0.2631,0.2819,11,18,3,6,9,14,7.6,24.328687499999997,2023,12,N,1,1,2,0,2.99062,0.31756000000000006,0.273,0.333
2023-12-22 20:00:00,2023,1,1,Aston Villa,Sheffield United,1.21861,0.646159,0.5001,0.3312,0.1687,11,5,4,2,10,2,15.6364,4.3333,2023,12,N,1,1,2,0,1.864769,0.5724509999999999,0.364,0.4
2023-12-23 12:30:00,2023,2,0,West Ham,Manchester United,1.51468,0.730496,0.5925,0.2598,0.1477,12,11,5,3,4,7,6.12,16.619,2023,12,V,3,0,2,2,2.245176,0.784184,0.417,0.273
2023-12-23 15:00:00,2023,0,2,Fulham,Burnley,1.38096,0.41714,0.6363,0.2621,0.1016,19,7,5,2,12,2,11.8485,11.9375,2023,12,D,0,3,2,-2,1.7981,0.9638199999999999,0.263,0.286
2023-12-23 15:00:00,2023,1,0,Luton,Newcastle United,1.81844,1.41488,0.4862,0.2508,0.263,16,15,5,2,2,16,5.3182,11.1071,2023,12,V,3,0,1,1,3.23332,0.40356000000000014,0.312,0.133
2023-12-23 15:00:00,2023,2,3,Nottingham Forest,Bournemouth,0.791806,1.89067,0.1303,0.2073,0.6624,11,18,5,7,4,7,3.9231,12.8421,2023,12,D,0,3,5,-1,2.6824760000000003,-1.098864,0.455,0.389
2023-12-23 15:00:00,2023,2,1,Tottenham,Everton,1.57527,1.98385,0.2879,0.2354,0.4767,13,18,6,8,10,11,8.6364,7.6818,2023,12,V,3,0,3,1,3.55912,-0.40857999999999994,0.462,0.444
2023-12-23 17:30:00,2023,1,1,Liverpool,Arsenal,0.982901,0.851681,0.377,0.3338,0.2892,13,13,3,2,7,5,12.8571,7.303,2023,12,N,1,1,2,0,1.8345820000000002,0.13122,0.231,0.154
2023-12-24 13:00:00,2023,2,1,Wolverhampton Wanderers,Chelsea,1.74626,1.75447,0.3603,0.2626,0.3771,14,16,6,5,6,19,6.7059,11.5172,2023,12,V,3,0,3,1,3.50073,-0.00821000000000005,0.429,0.312
2023-12-26 12:30:00,2023,1,3,Newcastle United,Nottingham Forest,2.79106,3.1074,0.3064,0.2328,0.4608,19,15,7,6,18,4,12.75,6.9333,2023,12,D,0,3,4,-2,5.89846,-0.3163400000000003,0.368,0.4
2023-12-26 15:00:00,2023,3,0,Bournemouth,Fulham,2.07911,0.324365,0.8555,0.1194,0.0251,16,8,4,3,9,9,8.2069,10.9643,2023,12,V,3,0,3,3,2.4034750000000003,1.754745,0.25,0.375
2023-12-26 15:00:00,2023,2,3,Sheffield United,Luton,3.61788,0.715575,0.9422,0.044,0.0138,21,12,6,4,7,3,7.4286,7.48,2023,12,D,0,3,5,-1,4.333455,2.902305,0.286,0.333
2023-12-26 17:30:00,2023,0,2,Burnley,Liverpool,0.972389,1.68451,0.1994,0.2625,0.5381,9,19,0,10,3,18,9.2,15.6,2023,12,D,0,3,2,-2,2.656899,-0.712121,0.0,0.526
2023-12-26 20:00:00,2023,3,2,Manchester United,Aston Villa,1.20104,1.83637,0.1985,0.2573,0.5442,13,10,7,4,4,12,15.2143,7.4444,2023,12,V,3,0,5,1,3.0374100000000004,-0.63533,0.538,0.4
2023-12-27 19:30:00,2023,1,4,Brentford,Wolverhampton Wanderers,2.59347,1.89483,0.5428,0.2254,0.2318,14,11,4,5,15,7,13.5455,10.4762,2023,12,D,0,3,5,-3,4.4883,0.6986399999999999,0.286,0.455
2023-12-27 19:30:00,2023,2,1,Chelsea,Crystal Palace,2.73005,0.958077,0.8078,0.135,0.0572,9,13,4,5,8,6,12.871,7.2917,2023,12,V,3,0,3,1,3.6881269999999997,1.771973,0.444,0.385
2023-12-27 20:15:00,2023,1,3,Everton,Manchester City,1.23529,2.28321,0.1381,0.2182,0.6437,7,23,2,9,3,9,11.7692,22.1304,2023,12,D,0,3,4,-2,3.5185,-1.04792,0.286,0.391
2023-12-28 19:30:00,2023,4,2,Brighton,Tottenham,3.84702,2.06955,0.767,0.1299,0.1031,15,19,9,3,5,28,12.4091,8.0303,2023,12,V,3,0,6,2,5.91657,1.77747,0.6,0.158
2023-12-28 20:15:00,2023,0,2,Arsenal,West Ham,2.7884,1.59711,0.6535,0.2038,0.1427,30,6,8,3,27,1,27.855400000000003,5.2308,2023,12,D,0,3,2,-2,4.38551,1.1912900000000002,0.267,0.5
2023-12-30 12:30:00,2023,2,3,Luton,Chelsea,2.64093,1.57463,0.6595,0.2081,0.1324,15,12,6,8,5,4,8.88,7.7188,2023,12,D,0,3,5,-1,4.21556,1.0663,0.4,0.667
2023-12-30 15:00:00,2023,3,2,Aston Villa,Burnley,2.92587,1.11923,0.8066,0.131,0.0624,19,9,7,5,16,2,19.0714,8.3333,2023,12,V,3,0,5,1,4.0451,1.8066400000000002,0.368,0.556
2023-12-30 15:00:00,2023,3,1,Crystal Palace,Brentford,1.61057,1.28731,0.4365,0.2865,0.277,13,9,6,4,13,6,9.3,9.1429,2023,12,V,3,0,4,2,2.89788,0.3232600000000001,0.462,0.444
2023-12-30 15:00:00,2023,2,0,Manchester City,Sheffield United,2.24229,0.263211,0.9141,0.0761,0.0098,18,4,4,2,12,1,27.855400000000003,9.5714,2023,12,V,3,0,2,2,2.505501,1.979079,0.222,0.5
2023-12-30 15:00:00,2023,3,0,Wolverhampton Wanderers,Everton,2.64477,0.519641,0.916,0.0694,0.0146,12,10,6,0,10,3,8.25,10.8182,2023,12,V,3,0,3,3,3.164411,2.125129,0.5,0.0
2023-12-30 17:30:00,2023,2,1,Nottingham Forest,Manchester United,0.744348,0.651905,0.3432,0.3817,0.2751,8,10,2,5,7,9,13.125,15.3333,2023,12,V,3,0,3,1,1.396253,0.09244300000000005,0.25,0.5
2023-12-31 14:00:00,2023,2,1,Fulham,Arsenal,1.52829,1.6591,0.3212,0.286,0.3928,15,13,4,3,5,5,12.15,21.8824,2023,12,V,3,0,3,1,3.1873899999999997,-0.1308100000000001,0.267,0.231
2023-12-31 14:00:00,2023,3,1,Tottenham,Bournemouth,2.15027,1.58229,0.5177,0.2287,0.2536,12,24,6,4,13,15,5.95,10.65,2023,12,V,3,0,4,2,3.73256,0.5679799999999999,0.5,0.167
2024-01-01 19:00:00,2023,4,2,Liverpool,Newcastle United,6.67151,0.910974,0.9981,0.0015,0.0004,34,5,15,3,16,4,14.9474,4.825,2024,1,V,3,0,6,2,7.582483999999999,5.760536,0.441,0.6
2024-01-02 18:30:00,2023,0,0,West Ham,Brighton,0.9831,2.1552,0.1215,0.2187,0.6598,6,22,2,8,4,17,10.1905,24.328687499999997,2024,1,N,1,1,0,0,3.1382999999999996,-1.1721,0.333,0.364
2024-01-12 19:45:00,2023,1,1,Burnley,Luton,1.52023,0.965167,0.514,0.2735,0.2125,13,14,7,5,5,7,6.6667,19.0625,2024,1,N,1,1,2,0,2.485397,0.555063,0.538,0.357
2024-01-13 12:30:00,2023,1,0,Chelsea,Fulham,2.0456,0.697847,0.7466,0.1756,0.0778,17,14,3,4,15,10,10.72,8.3704,2024,1,V,3,0,1,1,2.7434469999999997,1.347753,0.176,0.286
2024-01-13 17:30:00,2023,2,3,Newcastle United,Manchester City,1.23638,2.55452,0.1202,0.1796,0.7002,12,27,5,11,6,25,9.2353,17.1875,2024,1,D,0,3,5,-1,3.7909,-1.31814,0.417,0.407
2024-01-14 14:00:00,2023,0,0,Everton,Aston Villa,1.03664,1.3435,0.2719,0.3045,0.4236,10,16,2,5,3,12,7.9231,8.9444,2024,1,N,1,1,0,0,2.38014,-0.3068599999999999,0.2,0.312
2024-01-14 16:30:00,2023,2,2,Manchester United,Tottenham,0.923233,1.31224,0.2351,0.3057,0.4592,9,16,2,6,6,3,6.5,19.3684,2024,1,N,1,1,4,0,2.235473,-0.3890070000000001,0.222,0.375
2024-01-20 12:30:00,2023,5,0,Arsenal,Crystal Palace,3.52167,0.288083,0.967,0.029,0.004,21,12,6,5,18,0,20.25,9.7727,2024,1,V,3,0,5,5,3.8097529999999997,3.233587,0.286,0.417
2024-01-20 17:30:00,2023,3,2,Brentford,Nottingham Forest,1.94219,1.22251,0.5612,0.2428,0.196,11,12,5,3,4,9,13.0,8.0,2024,1,V,3,0,5,1,3.1647,0.7196800000000001,0.455,0.25
2024-01-21 14:00:00,2023,2,2,Sheffield United,West Ham,2.61362,2.4241,0.4271,0.2342,0.3387,21,16,6,5,9,5,11.2917,8.5217,2024,1,N,1,1,4,0,5.03772,0.1895199999999999,0.286,0.312
2024-01-21 16:30:00,2023,0,4,Bournemouth,Liverpool,0.834585,1.53344,0.1701,0.2667,0.5632,11,14,1,7,10,15,4.8065,10.0357,2024,1,D,0,3,4,-4,2.368025,-0.6988549999999999,0.091,0.5
2024-01-22 19:45:00,2023,0,0,Brighton,Wolverhampton Wanderers,1.3701,1.14116,0.3979,0.3324,0.2697,11,8,4,3,16,4,25.375,8.8636,2024,1,N,1,1,0,0,2.51126,0.22894000000000014,0.364,0.375
2024-01-30 19:30:00,2023,1,2,Nottingham Forest,Arsenal,0.631618,1.39143,0.1572,0.2831,0.5597,9,19,3,3,2,25,8.5556,24.328687499999997,2024,1,D,0,3,3,-1,2.023048,-0.7598119999999999,0.333,0.158
2024-01-30 19:45:00,2023,0,0,Fulham,Everton,2.37499,2.83317,0.308,0.2134,0.4786,25,21,6,3,6,6,11.6333,11.9,2024,1,N,1,1,0,0,5.2081599999999995,-0.45818000000000003,0.24,0.143
2024-01-30 19:45:00,2023,4,0,Luton,Brighton,3.63312,1.01366,0.9284,0.0547,0.0169,18,9,8,2,5,2,7.0833,12.96,2024,1,V,3,0,4,4,4.64678,2.61946,0.444,0.222
2024-01-30 20:00:00,2023,3,2,Crystal Palace,Sheffield United,1.1601,0.768467,0.4684,0.3204,0.2112,12,9,4,5,8,7,7.8387,8.96,2024,1,V,3,0,5,1,1.928567,0.3916329999999999,0.333,0.556
2024-01-30 20:15:00,2023,1,3,Aston Villa,Newcastle United,1.44485,3.3224,0.0747,0.1228,0.8025,12,14,6,5,12,10,11.0,9.3478,2024,1,D,0,3,4,-2,4.76725,-1.87755,0.5,0.357
2024-01-31 19:30:00,2023,3,2,Tottenham,Brentford,3.36194,1.59637,0.7778,0.1393,0.0829,19,10,5,5,15,13,9.4545,5.4286,2024,1,V,3,0,5,1,4.95831,1.76557,0.263,0.5
2024-01-31 19:30:00,2023,3,1,Manchester City,Burnley,1.84756,1.49114,0.45,0.2838,0.2662,14,8,4,3,6,4,22.5909,13.4167,2024,1,V,3,0,4,2,3.3387000000000002,0.3564200000000002,0.286,0.375
2024-01-31 20:15:00,2023,4,1,Liverpool,Chelsea,3.6627,0.477972,0.9634,0.0301,0.0065,28,4,13,3,10,6,19.6,10.0541,2024,1,V,3,0,5,3,4.140672,3.1847280000000002,0.464,0.75
2024-02-01 19:30:00,2023,1,1,West Ham,Bournemouth,1.3128,1.13487,0.4096,0.3213,0.2691,9,9,3,4,2,5,8.0968,9.3913,2024,2,N,1,1,2,0,2.44767,0.17792999999999992,0.333,0.444
2024-02-01 20:15:00,2023,3,4,Wolverhampton Wanderers,Manchester United,2.27609,3.22698,0.188,0.209,0.603,16,21,7,8,9,9,12.5714,15.3333,2024,2,D,0,3,7,-1,5.50307,-0.9508900000000002,0.438,0.381
2024-02-03 12:30:00,2023,2,2,Everton,Tottenham,3.25881,0.922371,0.9354,0.0526,0.012,14,9,5,6,6,7,5.7391,8.2424,2024,2,N,1,1,4,0,4.1811810000000005,2.336439,0.357,0.667
2024-02-03 15:00:00,2023,4,1,Brighton,Crystal Palace,1.92591,0.241137,0.8463,0.129,0.0247,13,7,6,5,3,3,20.3548,9.6667,2024,2,V,3,0,5,3,2.167047,1.684773,0.462,0.714
2024-02-03 15:00:00,2023,2,2,Burnley,Fulham,1.00428,1.28806,0.2812,0.293,0.4258,12,15,4,7,3,7,11.1,15.0,2024,2,N,1,1,4,0,2.2923400000000003,-0.2837799999999999,0.333,0.467
2024-02-03 15:00:00,2023,4,4,Newcastle United,Luton,2.37353,2.67463,0.3138,0.2276,0.4586,19,11,6,8,9,8,7.0714,6.8571,2024,2,N,1,1,8,0,5.04816,-0.3010999999999999,0.316,0.727
2024-02-03 17:30:00,2023,0,5,Sheffield United,Aston Villa,1.52784,2.99015,0.0949,0.1699,0.7352,10,14,5,10,7,5,13.7143,24.328687499999997,2024,2,D,0,3,5,-5,4.51799,-1.4623099999999998,0.5,0.714
2024-02-04 14:00:00,2023,1,1,Bournemouth,Nottingham Forest,1.1895,0.456548,0.6339,0.2803,0.0858,9,8,2,6,4,6,7.05,6.1818,2024,2,N,1,1,2,0,1.646048,0.732952,0.222,0.75
2024-02-04 14:00:00,2023,2,4,Chelsea,Wolverhampton Wanderers,2.35967,2.48996,0.3563,0.229,0.4147,15,14,6,7,13,6,17.7368,8.76,2024,2,D,0,3,6,-2,4.849629999999999,-0.13029000000000002,0.4,0.5
2024-02-04 14:00:00,2023,3,0,Manchester United,West Ham,0.96721,1.1807,0.2964,0.3006,0.403,12,22,5,3,9,3,21.7143,8.84,2024,2,V,3,0,3,3,2.14791,-0.21349000000000007,0.417,0.136
2024-02-04 16:30:00,2023,3,1,Arsenal,Liverpool,2.8526,0.542052,0.8894,0.0841,0.0265,15,10,7,1,5,2,9.619,9.7,2024,2,V,3,0,4,2,3.394652,2.310548,0.467,0.1
2024-02-05 20:00:00,2023,1,3,Brentford,Manchester City,0.865741,2.10785,0.1246,0.1938,0.6816,9,25,3,15,3,12,10.0625,24.328687499999997,2024,2,D,0,3,4,-2,2.973591,-1.2421090000000001,0.333,0.6
2024-02-10 12:30:00,2023,2,0,Manchester City,Everton,1.58971,0.192072,0.7703,0.1961,0.0336,19,5,3,1,10,1,25.8235,8.381,2024,2,V,3,0,2,2,1.781782,1.397638,0.158,0.2
2024-02-10 15:00:00,2023,3,1,Fulham,Bournemouth,1.7456,2.60612,0.2024,0.2217,0.5759,7,25,6,4,8,21,7.0313,12.6111,2024,2,V,3,0,4,2,4.35172,-0.8605200000000002,0.857,0.16
2024-02-10 15:00:00,2023,3,1,Liverpool,Burnley,3.14734,1.11123,0.8055,0.1243,0.0702,25,9,10,4,15,6,17.1667,4.6296,2024,2,V,3,0,4,2,4.25857,2.03611,0.4,0.444
2024-02-10 15:00:00,2023,1,3,Luton,Sheffield United,1.76215,1.98283,0.2937,0.2842,0.4221,20,7,5,3,9,4,14.9444,4.0,2024,2,D,0,3,4,-2,3.74498,-0.22068,0.25,0.429
2024-02-10 15:00:00,2023,2,1,Tottenham,Brighton,2.10928,1.49285,0.5182,0.2553,0.2265,16,6,6,3,13,10,12.7273,13.6364,2024,2,V,3,0,3,1,3.60213,0.61643,0.375,0.5
2024-02-10 15:00:00,2023,0,2,Wolverhampton Wanderers,Brentford,1.05781,1.84908,0.1694,0.2406,0.59,17,9,5,6,7,3,15.85,5.7895,2024,2,D,0,3,2,-2,2.9068899999999998,-0.7912700000000001,0.294,0.667
2024-02-10 17:30:00,2023,2,3,Nottingham Forest,Newcastle United,0.968075,0.511375,0.4805,0.3509,0.1686,13,7,3,5,7,7,9.5294,24.328687499999997,2024,2,D,0,3,5,-1,1.47945,0.4567,0.231,0.714
2024-02-11 14:00:00,2023,0,6,West Ham,Arsenal,0.191065,3.99893,0.0014,0.0121,0.9865,5,25,1,12,1,24,6.8095,21.8,2024,2,D,0,3,6,-6,4.189995,-3.807865,0.2,0.48
2024-02-11 16:30:00,2023,1,2,Aston Villa,Manchester United,2.64675,2.44591,0.4367,0.2256,0.3377,23,17,10,5,10,4,11.75,11.85,2024,2,D,0,3,3,-1,5.09266,0.2008399999999999,0.435,0.294
2024-02-12 20:00:00,2023,1,3,Crystal Palace,Chelsea,0.719516,1.26948,0.1869,0.2941,0.519,13,14,4,5,4,7,5.9474,21.4348,2024,2,D,0,3,4,-2,1.988996,-0.5499639999999999,0.308,0.357
2024-02-17 12:30:00,2023,1,4,Brentford,Liverpool,1.69518,3.08952,0.13,0.1713,0.6987,15,15,6,8,10,11,7.3636,13.6,2024,2,D,0,3,5,-3,4.7847,-1.39434,0.4,0.533
2024-02-17 15:00:00,2023,0,5,Burnley,Arsenal,0.335143,2.20575,0.0215,0.1051,0.8734,8,16,0,7,2,15,9.2105,22.2353,2024,2,D,0,3,5,-5,2.540893,-1.8706070000000001,0.0,0.438
2024-02-17 15:00:00,2023,1,2,Fulham,Aston Villa,1.41796,1.57297,0.3234,0.2655,0.4111,15,12,4,3,9,2,25.0909,12.5909,2024,2,D,0,3,3,-1,2.99093,-0.15500999999999987,0.267,0.25
2024-02-17 15:00:00,2023,2,2,Newcastle United,Bournemouth,2.38425,2.08098,0.4324,0.2915,0.2761,17,12,5,7,9,3,7.0,6.5294,2024,2,N,1,1,4,0,4.46523,0.3032700000000004,0.294,0.583
2024-02-17 15:00:00,2023,2,0,Nottingham Forest,West Ham,2.66942,0.520016,0.8769,0.0916,0.0315,19,10,8,3,9,3,8.1852,13.8125,2024,2,V,3,0,2,2,3.189436,2.149404,0.421,0.3
2024-02-17 15:00:00,2023,1,2,Tottenham,Wolverhampton Wanderers,1.59768,1.77591,0.3182,0.2596,0.4222,15,12,4,7,19,5,15.3684,4.9643,2024,2,D,0,3,3,-1,3.37359,-0.1782300000000001,0.267,0.583
2024-02-17 17:30:00,2023,1,1,Manchester City,Chelsea,2.77713,1.82903,0.5909,0.1949,0.2142,32,9,5,6,29,9,17.5294,7.375,2024,2,N,1,1,2,0,4.60616,0.9481000000000002,0.156,0.667
2024-02-18 14:00:00,2023,0,5,Sheffield United,Brighton,0.586214,3.35549,0.012,0.0482,0.9398,6,24,1,10,3,15,5.9412,24.328687499999997,2024,2,D,0,3,5,-5,3.941704,-2.769276,0.167,0.417
2024-02-18 16:30:00,2023,1,2,Luton,Manchester United,1.57234,3.58973,0.0801,0.1195,0.8004,22,21,4,9,11,9,8.5172,11.0526,2024,2,D,0,3,3,-1,5.16207,-2.01739,0.182,0.429
2024-02-19 20:00:00,2023,1,1,Everton,Crystal Palace,2.44588,0.734685,0.8065,0.1381,0.0554,19,10,4,4,7,5,21.0,5.6667,2024,2,N,1,1,2,0,3.1805649999999996,1.7111949999999998,0.211,0.4
2024-02-20 18:30:00,2023,1,0,Manchester City,Brentford,2.53766,0.503799,0.845,0.1154,0.0396,25,6,11,2,19,1,17.5455,12.3571,2024,2,V,3,0,1,1,3.0414589999999997,2.033861,0.44,0.333
2024-02-21 15:00:00,2023,4,1,Liverpool,Luton,3.70302,0.956512,0.8961,0.0729,0.031,29,12,13,3,16,4,12.3,4.8,2024,2,V,3,0,5,3,4.6595320000000005,2.746508,0.448,0.25
2024-02-24 15:00:00,2023,4,2,Aston Villa,Nottingham Forest,3.48861,2.25569,0.6676,0.188,0.1444,16,10,6,3,16,7,13.12,15.2667,2024,2,V,3,0,6,2,5.7443,1.23292,0.375,0.3
2024-02-24 15:00:00,2023,1,1,Brighton,Everton,1.6538,0.286655,0.7466,0.2016,0.0518,23,6,7,3,9,4,17.0,8.2222,2024,2,N,1,1,2,0,1.940455,1.3671449999999998,0.304,0.5
2024-02-24 15:00:00,2023,3,0,Crystal Palace,Burnley,2.41612,0.0760216,0.9557,0.042,0.0023,15,2,6,0,8,0,16.2143,8.3913,2024,2,V,3,0,3,3,2.4921415999999996,2.3400984,0.4,0.0
2024-02-24 15:00:00,2023,1,2,Manchester United,Fulham,1.96036,1.1385,0.5948,0.2309,0.1743,21,17,9,5,11,11,16.5625,10.7273,2024,2,D,0,3,3,-1,3.09886,0.82186,0.429,0.294
2024-02-24 17:30:00,2023,0,1,Bournemouth,Manchester City,0.925889,1.79636,0.1377,0.2393,0.623,13,15,4,6,8,13,13.5,10.7857,2024,2,D,0,3,1,-1,2.7222489999999997,-0.870471,0.308,0.4
2024-02-24 20:00:00,2023,4,1,Arsenal,Newcastle United,2.59336,0.217373,0.933,0.0583,0.0087,18,3,8,2,17,4,26.7,9.0968,2024,2,V,3,0,5,3,2.810733,2.3759870000000003,0.444,0.667
2024-02-25 13:30:00,2023,1,0,Wolverhampton Wanderers,Sheffield United,1.21618,0.654342,0.5154,0.3025,0.1821,13,12,2,4,7,5,26.2667,16.0909,2024,2,V,3,0,1,1,1.870522,0.5618380000000001,0.154,0.333
2024-02-26 20:00:00,2023,4,2,West Ham,Brentford,2.06873,1.33683,0.5759,0.2315,0.1926,17,14,6,8,5,11,6.4615,14.3,2024,2,V,3,0,6,2,3.40556,0.7319,0.353,0.571
2024-03-02 15:00:00,2023,2,2,Brentford,Chelsea,2.4732,2.1523,0.4418,0.2411,0.3171,14,17,5,6,3,9,5.8095,13.4815,2024,3,N,1,1,4,0,4.6255,0.32089999999999996,0.357,0.353
2024-03-02 15:00:00,2023,1,3,Everton,West Ham,3.12075,2.17948,0.6041,0.2042,0.1917,22,12,11,5,9,4,21.3571,10.6842,2024,3,D,0,3,4,-2,5.30023,0.9412700000000003,0.5,0.417
2024-03-02 15:00:00,2023,3,0,Fulham,Brighton,1.37604,1.15198,0.4214,0.2805,0.2981,12,15,5,5,3,15,6.1538,19.9091,2024,3,V,3,0,3,3,2.5280199999999997,0.22405999999999993,0.417,0.333
2024-03-02 15:00:00,2023,3,0,Newcastle United,Wolverhampton Wanderers,3.33495,0.507769,0.9528,0.0375,0.0097,14,12,7,3,8,5,14.7222,10.6774,2024,3,V,3,0,3,3,3.842719,2.827181,0.5,0.25
2024-03-02 15:00:00,2023,0,1,Nottingham Forest,Liverpool,0.971466,1.32259,0.267,0.2868,0.4462,8,22,2,2,7,12,4.76,22.0625,2024,3,D,0,3,1,-1,2.294056,-0.3511239999999999,0.25,0.091
2024-03-02 15:00:00,2023,3,1,Tottenham,Crystal Palace,2.6625,0.277887,0.9285,0.0622,0.0093,14,4,6,1,16,2,27.855400000000003,4.9,2024,3,V,3,0,4,2,2.9403870000000003,2.384613,0.429,0.25
2024-03-02 17:30:00,2023,2,3,Luton,Aston Villa,2.43312,2.08586,0.4648,0.2474,0.2878,13,12,5,8,3,6,11.2,13.6667,2024,3,D,0,3,5,-1,4.51898,0.34726000000000035,0.385,0.667
2024-03-03 13:00:00,2023,0,2,Burnley,Bournemouth,1.60461,1.43616,0.4202,0.2635,0.3163,20,10,6,3,9,6,13.5417,4.3529,2024,3,D,0,3,2,-2,3.04077,0.16845,0.3,0.3
2024-03-03 15:30:00,2023,3,1,Manchester City,Manchester United,2.64173,0.153764,0.9375,0.0569,0.0056,27,2,8,1,26,1,18.1765,10.0588,2024,3,V,3,0,4,2,2.7954939999999997,2.487966,0.296,0.5
2024-03-04 20:00:00,2023,0,6,Sheffield United,Arsenal,0.201374,2.47294,0.0132,0.089,0.8978,4,22,0,10,2,22,12.2222,24.328687499999997,2024,3,D,0,3,6,-6,2.674314,-2.271566,0.0,0.455
2024-03-09 12:30:00,2023,2,0,Manchester United,Everton,2.9016,1.8214,0.6539,0.188,0.1581,15,23,8,6,7,13,15.4,15.4286,2024,3,V,3,0,2,2,4.723,1.0802000000000003,0.533,0.261
2024-03-09 15:00:00,2023,2,2,Bournemouth,Sheffield United,3.92657,1.91752,0.7827,0.1317,0.0856,32,13,12,9,15,2,18.9091,4.9048,2024,3,N,1,1,4,0,5.84409,2.0090500000000002,0.375,0.692
2024-03-09 15:00:00,2023,1,1,Crystal Palace,Luton,3.25103,1.08531,0.8485,0.1087,0.0428,21,8,4,2,9,3,15.1333,7.3871,2024,3,N,1,1,2,0,4.33634,2.1657200000000003,0.19,0.25
2024-03-09 15:00:00,2023,2,1,Wolverhampton Wanderers,Fulham,1.29589,2.94155,0.0956,0.1555,0.7489,8,23,3,6,9,15,14.5,18.7647,2024,3,V,3,0,3,1,4.237439999999999,-1.64566,0.375,0.261
2024-03-09 17:30:00,2023,2,1,Arsenal,Brentford,1.59369,0.733239,0.5916,0.262,0.1464,17,9,6,4,20,3,14.6,8.3,2024,3,V,3,0,3,1,2.326929,0.8604510000000001,0.353,0.444
2024-03-10 13:00:00,2023,0,4,Aston Villa,Tottenham,1.23267,2.25381,0.1441,0.2079,0.648,10,9,1,5,3,9,4.2558,20.7727,2024,3,D,0,3,4,-4,3.4864800000000002,-1.0211400000000002,0.1,0.556
2024-03-10 14:00:00,2023,1,0,Brighton,Nottingham Forest,0.534518,0.687034,0.2326,0.4127,0.3547,10,9,3,4,1,3,27.6471,16.2143,2024,3,V,3,0,1,1,1.221552,-0.15251599999999998,0.3,0.444
2024-03-10 14:00:00,2023,2,2,West Ham,Burnley,1.87414,0.88131,0.617,0.2337,0.1493,22,11,4,4,7,10,7.4194,8.5833,2024,3,N,1,1,4,0,2.7554499999999997,0.9928299999999999,0.182,0.364
2024-03-10 15:45:00,2023,1,1,Liverpool,Manchester City,2.25492,1.37289,0.5862,0.2435,0.1703,19,10,6,6,9,5,14.8261,8.9063,2024,3,N,1,1,2,0,3.6278099999999998,0.8820299999999999,0.316,0.6
2024-03-11 20:00:00,2023,3,2,Chelsea,Newcastle United,1.78315,0.568435,0.7549,0.1839,0.0612,12,11,8,3,4,8,13.5789,12.8261,2024,3,V,3,0,5,1,2.351585,1.214715,0.667,0.273
2024-03-13 19:30:00,2023,4,3,Bournemouth,Luton,2.84403,2.79419,0.3874,0.23,0.3826,24,8,10,4,7,1,9.125,7.95,2024,3,V,3,0,7,1,5.6382200000000005,0.049840000000000106,0.417,0.5
2024-03-16 15:00:00,2023,2,1,Burnley,Brentford,2.69776,1.25123,0.7332,0.1712,0.0956,17,9,6,5,12,8,5.8846,6.5714,2024,3,V,3,0,3,1,3.9489900000000002,1.44653,0.353,0.556
2024-03-16 15:00:00,2023,1,1,Luton,Nottingham Forest,0.853782,1.95268,0.1236,0.2202,0.6562,10,16,4,6,6,6,8.8889,7.8571,2024,3,N,1,1,2,0,2.806462,-1.098898,0.4,0.375
2024-03-16 17:30:00,2023,3,0,Fulham,Tottenham,2.47234,2.14564,0.4497,0.2511,0.2992,16,14,7,5,12,14,10.15,10.7931,2024,3,V,3,0,3,3,4.61798,0.32669999999999977,0.438,0.357
2024-03-17 14:00:00,2023,1,1,West Ham,Aston Villa,1.32829,0.911274,0.4612,0.3004,0.2384,13,13,5,5,7,17,6.7895,11.8519,2024,3,N,1,1,2,0,2.239564,0.41701599999999994,0.385,0.385
2024-03-30 12:30:00,2023,4,3,Newcastle United,West Ham,3.80922,0.994584,0.9141,0.0607,0.0252,24,9,9,4,16,3,13.0526,6.7917,2024,3,V,3,0,7,1,4.8038039999999995,2.8146359999999997,0.375,0.444
2024-03-30 15:00:00,2023,2,1,Bournemouth,Everton,1.39268,0.93378,0.4836,0.3187,0.1977,11,7,4,3,6,11,8.5789,6.5909,2024,3,V,3,0,3,1,2.32646,0.45889999999999986,0.364,0.429
2024-03-30 15:00:00,2023,2,2,Chelsea,Burnley,4.46643,2.10422,0.8334,0.0971,0.0695,33,18,13,7,24,9,24.8462,9.5385,2024,3,N,1,1,4,0,6.5706500000000005,2.3622099999999997,0.394,0.389
2024-03-30 15:00:00,2023,1,1,Nottingham Forest,Crystal Palace,0.784652,0.900972,0.2849,0.3583,0.3568,12,10,5,3,3,3,12.8182,9.55,2024,3,N,1,1,2,0,1.685624,-0.11631999999999998,0.417,0.3
2024-03-30 15:00:00,2023,3,3,Sheffield United,Fulham,1.78824,1.10254,0.5659,0.2465,0.1876,8,24,4,9,4,10,7.0,18.8235,2024,3,N,1,1,6,0,2.8907800000000003,0.6857,0.5,0.375
2024-03-30 15:00:00,2023,2,1,Tottenham,Luton,2.46523,0.402402,0.8853,0.093,0.0217,17,7,4,3,22,3,14.4348,4.1935,2024,3,V,3,0,3,1,2.867632,2.062828,0.235,0.429
2024-03-30 17:30:00,2023,2,0,Aston Villa,Wolverhampton Wanderers,1.28271,1.66232,0.2681,0.2583,0.4736,11,13,5,3,5,5,7.6667,14.15,2024,3,V,3,0,2,2,2.94503,-0.37961,0.455,0.231
2024-03-30 20:00:00,2023,1,1,Brentford,Manchester United,3.16487,0.989565,0.8271,0.1192,0.0537,31,11,5,5,21,7,7.2,13.1875,2024,3,N,1,1,2,0,4.154435,2.175305,0.161,0.455
2024-03-31 14:00:00,2023,2,1,Liverpool,Brighton,3.21149,0.43922,0.9248,0.06,0.0152,30,9,8,3,24,6,18.625,8.9412,2024,3,V,3,0,3,1,3.65071,2.77227,0.267,0.333
2024-03-31 16:30:00,2023,0,0,Manchester City,Arsenal,1.22009,0.511402,0.5957,0.2805,0.1238,12,6,1,2,6,7,11.7586,6.087,2024,3,N,1,1,0,0,1.7314919999999998,0.7086879999999999,0.083,0.333
2024-04-02 18:30:00,2023,3,1,Nottingham Forest,Fulham,1.94619,1.04304,0.6133,0.215,0.1717,16,17,4,3,6,8,8.8,24.328687499999997,2024,4,V,3,0,4,2,2.98923,0.9031500000000001,0.25,0.176
2024-04-02 18:30:00,2023,1,1,Newcastle United,Everton,2.65009,1.69834,0.6098,0.2173,0.1729,17,10,6,3,11,6,14.25,10.7647,2024,4,N,1,1,2,0,4.3484300000000005,0.9517500000000001,0.353,0.3
2024-04-02 18:45:00,2023,1,0,Bournemouth,Crystal Palace,1.30969,0.174389,0.7183,0.2403,0.0414,11,3,6,2,4,6,8.2857,8.5385,2024,4,V,3,0,1,1,1.484079,1.1353010000000001,0.545,0.667
2024-04-02 18:45:00,2023,1,1,Burnley,Wolverhampton Wanderers,1.12581,1.01021,0.3791,0.3116,0.3093,13,8,6,2,11,4,14.4,8.8,2024,4,N,1,1,2,0,2.1360200000000003,0.11559999999999993,0.462,0.25
2024-04-02 19:15:00,2023,1,1,West Ham,Tottenham,1.47017,1.39423,0.3691,0.3037,0.3272,11,13,4,4,4,22,5.6429,14.25,2024,4,N,1,1,2,0,2.8644,0.0759399999999999,0.364,0.308
2024-04-03 18:30:00,2023,2,0,Arsenal,Luton,1.14384,0.292082,0.6149,0.301,0.0841,13,5,4,1,14,3,23.5294,10.7083,2024,4,V,3,0,2,2,1.435922,0.851758,0.308,0.2
2024-04-03 18:30:00,2023,0,0,Brentford,Brighton,0.423299,1.22404,0.1184,0.2938,0.5878,5,24,2,6,8,8,6.7308,16.1667,2024,4,N,1,1,0,0,1.647339,-0.800741,0.4,0.25
2024-04-03 19:15:00,2023,4,1,Manchester City,Aston Villa,3.87704,1.18643,0.8896,0.0723,0.0381,25,8,11,3,26,4,21.7857,7.1667,2024,4,V,3,0,5,3,5.063470000000001,2.69061,0.44,0.375
2024-04-04 18:30:00,2023,3,1,Liverpool,Sheffield United,2.51772,0.720948,0.7969,0.151,0.0521,29,5,9,3,18,2,26.4,2.5652,2024,4,V,3,0,4,2,3.238668,1.7967720000000003,0.31,0.6
2024-04-04 19:15:00,2023,4,3,Chelsea,Manchester United,3.48048,1.56686,0.7877,0.1251,0.0872,28,19,10,5,15,7,12.72,12.2941,2024,4,V,3,0,7,1,5.04734,1.91362,0.357,0.263
2024-04-06 11:30:00,2023,2,4,Crystal Palace,Manchester City,1.49472,2.26381,0.211,0.2307,0.5583,7,18,4,8,2,20,13.1667,20.3684,2024,4,D,0,3,6,-2,3.75853,-0.7690899999999998,0.571,0.444
2024-04-06 14:00:00,2023,3,3,Aston Villa,Brentford,1.16333,1.42064,0.2673,0.2872,0.4455,11,8,3,3,6,3,16.5,6.7368,2024,4,N,1,1,6,0,2.58397,-0.2573099999999999,0.273,0.375
2024-04-06 14:00:00,2023,1,0,Everton,Burnley,0.659844,0.34699,0.3827,0.4499,0.1674,12,6,3,1,9,6,7.1579,8.9714,2024,4,V,3,0,1,1,1.006834,0.31285399999999997,0.25,0.167
2024-04-06 14:00:00,2023,0,1,Fulham,Newcastle United,0.834564,1.18012,0.2389,0.3084,0.4527,14,12,4,5,11,7,13.3478,5.76,2024,4,D,0,3,1,-1,2.014684,-0.3455560000000001,0.286,0.417
2024-04-06 14:00:00,2023,2,1,Luton,Bournemouth,1.30478,0.616108,0.5559,0.2877,0.1564,19,8,9,1,7,5,4.8485,5.6296,2024,4,V,3,0,3,1,1.9208880000000002,0.6886720000000001,0.474,0.125
2024-04-06 14:00:00,2023,1,2,Wolverhampton Wanderers,West Ham,1.78341,1.14133,0.5558,0.2917,0.1525,14,11,7,4,12,3,11.4545,8.76,2024,4,D,0,3,3,-1,2.92474,0.64208,0.5,0.364
2024-04-06 16:30:00,2023,0,3,Brighton,Arsenal,0.428514,4.16518,0.004,0.0185,0.9775,10,20,2,7,6,18,15.6667,9.087,2024,4,D,0,3,3,-3,4.593694,-3.7366660000000005,0.2,0.35
2024-04-07 14:30:00,2023,2,2,Manchester United,Liverpool,0.814509,4.43457,0.007,0.0309,0.9621,9,28,5,7,6,21,7.84,14.2,2024,4,N,1,1,4,0,5.249079,-3.6200609999999998,0.556,0.25
2024-04-07 16:30:00,2023,2,2,Sheffield United,Chelsea,1.74265,0.521789,0.7207,0.2028,0.0765,11,6,6,3,6,6,7.5714,20.6087,2024,4,N,1,1,4,0,2.264439,1.2208610000000002,0.545,0.5
2024-04-07 19:00:00,2023,3,1,Tottenham,Nottingham Forest,1.61978,2.00122,0.2404,0.2793,0.4803,17,13,7,6,17,3,18.0588,8.44,2024,4,V,3,0,4,2,3.621,-0.38144,0.412,0.462
2024-04-13 11:30:00,2023,4,0,Newcastle United,Tottenham,3.1483,0.737596,0.8841,0.0843,0.0316,18,11,5,2,8,6,3.2174,9.1923,2024,4,V,3,0,4,4,3.885896,2.410704,0.278,0.182
2024-04-13 14:00:00,2023,2,0,Brentford,Sheffield United,1.09071,0.834498,0.4097,0.3275,0.2628,9,8,5,2,5,6,12.75,7.95,2024,4,V,3,0,2,2,1.925208,0.2562120000000001,0.556,0.25
2024-04-13 14:00:00,2023,1,1,Burnley,Brighton,1.8522,0.889445,0.6483,0.2124,0.1393,11,20,3,8,8,9,15.4706,12.0667,2024,4,N,1,1,2,0,2.741645,0.962755,0.273,0.4
2024-04-13 14:00:00,2023,5,1,Manchester City,Luton,4.64245,0.809775,0.9687,0.0253,0.006,37,4,13,2,37,2,27.855400000000003,6.6296,2024,4,V,3,0,6,4,5.452225,3.832675,0.351,0.5
2024-04-13 14:00:00,2023,2,2,Nottingham Forest,Wolverhampton Wanderers,1.76244,1.45688,0.4299,0.2841,0.286,18,11,9,4,6,3,13.0,11.9,2024,4,N,1,1,4,0,3.2193199999999997,0.30556000000000005,0.5,0.364
2024-04-13 16:30:00,2023,2,2,Bournemouth,Manchester United,2.38519,1.52274,0.5851,0.2409,0.174,20,8,5,2,12,8,10.8125,13.381,2024,4,N,1,1,4,0,3.9079300000000003,0.8624500000000002,0.25,0.25
2024-04-14 13:00:00,2023,0,1,Liverpool,Crystal Palace,3.04497,2.12879,0.586,0.205,0.209,21,8,6,5,11,6,26.0667,5.75,2024,4,D,0,3,1,-1,5.17376,0.9161800000000002,0.286,0.625
2024-04-14 13:00:00,2023,0,2,West Ham,Fulham,1.45307,3.61413,0.0551,0.1047,0.8402,15,18,4,10,3,10,13.3182,13.9412,2024,4,D,0,3,2,-2,5.0672,-2.16106,0.267,0.556
2024-04-14 15:30:00,2023,0,2,Arsenal,Aston Villa,1.89003,0.929049,0.6312,0.2246,0.1442,18,11,4,2,17,2,15.2857,8.8929,2024,4,D,0,3,2,-2,2.8190790000000003,0.9609810000000001,0.222,0.182
2024-04-15 19:00:00,2023,6,0,Chelsea,Everton,3.37093,1.21791,0.8957,0.0806,0.0237,14,10,10,2,8,5,10.3684,13.7857,2024,4,V,3,0,6,6,4.58884,2.1530199999999997,0.714,0.2
2024-04-20 14:00:00,2023,1,5,Luton,Brentford,0.497799,3.7809,0.0056,0.0305,0.9639,6,21,3,9,6,13,7.4615,11.125,2024,4,D,0,3,6,-4,4.278699,-3.283101,0.5,0.429
2024-04-20 14:00:00,2023,1,4,Sheffield United,Burnley,1.97816,2.42338,0.2848,0.2176,0.4976,18,16,11,9,9,6,12.9474,12.6364,2024,4,D,0,3,5,-3,4.40154,-0.44521999999999995,0.611,0.562
2024-04-20 18:30:00,2023,0,2,Wolverhampton Wanderers,Arsenal,0.164516,1.66179,0.0263,0.1824,0.7913,5,24,3,9,2,20,13.6522,15.6111,2024,4,D,0,3,2,-2,1.8263060000000002,-1.497274,0.6,0.375
2024-04-21 12:30:00,2023,2,0,Everton,Nottingham Forest,0.473233,1.18916,0.1131,0.289,0.5979,7,8,4,3,0,7,15.4286,15.6364,2024,4,V,3,0,2,2,1.662393,-0.715927,0.571,0.375
2024-04-21 14:00:00,2023,3,1,Aston Villa,Bournemouth,2.62687,2.05211,0.5185,0.2532,0.2283,14,14,4,6,19,2,12.15,12.25,2024,4,V,3,0,4,2,4.678979999999999,0.5747599999999999,0.286,0.429
2024-04-21 14:00:00,2023,5,2,Crystal Palace,West Ham,3.7185,1.34536,0.8772,0.0909,0.0319,18,4,7,1,12,2,14.7407,9.0741,2024,4,V,3,0,7,3,5.06386,2.3731400000000002,0.389,0.25
2024-04-21 15:30:00,2023,1,3,Fulham,Liverpool,0.83885,1.02445,0.2932,0.3265,0.3803,12,14,5,7,8,9,12.2381,24.328687499999997,2024,4,D,0,3,4,-2,1.8633000000000002,-0.1856000000000001,0.417,0.5
2024-04-23 19:00:00,2023,5,0,Arsenal,Chelsea,3.45858,1.60343,0.7702,0.1394,0.0904,27,7,10,1,18,6,19.7692,13.8571,2024,4,V,3,0,5,5,5.06201,1.85515,0.37,0.143
2024-04-24 18:45:00,2023,0,1,Wolverhampton Wanderers,Bournemouth,0.484454,2.40311,0.0421,0.1264,0.8315,15,21,4,6,7,12,8.4118,8.1875,2024,4,D,0,3,1,-1,2.887564,-1.918656,0.267,0.286
2024-04-24 19:00:00,2023,2,0,Crystal Palace,Newcastle United,1.43661,0.55129,0.6157,0.2628,0.1215,20,7,7,2,6,4,6.8929,8.2647,2024,4,V,3,0,2,2,1.9878999999999998,0.88532,0.35,0.286
2024-04-24 19:00:00,2023,2,0,Everton,Liverpool,1.89111,1.87155,0.3871,0.2422,0.3707,16,23,6,7,6,24,4.5238,21.0556,2024,4,V,3,0,2,2,3.7626600000000003,0.019560000000000022,0.375,0.304
2024-04-24 19:00:00,2023,4,2,Manchester United,Sheffield United,3.51311,1.20517,0.862,0.0946,0.0434,25,10,13,4,14,2,21.8333,6.32,2024,4,V,3,0,6,2,4.71828,2.3079400000000003,0.52,0.4
2024-04-25 19:00:00,2023,0,4,Brighton,Manchester City,0.572021,1.90507,0.0723,0.192,0.7357,7,14,3,6,3,3,19.625,24.328687499999997,2024,4,D,0,3,4,-4,2.477091,-1.333049,0.429,0.429
2024-04-27 11:30:00,2023,2,2,West Ham,Liverpool,0.794025,2.29298,0.0961,0.1784,0.7255,11,28,8,8,5,20,5.2,19.8421,2024,4,N,1,1,4,0,3.087005,-1.498955,0.727,0.286
2024-04-27 14:00:00,2023,1,1,Fulham,Crystal Palace,1.39418,1.05387,0.4601,0.286,0.2539,9,14,2,4,7,7,11.5714,10.25,2024,4,N,1,1,2,0,2.4480500000000003,0.3403099999999999,0.222,0.286
2024-04-27 14:00:00,2023,1,1,Manchester United,Burnley,3.06197,1.89591,0.633,0.1894,0.1776,27,16,10,7,18,9,8.381,14.1765,2024,4,N,1,1,2,0,4.95788,1.16606,0.37,0.438
2024-04-27 14:00:00,2023,5,1,Newcastle United,Sheffield United,2.93477,1.82408,0.6347,0.1843,0.181,20,15,7,5,18,4,14.7,8.2308,2024,4,V,3,0,6,4,4.75885,1.11069,0.35,0.333
2024-04-27 14:00:00,2023,2,1,Wolverhampton Wanderers,Luton,1.49011,0.90435,0.5315,0.2771,0.1914,13,9,5,6,2,6,9.5333,12.05,2024,4,V,3,0,3,1,2.39446,0.5857600000000001,0.385,0.667
2024-04-27 16:30:00,2023,1,0,Everton,Brentford,1.21399,0.956356,0.413,0.3107,0.2763,18,10,1,4,10,8,8.2174,16.6,2024,4,V,3,0,1,1,2.170346,0.2576339999999999,0.056,0.4
2024-04-27 19:00:00,2023,2,2,Aston Villa,Chelsea,0.612257,1.56401,0.1222,0.2418,0.636,9,21,4,5,7,6,4.8065,24.328687499999997,2024,4,N,1,1,4,0,2.176267,-0.9517529999999998,0.444,0.238
2024-04-28 13:00:00,2023,3,0,Bournemouth,Brighton,2.48132,1.35682,0.6621,0.2038,0.1341,15,13,6,1,5,7,5.5217,14.1111,2024,4,V,3,0,3,3,3.83814,1.1245000000000003,0.4,0.077
2024-04-28 13:00:00,2023,2,3,Tottenham,Arsenal,2.60458,1.51469,0.6558,0.2025,0.1417,14,9,2,3,9,7,9.6207,6.3,2024,4,D,0,3,5,-1,4.11927,1.0898899999999998,0.143,0.333
2024-04-28 15:30:00,2023,0,2,Nottingham Forest,Manchester City,2.17312,0.932063,0.7162,0.1854,0.0984,14,11,2,5,6,5,9.3333,24.328687499999997,2024,4,D,0,3,2,-2,3.105183,1.241057,0.143,0.455
2024-05-02 18:30:00,2023,2,0,Chelsea,Tottenham,2.22432,1.27064,0.6141,0.2125,0.1734,16,19,5,3,5,11,6.3214,13.4,2024,5,V,3,0,2,2,3.49496,0.9536800000000001,0.312,0.158
2024-05-03 19:00:00,2023,1,1,Luton,Everton,0.950391,1.22959,0.2417,0.3209,0.4374,18,10,5,3,3,5,7.625,10.7727,2024,5,N,1,1,2,0,2.1799809999999997,-0.279199,0.278,0.3
2024-05-04 11:30:00,2023,3,0,Arsenal,Bournemouth,3.91372,0.4687,0.9654,0.0291,0.0055,24,7,9,2,28,3,11.0588,8.1154,2024,5,V,3,0,3,3,4.38242,3.44502,0.375,0.286
2024-05-04 14:00:00,2023,0,0,Brentford,Fulham,0.809379,1.45579,0.1715,0.2963,0.5322,7,15,3,3,6,3,18.6667,9.2381,2024,5,N,1,1,0,0,2.2651689999999998,-0.646411,0.429,0.2
2024-05-04 14:00:00,2023,1,4,Burnley,Newcastle United,1.28632,4.25643,0.0178,0.0508,0.9314,17,23,5,11,5,18,9.1364,11.8095,2024,5,D,0,3,5,-3,5.54275,-2.97011,0.294,0.478
2024-05-04 14:00:00,2023,1,3,Sheffield United,Nottingham Forest,2.48986,1.93818,0.5059,0.2253,0.2688,17,15,5,4,8,6,16.1176,10.6667,2024,5,D,0,3,4,-2,4.42804,0.5516800000000002,0.294,0.267
2024-05-04 16:30:00,2023,5,1,Manchester City,Wolverhampton Wanderers,4.52542,0.396887,0.991,0.0079,0.0011,20,2,12,1,19,1,13.16,13.9545,2024,5,V,3,0,6,4,4.922307,4.128533000000001,0.6,0.5
2024-05-05 13:00:00,2023,1,0,Brighton,Aston Villa,2.63566,0.0644055,0.9753,0.0239,0.0008,15,2,8,1,4,3,17.5789,10.5517,2024,5,V,3,0,1,1,2.7000655,2.5712545,0.533,0.5
2024-05-05 13:00:00,2023,5,0,Chelsea,West Ham,4.21838,0.893899,0.9432,0.0394,0.0174,25,13,14,2,10,4,20.5217,6.72,2024,5,V,3,0,5,5,5.112279,3.3244809999999996,0.56,0.154
2024-05-05 15:30:00,2023,4,2,Liverpool,Tottenham,3.26222,1.17205,0.8315,0.1185,0.05,25,11,13,6,22,9,8.3704,13.1739,2024,5,V,3,0,6,2,4.43427,2.09017,0.52,0.545
2024-05-06 19:00:00,2023,4,0,Crystal Palace,Manchester United,2.0656,0.341417,0.8297,0.137,0.0333,18,7,10,2,12,4,11.65,16.75,2024,5,V,3,0,4,4,2.4070169999999997,1.7241829999999998,0.556,0.286
2024-05-11 11:30:00,2023,0,4,Fulham,Manchester City,0.0886245,3.15218,0.001,0.0222,0.9768,1,16,1,9,1,13,17.8235,24.328687499999997,2024,5,D,0,3,4,-4,3.2408045,-3.0635555,1.0,0.562
2024-05-11 14:00:00,2023,1,2,Bournemouth,Brentford,1.07237,1.92722,0.1659,0.2389,0.5952,13,11,4,5,11,11,5.3043,8.0,2024,5,D,0,3,3,-1,2.99959,-0.8548499999999999,0.308,0.455
2024-05-11 14:00:00,2023,1,0,Everton,Sheffield United,1.82411,0.465523,0.765,0.1746,0.0604,15,13,6,1,9,4,14.2353,10.2857,2024,5,V,3,0,1,1,2.289633,1.358587,0.4,0.077
2024-05-11 14:00:00,2023,1,1,Newcastle United,Brighton,2.45163,1.91556,0.4998,0.2298,0.2704,18,15,7,4,12,7,12.9583,13.3889,2024,5,N,1,1,2,0,4.36719,0.5360700000000003,0.389,0.267
2024-05-11 14:00:00,2023,2,1,Tottenham,Burnley,3.00238,0.950331,0.8361,0.1169,0.047,21,7,9,3,12,2,14.4211,8.2083,2024,5,V,3,0,3,1,3.952711,2.0520490000000002,0.429,0.429
2024-05-11 14:00:00,2023,3,1,West Ham,Luton,3.71009,0.640456,0.9567,0.0361,0.0072,24,4,8,1,8,5,9.7407,9.5789,2024,5,V,3,0,4,2,4.3505460000000005,3.069634,0.333,0.25
2024-05-11 14:00:00,2023,1,3,Wolverhampton Wanderers,Crystal Palace,1.1561,2.51452,0.0949,0.1802,0.7249,13,13,7,3,5,9,12.2222,5.7333,2024,5,D,0,3,4,-2,3.67062,-1.3584200000000002,0.538,0.231
2024-05-11 16:30:00,2023,2,3,Nottingham Forest,Chelsea,2.44569,2.41068,0.3917,0.2374,0.3709,20,12,4,5,8,14,6.65,17.0435,2024,5,D,0,3,5,-1,4.85637,0.035009999999999764,0.2,0.417
2024-05-12 15:30:00,2023,0,1,Manchester United,Arsenal,0.551669,1.73104,0.0616,0.1941,0.7443,14,11,2,5,4,13,9.25,19.0,2024,5,D,0,3,1,-1,2.2827089999999997,-1.179371,0.143,0.455
2024-05-13 19:00:00,2023,3,3,Aston Villa,Liverpool,2.71655,1.89968,0.5746,0.2272,0.1982,19,14,5,7,14,7,7.375,14.875,2024,5,N,1,1,6,0,4.61623,0.8168699999999998,0.263,0.5
2024-05-14 19:00:00,2023,0,2,Tottenham,Manchester City,1.84285,2.70331,0.169,0.2244,0.6066,10,8,5,5,5,6,13.4643,11.3571,2024,5,D,0,3,2,-2,4.54616,-0.86046,0.5,0.625
2024-05-15 18:45:00,2023,1,2,Brighton,Chelsea,1.32423,1.544,0.2978,0.2856,0.4166,11,13,2,6,11,10,17.5556,15.381,2024,5,D,0,3,3,-1,2.86823,-0.21977000000000002,0.182,0.462
2024-05-15 19:00:00,2023,3,2,Manchester United,Newcastle United,1.49706,2.27657,0.2182,0.2203,0.5615,17,21,8,8,11,6,15.7273,9.3333,2024,5,V,3,0,5,1,3.77363,-0.7795099999999999,0.471,0.381
2024-05-19 15:00:00,2023,2,1,Arsenal,Everton,3.2117,0.664904,0.9199,0.0673,0.0128,26,5,5,2,16,3,27.855400000000003,8.1667,2024,5,V,3,0,3,1,3.876604,2.546796,0.192,0.4
2024-05-19 15:00:00,2023,2,4,Brentford,Newcastle United,1.70157,3.65044,0.0766,0.1234,0.8,10,12,5,7,5,12,11.1739,7.5909,2024,5,D,0,3,6,-2,5.35201,-1.94887,0.5,0.583
2024-05-19 15:00:00,2023,0,2,Brighton,Manchester United,1.9717,1.00404,0.6239,0.2248,0.1513,17,11,3,4,10,6,18.5556,9.2333,2024,5,D,0,3,2,-2,2.97574,0.96766,0.176,0.364
2024-05-19 15:00:00,2023,1,2,Burnley,Nottingham Forest,1.08222,1.57962,0.2347,0.2662,0.4991,20,12,3,6,7,5,27.855400000000003,10.6364,2024,5,D,0,3,3,-1,2.6618399999999998,-0.49740000000000006,0.15,0.5
2024-05-19 15:00:00,2023,2,1,Chelsea,Bournemouth,1.59771,2.002,0.2743,0.2387,0.487,16,22,6,5,8,10,9.1892,9.9375,2024,5,V,3,0,3,1,3.59971,-0.4042899999999998,0.375,0.227
2024-05-19 15:00:00,2023,5,0,Crystal Palace,Aston Villa,2.23189,0.598846,0.7913,0.1508,0.0579,15,8,9,2,11,0,27.855400000000003,14.4783,2024,5,V,3,0,5,5,2.830736,1.633044,0.6,0.25
2024-05-19 15:00:00,2023,2,0,Liverpool,Wolverhampton Wanderers,5.65937,0.731254,0.9939,0.0057,0.0004,36,4,14,3,22,1,16.6,5.0968,2024,5,V,3,0,2,2,6.390624,4.928116,0.389,0.75
2024-05-19 15:00:00,2023,2,4,Luton,Fulham,2.06743,1.11598,0.6273,0.2206,0.1521,15,15,6,7,4,5,10.5,13.8947,2024,5,D,0,3,6,-2,3.18341,0.9514499999999999,0.4,0.467
2024-05-19 15:00:00,2023,3,1,Manchester City,West Ham,2.31504,0.240159,0.8797,0.1018,0.0185,28,3,12,2,16,0,27.855400000000003,8.0,2024,5,V,3,0,4,2,2.555199,2.0748810000000004,0.429,0.667
2024-05-19 15:00:00,2023,0,3,Sheffield United,Tottenham,0.697312,3.19675,0.0151,0.0617,0.9232,6,18,1,9,2,14,4.9565,24.328687499999997,2024,5,D,0,3,3,-3,3.8940620000000004,-2.499438,0.167,0.5
